,0,1,2,3,4,5,6,7,8,9,10,11,12,13,14,15,16,17,18,19,20,21,22,23,24,25,26,27,28,29,30,31,32,33,34,35,36,37,38,39,40,41,42,43,44,45,46,47,48,49,50,51,52,53,54,55,56,57,58,59,60,61,62,63,64,65,66,67,68,69,70,71,72,73,74,75,76,77,78,79,80,81,82,83,84,85,86,87,88,89,90
0,92.0,42.0,47.0,48.0,50.0,33.0,31.0,30.0,23.0,39.0,56.0,18.0,77.0,0.0,0.0,0.0,0.0,0.0,0.0,0.0,0.0,0.0,0.0,0.0,0.0,0.0,0.0,0.0,0.0,0.0,0.0,0.0,0.0,0.0,0.0,0.0,0.0,0.0,0.0,0.0,0.0,0.0,0.0,0.0,0.0,0.0,0.0,0.0,0.0,0.0,0.0,0.0,4.83333,4.67742,4.83333,4.67742,4.83333,12.42393,50.22099,51.89503,50.22099,51.89503,46.87293,43.52486,24.0914,0.0,0.0,0.0,0.0,0.0,0.0,0.0,0.0,0.0,0.0,0.0,0.0,0.0,13.0,37.0,108.0,93.0,21.0,68.0,13.0,131.0,12.0,150.0,12.0,53.0,3.0
1,77.0,92.0,42.0,47.0,48.0,50.0,33.0,31.0,30.0,23.0,39.0,56.0,83.0,0.0,0.0,0.0,0.0,0.0,0.0,0.0,0.0,0.0,0.0,0.0,0.0,0.0,0.0,0.0,0.0,0.0,0.0,0.0,0.0,0.0,0.0,0.0,0.0,0.0,0.0,0.0,0.0,0.0,0.0,0.0,0.0,0.0,0.0,0.0,0.0,0.0,0.0,0.0,24.0914,4.83333,4.67742,4.83333,4.67742,4.83333,12.42393,50.22099,51.89503,50.22099,51.89503,46.87293,27.0,0.0,0.0,0.0,0.0,0.0,0.0,0.0,0.0,0.0,0.0,0.0,0.0,0.0,3.0,13.0,37.0,108.0,93.0,21.0,68.0,13.0,131.0,12.0,150.0,12.0,205.0
2,83.0,77.0,92.0,42.0,47.0,48.0,50.0,33.0,31.0,30.0,23.0,39.0,68.0,0.0,0.0,0.0,0.0,0.0,0.0,0.0,0.0,0.0,0.0,0.0,0.0,0.0,0.0,0.0,0.0,0.0,0.0,0.0,0.0,0.0,0.0,0.0,0.0,0.0,0.0,0.0,0.0,0.0,0.0,0.0,0.0,0.0,0.0,0.0,0.0,0.0,0.0,0.0,27.0,24.0914,4.83333,4.67742,4.83333,4.67742,4.83333,12.42393,50.22099,51.89503,50.22099,51.89503,30.0,0.0,0.0,0.0,0.0,0.0,0.0,0.0,0.0,0.0,0.0,0.0,0.0,0.0,205.0,3.0,13.0,37.0,108.0,93.0,21.0,68.0,13.0,131.0,12.0,150.0,740.0
3,68.0,83.0,77.0,92.0,42.0,47.0,48.0,50.0,33.0,31.0,30.0,23.0,59.0,0.0,0.0,0.0,0.0,0.0,0.0,0.0,0.0,0.0,0.0,0.0,0.0,0.0,0.0,0.0,0.0,0.0,0.0,0.0,0.0,0.0,0.0,0.0,0.0,0.0,0.0,0.0,0.0,0.0,0.0,0.0,0.0,0.0,0.0,0.0,0.0,0.0,0.0,0.0,30.0,27.0,24.0914,4.83333,4.67742,4.83333,4.67742,4.83333,12.42393,50.22099,51.89503,50.22099,29.0,0.0,0.0,0.0,0.0,0.0,0.0,0.0,0.0,0.0,0.0,0.0,0.0,0.0,740.0,205.0,3.0,13.0,37.0,108.0,93.0,21.0,68.0,13.0,131.0,12.0,291.0
4,59.0,68.0,83.0,77.0,92.0,42.0,47.0,48.0,50.0,33.0,31.0,30.0,59.0,0.0,0.0,0.0,0.0,0.0,0.0,0.0,0.0,0.0,0.0,0.0,0.0,0.0,0.0,0.0,0.0,0.0,0.0,0.0,0.0,0.0,0.0,0.0,0.0,0.0,0.0,0.0,0.0,0.0,0.0,0.0,0.0,0.0,0.0,0.0,0.0,0.0,0.0,0.0,29.0,30.0,27.0,24.0914,4.83333,4.67742,4.83333,4.67742,4.83333,12.42393,50.22099,51.89503,30.0,0.0,0.0,0.0,0.0,0.0,0.0,0.0,0.0,0.0,0.0,0.0,0.0,0.0,291.0,740.0,205.0,3.0,13.0,37.0,108.0,93.0,21.0,68.0,13.0,131.0,678.0
5,59.0,59.0,68.0,83.0,77.0,92.0,42.0,47.0,48.0,50.0,33.0,31.0,57.0,0.0,0.0,0.0,0.0,0.0,0.0,0.0,0.0,0.0,0.0,0.0,0.0,0.0,0.0,0.0,0.0,0.0,0.0,0.0,0.0,0.0,0.0,0.0,0.0,0.0,0.0,0.0,0.0,0.0,0.0,0.0,0.0,0.0,0.0,0.0,0.0,0.0,0.0,0.0,30.0,29.0,30.0,27.0,24.0914,4.83333,4.67742,4.83333,4.67742,4.83333,12.42393,50.22099,29.0,0.0,0.0,0.0,0.0,0.0,0.0,0.0,0.0,0.0,0.0,0.0,0.0,0.0,678.0,291.0,740.0,205.0,3.0,13.0,37.0,108.0,93.0,21.0,68.0,13.0,182.0
6,57.0,59.0,59.0,68.0,83.0,77.0,92.0,42.0,47.0,48.0,50.0,33.0,85.0,0.0,0.0,0.0,0.0,0.0,0.0,0.0,0.0,0.0,0.0,0.0,0.0,0.0,0.0,0.0,0.0,0.0,0.0,0.0,0.0,0.0,0.0,0.0,0.0,0.0,0.0,0.0,0.0,0.0,0.0,0.0,0.0,0.0,0.0,0.0,0.0,0.0,0.0,0.0,29.0,30.0,29.0,30.0,27.0,24.0914,4.83333,4.67742,4.83333,4.67742,4.83333,12.42393,29.0,0.0,0.0,0.0,0.0,0.0,0.0,0.0,0.0,0.0,0.0,0.0,0.0,0.0,182.0,678.0,291.0,740.0,205.0,3.0,13.0,37.0,108.0,93.0,21.0,68.0,72.0
7,85.0,57.0,59.0,59.0,68.0,83.0,77.0,92.0,42.0,47.0,48.0,50.0,88.0,0.0,0.0,0.0,0.0,0.0,0.0,0.0,0.0,0.0,0.0,0.0,0.0,0.0,0.0,0.0,0.0,0.0,0.0,0.0,0.0,0.0,0.0,0.0,0.0,0.0,0.0,0.0,0.0,0.0,0.0,0.0,0.0,0.0,0.0,0.0,0.0,0.0,0.0,0.0,29.0,29.0,30.0,29.0,30.0,27.0,24.0914,4.83333,4.67742,4.83333,4.67742,4.83333,30.0,0.0,0.0,0.0,0.0,0.0,0.0,0.0,0.0,0.0,0.0,0.0,0.0,0.0,72.0,182.0,678.0,291.0,740.0,205.0,3.0,13.0,37.0,108.0,93.0,21.0,16.0
8,88.0,85.0,57.0,59.0,59.0,68.0,83.0,77.0,92.0,42.0,47.0,48.0,89.0,0.0,0.0,0.0,0.0,0.0,0.0,0.0,0.0,0.0,0.0,0.0,0.0,0.0,0.0,0.0,0.0,0.0,0.0,0.0,0.0,0.0,0.0,0.0,0.0,0.0,0.0,0.0,0.0,0.0,0.0,0.0,0.0,0.0,0.0,0.0,0.0,0.0,0.0,0.0,30.0,29.0,29.0,30.0,29.0,30.0,27.0,24.0914,4.83333,4.67742,4.83333,4.67742,29.0,0.0,0.0,0.0,0.0,0.0,0.0,0.0,0.0,0.0,0.0,0.0,0.0,0.0,16.0,72.0,182.0,678.0,291.0,740.0,205.0,3.0,13.0,37.0,108.0,93.0,82.39655
9,89.0,88.0,85.0,57.0,59.0,59.0,68.0,83.0,77.0,92.0,42.0,47.0,81.0,0.0,0.0,0.0,0.0,0.0,0.0,0.0,0.0,0.0,0.0,0.0,0.0,0.0,0.0,0.0,0.0,0.0,0.0,0.0,0.0,0.0,0.0,0.0,0.0,0.0,0.0,0.0,0.0,0.0,0.0,0.0,0.0,0.0,0.0,0.0,0.0,0.0,0.0,0.0,29.0,30.0,29.0,29.0,30.0,29.0,30.0,27.0,24.0914,4.83333,4.67742,4.83333,30.0,0.0,0.0,0.0,0.0,0.0,0.0,0.0,0.0,0.0,0.0,0.0,0.0,0.0,82.39655,16.0,72.0,182.0,678.0,291.0,740.0,205.0,3.0,13.0,37.0,108.0,94.60344999999998
10,81.0,89.0,88.0,85.0,57.0,59.0,59.0,68.0,83.0,77.0,92.0,42.0,74.0,0.0,0.0,0.0,0.0,0.0,0.0,0.0,0.0,0.0,0.0,0.0,0.0,0.0,0.0,0.0,0.0,0.0,0.0,0.0,0.0,0.0,0.0,0.0,0.0,0.0,0.0,0.0,0.0,0.0,0.0,0.0,0.0,0.0,0.0,0.0,0.0,0.0,0.0,0.0,30.0,29.0,30.0,29.0,29.0,30.0,29.0,30.0,27.0,24.0914,4.83333,4.67742,29.0,0.0,0.0,0.0,0.0,0.0,0.0,0.0,0.0,0.0,0.0,0.0,0.0,0.0,94.60344999999998,82.39655,16.0,72.0,182.0,678.0,291.0,740.0,205.0,3.0,13.0,37.0,117.0
11,74.0,81.0,89.0,88.0,85.0,57.0,59.0,59.0,68.0,83.0,77.0,92.0,66.0,0.0,0.0,0.0,0.0,0.0,0.0,0.0,0.0,0.0,0.0,0.0,0.0,0.0,0.0,0.0,0.0,0.0,0.0,0.0,0.0,0.0,0.0,0.0,0.0,0.0,0.0,0.0,0.0,0.0,0.0,0.0,0.0,0.0,0.0,0.0,0.0,0.0,0.0,0.0,29.0,30.0,29.0,30.0,29.0,29.0,30.0,29.0,30.0,27.0,24.0914,4.83333,28.0,0.0,0.0,0.0,0.0,0.0,0.0,0.0,0.0,0.0,0.0,0.0,0.0,0.0,117.0,94.60344999999998,82.39655,16.0,72.0,182.0,678.0,291.0,740.0,205.0,3.0,13.0,404.0
12,66.0,74.0,81.0,89.0,88.0,85.0,57.0,59.0,59.0,68.0,83.0,77.0,57.0,0.0,0.0,0.0,0.0,0.0,0.0,0.0,0.0,0.0,0.0,0.0,0.0,0.0,0.0,0.0,0.0,0.0,0.0,0.0,0.0,0.0,0.0,0.0,0.0,0.0,0.0,0.0,0.0,0.0,0.0,0.0,0.0,0.0,0.0,0.0,0.0,0.0,0.0,0.0,28.0,29.0,30.0,29.0,30.0,29.0,29.0,30.0,29.0,30.0,27.0,24.0914,20.0,0.0,0.0,0.0,0.0,0.0,0.0,0.0,0.0,0.0,0.0,0.0,0.0,0.0,404.0,117.0,94.60344999999998,82.39655,16.0,72.0,182.0,678.0,291.0,740.0,205.0,3.0,560.0
13,57.0,66.0,74.0,81.0,89.0,88.0,85.0,57.0,59.0,59.0,68.0,83.0,48.0,0.0,0.0,0.0,0.0,0.0,0.0,0.0,0.0,0.0,0.0,0.0,0.0,0.0,0.0,0.0,0.0,0.0,0.0,0.0,0.0,0.0,0.0,0.0,0.0,0.0,0.0,0.0,0.0,0.0,0.0,0.0,0.0,0.0,0.0,0.0,0.0,0.0,0.0,0.0,20.0,28.0,29.0,30.0,29.0,30.0,29.0,29.0,30.0,29.0,30.0,27.0,19.0,0.0,0.0,0.0,0.0,0.0,0.0,0.0,0.0,0.0,0.0,0.0,0.0,0.0,560.0,404.0,117.0,94.60344999999998,82.39655,16.0,72.0,182.0,678.0,291.0,740.0,205.0,123.0
14,48.0,57.0,66.0,74.0,81.0,89.0,88.0,85.0,57.0,59.0,59.0,68.0,60.0,0.0,0.0,0.0,0.0,0.0,0.0,0.0,0.0,0.0,0.0,0.0,0.0,0.0,0.0,0.0,0.0,0.0,0.0,0.0,0.0,0.0,0.0,0.0,0.0,0.0,0.0,0.0,0.0,0.0,0.0,0.0,0.0,0.0,0.0,0.0,0.0,0.0,0.0,0.0,19.0,20.0,28.0,29.0,30.0,29.0,30.0,29.0,29.0,30.0,29.0,30.0,21.0,0.0,0.0,0.0,0.0,0.0,0.0,0.0,0.0,0.0,0.0,0.0,0.0,0.0,123.0,560.0,404.0,117.0,94.60344999999998,82.39655,16.0,72.0,182.0,678.0,291.0,740.0,78.0
15,60.0,48.0,57.0,66.0,74.0,81.0,89.0,88.0,85.0,57.0,59.0,59.0,56.0,0.0,0.0,0.0,0.0,0.0,0.0,0.0,0.0,0.0,0.0,0.0,0.0,0.0,0.0,0.0,0.0,0.0,0.0,0.0,0.0,0.0,0.0,0.0,0.0,0.0,0.0,0.0,0.0,0.0,0.0,0.0,0.0,0.0,0.0,0.0,0.0,0.0,0.0,0.0,21.0,19.0,20.0,28.0,29.0,30.0,29.0,30.0,29.0,29.0,30.0,29.0,20.0,0.0,0.0,0.0,0.0,0.0,0.0,0.0,0.0,0.0,0.0,0.0,0.0,0.0,78.0,123.0,560.0,404.0,117.0,94.60344999999998,82.39655,16.0,72.0,182.0,678.0,291.0,146.0
16,56.0,60.0,48.0,57.0,66.0,74.0,81.0,89.0,88.0,85.0,57.0,59.0,66.0,0.0,0.0,0.0,0.0,0.0,0.0,0.0,0.0,0.0,0.0,0.0,0.0,0.0,0.0,0.0,0.0,0.0,0.0,0.0,0.0,0.0,0.0,0.0,0.0,0.0,0.0,0.0,0.0,0.0,0.0,0.0,0.0,0.0,0.0,0.0,0.0,0.0,0.0,0.0,20.0,21.0,19.0,20.0,28.0,29.0,30.0,29.0,30.0,29.0,29.0,30.0,20.0,0.0,0.0,0.0,0.0,0.0,0.0,0.0,0.0,0.0,0.0,0.0,0.0,0.0,146.0,78.0,123.0,560.0,404.0,117.0,94.60344999999998,82.39655,16.0,72.0,182.0,678.0,238.0
17,66.0,56.0,60.0,48.0,57.0,66.0,74.0,81.0,89.0,88.0,85.0,57.0,113.0,0.0,0.0,0.0,0.0,0.0,0.0,0.0,0.0,0.0,0.0,0.0,0.0,0.0,0.0,0.0,0.0,0.0,0.0,0.0,0.0,0.0,0.0,0.0,0.0,0.0,0.0,0.0,0.0,0.0,0.0,0.0,0.0,0.0,0.0,0.0,0.0,0.0,0.0,0.0,20.0,20.0,21.0,19.0,20.0,28.0,29.0,30.0,29.0,30.0,29.0,29.0,34.0,0.0,0.0,0.0,0.0,0.0,0.0,0.0,0.0,0.0,0.0,0.0,0.0,0.0,238.0,146.0,78.0,123.0,560.0,404.0,117.0,94.60344999999998,82.39655,16.0,72.0,182.0,168.0
18,113.0,66.0,56.0,60.0,48.0,57.0,66.0,74.0,81.0,89.0,88.0,85.0,207.0,0.0,0.0,0.0,0.0,0.0,0.0,0.0,0.0,0.0,0.0,0.0,0.0,0.0,0.0,0.0,0.0,0.0,0.0,0.0,0.0,0.0,0.0,0.0,0.0,0.0,0.0,0.0,0.0,0.0,0.0,0.0,0.0,0.0,0.0,0.0,0.0,0.0,0.0,0.0,34.0,20.0,20.0,21.0,19.0,20.0,28.0,29.0,30.0,29.0,30.0,29.0,63.0,0.0,0.0,0.0,0.0,0.0,0.0,0.0,0.0,0.0,0.0,0.0,0.0,0.0,168.0,238.0,146.0,78.0,123.0,560.0,404.0,117.0,94.60344999999998,82.39655,16.0,72.0,140.0
19,207.0,113.0,66.0,56.0,60.0,48.0,57.0,66.0,74.0,81.0,89.0,88.0,275.0,0.0,0.0,0.0,0.0,0.0,0.0,0.0,0.0,0.0,0.0,0.0,0.0,0.0,0.0,0.0,0.0,0.0,0.0,0.0,0.0,0.0,0.0,0.0,0.0,0.0,0.0,0.0,0.0,0.0,0.0,0.0,0.0,0.0,0.0,0.0,0.0,0.0,0.0,0.0,63.0,34.0,20.0,20.0,21.0,19.0,20.0,28.0,29.0,30.0,29.0,30.0,64.0,0.0,0.0,0.0,0.0,0.0,0.0,0.0,0.0,0.0,0.0,0.0,0.0,0.0,140.0,168.0,238.0,146.0,78.0,123.0,560.0,404.0,117.0,94.60344999999998,82.39655,16.0,90.0
20,275.0,207.0,113.0,66.0,56.0,60.0,48.0,57.0,66.0,74.0,81.0,89.0,307.0,0.0,0.0,0.0,0.0,0.0,0.0,0.0,0.0,0.0,0.0,0.0,0.0,0.0,0.0,0.0,0.0,0.0,0.0,0.0,0.0,0.0,0.0,0.0,0.0,0.0,0.0,0.0,0.0,0.0,0.0,0.0,0.0,0.0,0.0,0.0,0.0,0.0,0.0,0.0,64.0,63.0,34.0,20.0,20.0,21.0,19.0,20.0,28.0,29.0,30.0,29.0,61.0,0.0,0.0,0.0,0.0,0.0,0.0,0.0,0.0,0.0,0.0,0.0,0.0,0.0,90.0,140.0,168.0,238.0,146.0,78.0,123.0,560.0,404.0,117.0,94.60344999999998,82.39655,112.0
21,307.0,275.0,207.0,113.0,66.0,56.0,60.0,48.0,57.0,66.0,74.0,81.0,429.0,0.0,0.0,0.0,0.0,0.0,0.0,0.0,0.0,0.0,0.0,0.0,0.0,0.0,0.0,0.0,0.0,0.0,0.0,0.0,0.0,0.0,0.0,0.0,0.0,0.0,0.0,0.0,0.0,0.0,0.0,0.0,0.0,0.0,0.0,0.0,0.0,0.0,0.0,0.0,61.0,64.0,63.0,34.0,20.0,20.0,21.0,19.0,20.0,28.0,29.0,30.0,27.0,0.0,0.0,0.0,0.0,0.0,0.0,0.0,0.0,0.0,0.0,0.0,0.0,0.0,112.0,90.0,140.0,168.0,238.0,146.0,78.0,123.0,560.0,404.0,117.0,94.60344999999998,297.0
22,429.0,307.0,275.0,207.0,113.0,66.0,56.0,60.0,48.0,57.0,66.0,74.0,321.0,0.0,0.0,0.0,0.0,0.0,0.0,0.0,0.0,0.0,0.0,0.0,0.0,0.0,0.0,0.0,0.0,0.0,0.0,0.0,0.0,0.0,0.0,0.0,0.0,0.0,0.0,0.0,0.0,0.0,0.0,0.0,0.0,0.0,0.0,0.0,0.0,0.0,0.0,0.0,27.0,61.0,64.0,63.0,34.0,20.0,20.0,21.0,19.0,20.0,28.0,29.0,21.0,0.0,0.0,0.0,0.0,0.0,0.0,0.0,0.0,0.0,0.0,0.0,0.0,0.0,297.0,112.0,90.0,140.0,168.0,238.0,146.0,78.0,123.0,560.0,404.0,117.0,365.0
23,321.0,429.0,307.0,275.0,207.0,113.0,66.0,56.0,60.0,48.0,57.0,66.0,531.0,0.0,0.0,0.0,0.0,0.0,0.0,0.0,0.0,0.0,0.0,0.0,0.0,0.0,0.0,0.0,0.0,0.0,0.0,0.0,0.0,0.0,0.0,0.0,0.0,0.0,0.0,0.0,0.0,0.0,0.0,0.0,0.0,0.0,0.0,0.0,0.0,0.0,0.0,0.0,21.0,27.0,61.0,64.0,63.0,34.0,20.0,20.0,21.0,19.0,20.0,28.0,22.0,0.0,0.0,0.0,0.0,0.0,0.0,0.0,0.0,0.0,0.0,0.0,0.0,0.0,365.0,297.0,112.0,90.0,140.0,168.0,238.0,146.0,78.0,123.0,560.0,404.0,452.0
24,531.0,321.0,429.0,307.0,275.0,207.0,113.0,66.0,56.0,60.0,48.0,57.0,525.0,0.0,0.0,0.0,0.0,0.0,0.0,0.0,0.0,0.0,0.0,0.0,0.0,0.0,0.0,0.0,0.0,0.0,0.0,0.0,0.0,0.0,0.0,0.0,0.0,0.0,0.0,0.0,0.0,0.0,0.0,0.0,0.0,0.0,0.0,0.0,0.0,0.0,0.0,0.0,22.0,21.0,27.0,61.0,64.0,63.0,34.0,20.0,20.0,21.0,19.0,20.0,22.0,0.0,0.0,0.0,0.0,0.0,0.0,0.0,0.0,0.0,0.0,0.0,0.0,0.0,452.0,365.0,297.0,112.0,90.0,140.0,168.0,238.0,146.0,78.0,123.0,560.0,306.0
25,525.0,531.0,321.0,429.0,307.0,275.0,207.0,113.0,66.0,56.0,60.0,48.0,492.0,0.0,0.0,0.0,0.0,0.0,0.0,0.0,0.0,0.0,0.0,0.0,0.0,0.0,0.0,0.0,0.0,0.0,0.0,0.0,0.0,0.0,0.0,0.0,0.0,0.0,0.0,0.0,0.0,0.0,0.0,0.0,0.0,0.0,0.0,0.0,0.0,0.0,0.0,0.0,22.0,22.0,21.0,27.0,61.0,64.0,63.0,34.0,20.0,20.0,21.0,19.0,20.0,0.0,0.0,0.0,0.0,0.0,0.0,0.0,0.0,0.0,0.0,0.0,0.0,0.0,306.0,452.0,365.0,297.0,112.0,90.0,140.0,168.0,238.0,146.0,78.0,123.0,230.0
26,492.0,525.0,531.0,321.0,429.0,307.0,275.0,207.0,113.0,66.0,56.0,60.0,584.0,0.0,0.0,0.0,0.0,0.0,0.0,0.0,0.0,0.0,0.0,0.0,0.0,0.0,0.0,0.0,0.0,0.0,0.0,0.0,0.0,0.0,0.0,0.0,0.0,0.0,0.0,0.0,0.0,0.0,0.0,0.0,0.0,0.0,0.0,0.0,0.0,0.0,0.0,0.0,20.0,22.0,22.0,21.0,27.0,61.0,64.0,63.0,34.0,20.0,20.0,21.0,23.0,0.0,0.0,0.0,0.0,0.0,0.0,0.0,0.0,0.0,0.0,0.0,0.0,0.0,230.0,306.0,452.0,365.0,297.0,112.0,90.0,140.0,168.0,238.0,146.0,78.0,193.0
27,584.0,492.0,525.0,531.0,321.0,429.0,307.0,275.0,207.0,113.0,66.0,56.0,464.0,0.0,0.0,0.0,0.0,0.0,0.0,0.0,0.0,0.0,0.0,0.0,0.0,0.0,0.0,0.0,0.0,0.0,0.0,0.0,0.0,0.0,0.0,0.0,0.0,0.0,0.0,0.0,0.0,0.0,0.0,0.0,0.0,0.0,0.0,0.0,0.0,0.0,0.0,0.0,23.0,20.0,22.0,22.0,21.0,27.0,61.0,64.0,63.0,34.0,20.0,20.0,21.0,0.0,0.0,0.0,0.0,0.0,0.0,0.0,0.0,0.0,0.0,0.0,0.0,0.0,193.0,230.0,306.0,452.0,365.0,297.0,112.0,90.0,140.0,168.0,238.0,146.0,146.0
28,464.0,584.0,492.0,525.0,531.0,321.0,429.0,307.0,275.0,207.0,113.0,66.0,462.0,0.0,0.0,0.0,0.0,0.0,0.0,0.0,0.0,0.0,0.0,0.0,0.0,0.0,0.0,0.0,0.0,0.0,0.0,0.0,0.0,0.0,0.0,0.0,0.0,0.0,0.0,0.0,0.0,0.0,0.0,0.0,0.0,0.0,0.0,0.0,0.0,0.0,0.0,0.0,21.0,23.0,20.0,22.0,22.0,21.0,27.0,61.0,64.0,63.0,34.0,20.0,22.0,0.0,0.0,0.0,0.0,0.0,0.0,0.0,0.0,0.0,0.0,0.0,0.0,0.0,146.0,193.0,230.0,306.0,452.0,365.0,297.0,112.0,90.0,140.0,168.0,238.0,143.0
29,462.0,464.0,584.0,492.0,525.0,531.0,321.0,429.0,307.0,275.0,207.0,113.0,454.0,0.0,0.0,0.0,0.0,0.0,0.0,0.0,0.0,0.0,0.0,0.0,0.0,0.0,0.0,0.0,0.0,0.0,0.0,0.0,0.0,0.0,0.0,0.0,0.0,0.0,0.0,0.0,0.0,0.0,0.0,0.0,0.0,0.0,0.0,0.0,0.0,0.0,0.0,0.0,22.0,21.0,23.0,20.0,22.0,22.0,21.0,27.0,61.0,64.0,63.0,34.0,22.0,0.0,0.0,0.0,0.0,0.0,0.0,0.0,0.0,0.0,0.0,0.0,0.0,0.0,143.0,146.0,193.0,230.0,306.0,452.0,365.0,297.0,112.0,90.0,140.0,168.0,168.0
30,454.0,462.0,464.0,584.0,492.0,525.0,531.0,321.0,429.0,307.0,275.0,207.0,459.0,0.0,0.0,0.0,0.0,0.0,0.0,0.0,0.0,0.0,0.0,0.0,0.0,0.0,0.0,0.0,0.0,0.0,0.0,0.0,0.0,0.0,0.0,0.0,0.0,0.0,0.0,0.0,0.0,0.0,0.0,0.0,0.0,0.0,0.0,0.0,0.0,0.0,0.0,0.0,22.0,22.0,21.0,23.0,20.0,22.0,22.0,21.0,27.0,61.0,64.0,63.0,22.0,0.0,0.0,0.0,0.0,0.0,0.0,0.0,0.0,0.0,0.0,0.0,0.0,0.0,168.0,143.0,146.0,193.0,230.0,306.0,452.0,365.0,297.0,112.0,90.0,140.0,85.0
31,459.0,454.0,462.0,464.0,584.0,492.0,525.0,531.0,321.0,429.0,307.0,275.0,384.0,0.0,0.0,0.0,0.0,0.0,0.0,0.0,0.0,0.0,0.0,0.0,0.0,0.0,0.0,0.0,0.0,0.0,0.0,0.0,0.0,0.0,0.0,0.0,0.0,0.0,0.0,0.0,0.0,0.0,0.0,0.0,0.0,0.0,0.0,0.0,0.0,0.0,0.0,0.0,22.0,22.0,22.0,21.0,23.0,20.0,22.0,22.0,21.0,27.0,61.0,64.0,22.0,0.0,0.0,0.0,0.0,0.0,0.0,0.0,0.0,0.0,0.0,0.0,0.0,0.0,85.0,168.0,143.0,146.0,193.0,230.0,306.0,452.0,365.0,297.0,112.0,90.0,68.0
32,384.0,459.0,454.0,462.0,464.0,584.0,492.0,525.0,531.0,321.0,429.0,307.0,369.0,0.0,0.0,0.0,0.0,0.0,0.0,0.0,0.0,0.0,0.0,0.0,0.0,0.0,0.0,0.0,0.0,0.0,0.0,0.0,0.0,0.0,0.0,0.0,0.0,0.0,0.0,0.0,0.0,0.0,0.0,0.0,0.0,0.0,0.0,0.0,0.0,0.0,0.0,0.0,22.0,22.0,22.0,22.0,21.0,23.0,20.0,22.0,22.0,21.0,27.0,61.0,22.0,0.0,0.0,0.0,0.0,0.0,0.0,0.0,0.0,0.0,0.0,0.0,0.0,0.0,68.0,85.0,168.0,143.0,146.0,193.0,230.0,306.0,452.0,365.0,297.0,112.0,104.0
33,369.0,384.0,459.0,454.0,462.0,464.0,584.0,492.0,525.0,531.0,321.0,429.0,410.0,0.0,0.0,0.0,0.0,0.0,0.0,0.0,0.0,0.0,0.0,0.0,0.0,0.0,0.0,0.0,0.0,0.0,0.0,0.0,0.0,0.0,0.0,0.0,0.0,0.0,0.0,0.0,0.0,0.0,0.0,0.0,0.0,0.0,0.0,0.0,0.0,0.0,0.0,0.0,22.0,22.0,22.0,22.0,22.0,21.0,23.0,20.0,22.0,22.0,21.0,27.0,22.0,0.0,0.0,0.0,0.0,0.0,0.0,0.0,0.0,0.0,0.0,0.0,0.0,0.0,104.0,68.0,85.0,168.0,143.0,146.0,193.0,230.0,306.0,452.0,365.0,297.0,232.0
34,410.0,369.0,384.0,459.0,454.0,462.0,464.0,584.0,492.0,525.0,531.0,321.0,497.0,0.0,0.0,0.0,0.0,0.0,0.0,0.0,0.0,0.0,0.0,0.0,0.0,0.0,0.0,0.0,0.0,0.0,0.0,0.0,0.0,0.0,0.0,0.0,0.0,0.0,387.0,0.0,0.0,0.0,0.0,0.0,0.0,0.0,0.0,0.0,0.0,0.0,0.0,0.0,22.0,22.0,22.0,22.0,22.0,22.0,21.0,23.0,20.0,22.0,22.0,21.0,21.0,0.0,0.0,0.0,0.0,0.0,0.0,0.0,0.0,0.0,0.0,0.0,0.0,0.0,232.0,104.0,68.0,85.0,168.0,143.0,146.0,193.0,230.0,306.0,452.0,365.0,225.0
35,497.0,410.0,369.0,384.0,459.0,454.0,462.0,464.0,584.0,492.0,525.0,531.0,593.0,0.0,0.0,0.0,0.0,0.0,0.0,0.0,0.0,0.0,0.0,0.0,0.0,0.0,387.0,0.0,0.0,0.0,0.0,0.0,0.0,0.0,0.0,0.0,0.0,0.0,381.0,0.0,0.0,0.0,0.0,0.0,0.0,0.0,0.0,0.0,0.0,0.0,0.0,0.0,21.0,22.0,22.0,22.0,22.0,22.0,22.0,21.0,23.0,20.0,22.0,22.0,22.0,0.0,0.0,0.0,0.0,0.0,0.0,0.0,0.0,0.0,0.0,0.0,0.0,0.0,225.0,232.0,104.0,68.0,85.0,168.0,143.0,146.0,193.0,230.0,306.0,452.0,318.0
36,593.0,497.0,410.0,369.0,384.0,459.0,454.0,462.0,464.0,584.0,492.0,525.0,558.0,0.0,0.0,0.0,0.0,0.0,0.0,0.0,0.0,0.0,0.0,0.0,0.0,0.0,381.0,387.0,0.0,0.0,0.0,0.0,0.0,0.0,0.0,0.0,0.0,0.0,286.0,0.0,0.0,0.0,0.0,0.0,0.0,0.0,0.0,0.0,0.0,0.0,0.0,0.0,22.0,21.0,22.0,22.0,22.0,22.0,22.0,22.0,21.0,23.0,20.0,22.0,22.0,0.0,0.0,0.0,0.0,0.0,0.0,0.0,0.0,0.0,0.0,0.0,0.0,0.0,318.0,225.0,232.0,104.0,68.0,85.0,168.0,143.0,146.0,193.0,230.0,306.0,232.0
37,558.0,593.0,497.0,410.0,369.0,384.0,459.0,454.0,462.0,464.0,584.0,492.0,496.0,0.0,0.0,0.0,0.0,0.0,0.0,0.0,0.0,0.0,0.0,0.0,0.0,0.0,286.0,381.0,387.0,0.0,0.0,0.0,0.0,0.0,0.0,0.0,0.0,0.0,194.0,0.0,0.0,0.0,0.0,0.0,0.0,0.0,0.0,0.0,0.0,0.0,0.0,0.0,22.0,22.0,21.0,22.0,22.0,22.0,22.0,22.0,22.0,21.0,23.0,20.0,20.0,0.0,0.0,0.0,0.0,0.0,0.0,0.0,0.0,0.0,0.0,0.0,0.0,0.0,232.0,318.0,225.0,232.0,104.0,68.0,85.0,168.0,143.0,146.0,193.0,230.0,229.0
38,496.0,558.0,593.0,497.0,410.0,369.0,384.0,459.0,454.0,462.0,464.0,584.0,522.0,0.0,0.0,0.0,0.0,0.0,0.0,0.0,0.0,0.0,0.0,0.0,0.0,0.0,194.0,286.0,381.0,387.0,0.0,0.0,0.0,0.0,0.0,0.0,0.0,0.0,210.0,0.0,0.0,0.0,0.0,0.0,0.0,0.0,0.0,0.0,0.0,0.0,0.0,0.0,20.0,22.0,22.0,21.0,22.0,22.0,22.0,22.0,22.0,22.0,21.0,23.0,22.0,0.0,0.0,0.0,0.0,0.0,0.0,0.0,0.0,0.0,0.0,0.0,0.0,0.0,229.0,232.0,318.0,225.0,232.0,104.0,68.0,85.0,168.0,143.0,146.0,193.0,299.0
39,522.0,496.0,558.0,593.0,497.0,410.0,369.0,384.0,459.0,454.0,462.0,464.0,509.0,0.0,0.0,0.0,0.0,0.0,0.0,0.0,0.0,0.0,0.0,0.0,0.0,0.0,210.0,194.0,286.0,381.0,387.0,0.0,0.0,0.0,0.0,0.0,0.0,0.0,168.0,0.0,0.0,0.0,0.0,0.0,0.0,0.0,0.0,0.0,0.0,0.0,0.0,0.0,22.0,20.0,22.0,22.0,21.0,22.0,22.0,22.0,22.0,22.0,22.0,21.0,21.0,0.0,0.0,0.0,0.0,0.0,0.0,0.0,0.0,0.0,0.0,0.0,0.0,0.0,299.0,229.0,232.0,318.0,225.0,232.0,104.0,68.0,85.0,168.0,143.0,146.0,193.0
40,509.0,522.0,496.0,558.0,593.0,497.0,410.0,369.0,384.0,459.0,454.0,462.0,509.0,0.0,0.0,0.0,0.0,0.0,0.0,0.0,0.0,0.0,0.0,0.0,0.0,0.0,168.0,210.0,194.0,286.0,381.0,387.0,0.0,0.0,0.0,0.0,0.0,0.0,388.0,0.0,0.0,0.0,0.0,0.0,0.0,0.0,0.0,0.0,0.0,0.0,0.0,0.0,21.0,22.0,20.0,22.0,22.0,21.0,22.0,22.0,22.0,22.0,22.0,22.0,22.0,0.0,0.0,0.0,0.0,0.0,0.0,0.0,0.0,0.0,0.0,0.0,0.0,0.0,193.0,299.0,229.0,232.0,318.0,225.0,232.0,104.0,68.0,85.0,168.0,143.0,233.0
41,509.0,509.0,522.0,496.0,558.0,593.0,497.0,410.0,369.0,384.0,459.0,454.0,437.0,0.0,0.0,0.0,0.0,0.0,0.0,0.0,0.0,0.0,0.0,0.0,0.0,0.0,388.0,168.0,210.0,194.0,286.0,381.0,387.0,0.0,0.0,0.0,0.0,0.0,372.0,0.0,0.0,0.0,0.0,0.0,0.0,0.0,0.0,0.0,0.0,0.0,0.0,0.0,22.0,21.0,22.0,20.0,22.0,22.0,21.0,22.0,22.0,22.0,22.0,22.0,21.0,0.0,0.0,0.0,0.0,0.0,0.0,0.0,0.0,0.0,0.0,0.0,0.0,0.0,233.0,193.0,299.0,229.0,232.0,318.0,225.0,232.0,104.0,68.0,85.0,168.0,151.0
42,437.0,509.0,509.0,522.0,496.0,558.0,593.0,497.0,410.0,369.0,384.0,459.0,424.0,0.0,0.0,0.0,0.0,0.0,0.0,0.0,0.0,0.0,0.0,0.0,0.0,0.0,372.0,388.0,168.0,210.0,194.0,286.0,381.0,387.0,0.0,0.0,0.0,0.0,292.0,0.0,0.0,0.0,0.0,0.0,0.0,0.0,0.0,0.0,0.0,0.0,0.0,0.0,21.0,22.0,21.0,22.0,20.0,22.0,22.0,21.0,22.0,22.0,22.0,22.0,22.0,0.0,0.0,0.0,0.0,0.0,0.0,0.0,0.0,0.0,0.0,0.0,0.0,0.0,151.0,233.0,193.0,299.0,229.0,232.0,318.0,225.0,232.0,104.0,68.0,85.0,249.0
43,424.0,437.0,509.0,509.0,522.0,496.0,558.0,593.0,497.0,410.0,369.0,384.0,415.0,0.0,0.0,0.0,0.0,0.0,0.0,0.0,0.0,0.0,0.0,0.0,0.0,0.0,292.0,372.0,388.0,168.0,210.0,194.0,286.0,381.0,387.0,0.0,0.0,0.0,434.0,0.0,0.0,0.0,0.0,0.0,0.0,0.0,0.0,0.0,0.0,0.0,0.0,0.0,22.0,21.0,22.0,21.0,22.0,20.0,22.0,22.0,21.0,22.0,22.0,22.0,22.0,0.0,0.0,0.0,0.0,0.0,0.0,0.0,0.0,0.0,0.0,0.0,0.0,0.0,249.0,151.0,233.0,193.0,299.0,229.0,232.0,318.0,225.0,232.0,104.0,68.0,245.0
44,415.0,424.0,437.0,509.0,509.0,522.0,496.0,558.0,593.0,497.0,410.0,369.0,415.0,0.0,0.0,0.0,0.0,0.0,0.0,0.0,0.0,0.0,0.0,0.0,0.0,0.0,434.0,292.0,372.0,388.0,168.0,210.0,194.0,286.0,381.0,387.0,0.0,0.0,468.0,0.0,0.0,0.0,0.0,0.0,0.0,0.0,0.0,0.0,0.0,0.0,0.0,0.0,22.0,22.0,21.0,22.0,21.0,22.0,20.0,22.0,22.0,21.0,22.0,22.0,21.0,0.0,0.0,0.0,0.0,0.0,0.0,0.0,0.0,0.0,0.0,0.0,0.0,0.0,245.0,249.0,151.0,233.0,193.0,299.0,229.0,232.0,318.0,225.0,232.0,104.0,340.0
45,415.0,415.0,424.0,437.0,509.0,509.0,522.0,496.0,558.0,593.0,497.0,410.0,449.0,0.0,0.0,0.0,0.0,0.0,0.0,0.0,0.0,0.0,0.0,0.0,0.0,0.0,468.0,434.0,292.0,372.0,388.0,168.0,210.0,194.0,286.0,381.0,387.0,0.0,485.0,0.0,0.0,0.0,0.0,0.0,0.0,0.0,0.0,0.0,0.0,0.0,0.0,0.0,21.0,22.0,22.0,21.0,22.0,21.0,22.0,20.0,22.0,22.0,21.0,22.0,22.0,0.0,0.0,0.0,0.0,0.0,0.0,0.0,0.0,0.0,0.0,0.0,0.0,0.0,340.0,245.0,249.0,151.0,233.0,193.0,299.0,229.0,232.0,318.0,225.0,232.0,276.0
46,449.0,415.0,415.0,424.0,437.0,509.0,509.0,522.0,496.0,558.0,593.0,497.0,457.0,0.0,0.0,0.0,0.0,0.0,0.0,0.0,0.0,0.0,0.0,0.0,0.0,0.0,485.0,468.0,434.0,292.0,372.0,388.0,168.0,210.0,194.0,286.0,381.0,387.0,467.0,0.0,0.0,0.0,0.0,0.0,0.0,0.0,0.0,0.0,0.0,0.0,0.0,0.0,22.0,21.0,22.0,22.0,21.0,22.0,21.0,22.0,20.0,22.0,22.0,21.0,21.0,0.0,0.0,0.0,0.0,0.0,0.0,0.0,0.0,0.0,0.0,0.0,0.0,44.0,276.0,340.0,245.0,249.0,151.0,233.0,193.0,299.0,229.0,232.0,318.0,225.0,277.0
47,457.0,449.0,415.0,415.0,424.0,437.0,509.0,509.0,522.0,496.0,558.0,593.0,574.0,0.0,0.0,0.0,0.0,0.0,0.0,0.0,0.0,0.0,0.0,0.0,0.0,0.0,467.0,485.0,468.0,434.0,292.0,372.0,388.0,168.0,210.0,194.0,286.0,381.0,415.0,0.0,0.0,0.0,0.0,0.0,0.0,0.0,0.0,0.0,0.0,0.0,0.0,0.0,21.0,22.0,21.0,22.0,22.0,21.0,22.0,21.0,22.0,20.0,22.0,22.0,22.0,44.0,0.0,0.0,0.0,0.0,0.0,0.0,0.0,0.0,0.0,0.0,0.0,433.0,277.0,276.0,340.0,245.0,249.0,151.0,233.0,193.0,299.0,229.0,232.0,318.0,314.0
48,574.0,457.0,449.0,415.0,415.0,424.0,437.0,509.0,509.0,522.0,496.0,558.0,542.0,0.0,0.0,0.0,0.0,0.0,0.0,0.0,0.0,0.0,0.0,0.0,0.0,0.0,415.0,467.0,485.0,468.0,434.0,292.0,372.0,388.0,168.0,210.0,194.0,286.0,437.0,0.0,0.0,0.0,0.0,0.0,0.0,0.0,0.0,0.0,0.0,0.0,0.0,0.0,22.0,21.0,22.0,21.0,22.0,22.0,21.0,22.0,21.0,22.0,20.0,22.0,22.0,433.0,44.0,0.0,0.0,0.0,0.0,0.0,0.0,0.0,0.0,0.0,0.0,364.0,314.0,277.0,276.0,340.0,245.0,249.0,151.0,233.0,193.0,299.0,229.0,232.0,571.0
49,542.0,574.0,457.0,449.0,415.0,415.0,424.0,437.0,509.0,509.0,522.0,496.0,494.0,0.0,0.0,0.0,0.0,0.0,0.0,0.0,0.0,0.0,0.0,0.0,0.0,0.0,437.0,415.0,467.0,485.0,468.0,434.0,292.0,372.0,388.0,168.0,210.0,194.0,251.0,0.0,0.0,0.0,0.0,0.0,0.0,0.0,0.0,0.0,0.0,0.0,0.0,0.0,22.0,22.0,21.0,22.0,21.0,22.0,22.0,21.0,22.0,21.0,22.0,20.0,20.0,364.0,433.0,44.0,0.0,0.0,0.0,0.0,0.0,0.0,0.0,0.0,0.0,326.0,571.0,314.0,277.0,276.0,340.0,245.0,249.0,151.0,233.0,193.0,299.0,229.0,427.0
50,494.0,542.0,574.0,457.0,449.0,415.0,415.0,424.0,437.0,509.0,509.0,522.0,564.0,0.0,0.0,0.0,0.0,0.0,0.0,0.0,0.0,0.0,0.0,0.0,0.0,0.0,251.0,437.0,415.0,467.0,485.0,468.0,434.0,292.0,372.0,388.0,168.0,210.0,299.0,0.0,0.0,0.0,0.0,0.0,0.0,0.0,0.0,0.0,0.0,0.0,0.0,0.0,20.0,22.0,22.0,21.0,22.0,21.0,22.0,22.0,21.0,22.0,21.0,22.0,22.0,326.0,364.0,433.0,44.0,0.0,0.0,0.0,0.0,0.0,0.0,0.0,0.0,366.0,427.0,571.0,314.0,277.0,276.0,340.0,245.0,249.0,151.0,233.0,193.0,299.0,548.0
51,564.0,494.0,542.0,574.0,457.0,449.0,415.0,415.0,424.0,437.0,509.0,509.0,511.0,0.0,0.0,0.0,0.0,0.0,0.0,0.0,0.0,0.0,0.0,0.0,0.0,0.0,299.0,251.0,437.0,415.0,467.0,485.0,468.0,434.0,292.0,372.0,388.0,168.0,208.0,0.0,0.0,0.0,0.0,0.0,0.0,0.0,0.0,0.0,0.0,0.0,0.0,0.0,22.0,20.0,22.0,22.0,21.0,22.0,21.0,22.0,22.0,21.0,22.0,21.0,21.0,366.0,326.0,364.0,433.0,44.0,0.0,0.0,0.0,0.0,0.0,0.0,0.0,312.0,548.0,427.0,571.0,314.0,277.0,276.0,340.0,245.0,249.0,151.0,233.0,193.0,372.0
52,511.0,564.0,494.0,542.0,574.0,457.0,449.0,415.0,415.0,424.0,437.0,509.0,449.0,0.0,0.0,0.0,0.0,0.0,0.0,0.0,0.0,0.0,0.0,0.0,0.0,0.0,208.0,299.0,251.0,437.0,415.0,467.0,485.0,468.0,434.0,292.0,372.0,388.0,193.0,0.0,0.0,0.0,0.0,0.0,0.0,0.0,0.0,0.0,0.0,0.0,0.0,0.0,21.0,22.0,20.0,22.0,22.0,21.0,22.0,21.0,22.0,22.0,21.0,22.0,22.0,312.0,366.0,326.0,364.0,433.0,44.0,0.0,0.0,0.0,0.0,0.0,0.0,285.0,372.0,548.0,427.0,571.0,314.0,277.0,276.0,340.0,245.0,249.0,151.0,233.0,301.0
53,449.0,511.0,564.0,494.0,542.0,574.0,457.0,449.0,415.0,415.0,424.0,437.0,355.0,0.0,0.0,0.0,0.0,0.0,0.0,0.0,0.0,0.0,0.0,0.0,0.0,0.0,193.0,208.0,299.0,251.0,437.0,415.0,467.0,485.0,468.0,434.0,292.0,372.0,266.0,0.0,0.0,0.0,0.0,0.0,0.0,0.0,0.0,0.0,0.0,0.0,0.0,0.0,22.0,21.0,22.0,20.0,22.0,22.0,21.0,22.0,21.0,22.0,22.0,21.0,21.0,285.0,312.0,366.0,326.0,364.0,433.0,44.0,0.0,0.0,0.0,0.0,0.0,236.0,301.0,372.0,548.0,427.0,571.0,314.0,277.0,276.0,340.0,245.0,249.0,151.0,344.0
54,355.0,449.0,511.0,564.0,494.0,542.0,574.0,457.0,449.0,415.0,415.0,424.0,398.0,0.0,0.0,0.0,0.0,0.0,0.0,0.0,0.0,0.0,0.0,0.0,0.0,0.0,266.0,193.0,208.0,299.0,251.0,437.0,415.0,467.0,485.0,468.0,434.0,292.0,564.0,0.0,0.0,0.0,0.0,0.0,0.0,0.0,0.0,0.0,0.0,0.0,0.0,0.0,21.0,22.0,21.0,22.0,20.0,22.0,22.0,21.0,22.0,21.0,22.0,22.0,22.0,236.0,285.0,312.0,366.0,326.0,364.0,433.0,44.0,0.0,0.0,0.0,0.0,223.0,344.0,301.0,372.0,548.0,427.0,571.0,314.0,277.0,276.0,340.0,245.0,249.0,286.0
55,398.0,355.0,449.0,511.0,564.0,494.0,542.0,574.0,457.0,449.0,415.0,415.0,362.0,0.0,0.0,0.0,0.0,0.0,0.0,0.0,0.0,0.0,0.0,0.0,0.0,207.0,564.0,266.0,193.0,208.0,299.0,251.0,437.0,415.0,467.0,485.0,468.0,434.0,430.0,0.0,0.0,0.0,0.0,0.0,0.0,0.0,0.0,0.0,0.0,0.0,0.0,0.0,22.0,21.0,22.0,21.0,22.0,20.0,22.0,22.0,21.0,22.0,21.0,22.0,22.0,223.0,236.0,285.0,312.0,366.0,326.0,364.0,433.0,44.0,0.0,0.0,0.0,288.0,286.0,344.0,301.0,372.0,548.0,427.0,571.0,314.0,277.0,276.0,340.0,245.0,274.0
56,362.0,398.0,355.0,449.0,511.0,564.0,494.0,542.0,574.0,457.0,449.0,415.0,350.0,207.0,0.0,0.0,0.0,0.0,0.0,0.0,0.0,0.0,0.0,0.0,0.0,490.0,430.0,564.0,266.0,193.0,208.0,299.0,251.0,437.0,415.0,467.0,485.0,468.0,279.0,0.0,0.0,0.0,0.0,0.0,0.0,0.0,0.0,0.0,0.0,0.0,0.0,0.0,22.0,22.0,21.0,22.0,21.0,22.0,20.0,22.0,22.0,21.0,22.0,21.0,21.0,288.0,223.0,236.0,285.0,312.0,366.0,326.0,364.0,433.0,44.0,0.0,0.0,266.0,274.0,286.0,344.0,301.0,372.0,548.0,427.0,571.0,314.0,277.0,276.0,340.0,251.0
57,350.0,362.0,398.0,355.0,449.0,511.0,564.0,494.0,542.0,574.0,457.0,449.0,336.0,490.0,207.0,0.0,0.0,0.0,0.0,0.0,0.0,0.0,0.0,0.0,0.0,601.0,279.0,430.0,564.0,266.0,193.0,208.0,299.0,251.0,437.0,415.0,467.0,485.0,343.0,0.0,0.0,0.0,0.0,0.0,0.0,0.0,0.0,0.0,0.0,0.0,0.0,0.0,21.0,22.0,22.0,21.0,22.0,21.0,22.0,20.0,22.0,22.0,21.0,22.0,368.0,266.0,288.0,223.0,236.0,285.0,312.0,366.0,326.0,364.0,433.0,44.0,0.0,303.0,251.0,274.0,286.0,344.0,301.0,372.0,548.0,427.0,571.0,314.0,277.0,276.0,300.0
58,336.0,350.0,362.0,398.0,355.0,449.0,511.0,564.0,494.0,542.0,574.0,457.0,400.0,601.0,490.0,207.0,0.0,0.0,0.0,0.0,0.0,0.0,0.0,0.0,0.0,557.0,343.0,279.0,430.0,564.0,266.0,193.0,208.0,299.0,251.0,437.0,415.0,467.0,475.0,0.0,0.0,0.0,0.0,0.0,0.0,0.0,0.0,0.0,0.0,0.0,0.0,0.0,368.0,21.0,22.0,22.0,21.0,22.0,21.0,22.0,20.0,22.0,22.0,21.0,356.0,303.0,266.0,288.0,223.0,236.0,285.0,312.0,366.0,326.0,364.0,433.0,44.0,295.0,300.0,251.0,274.0,286.0,344.0,301.0,372.0,548.0,427.0,571.0,314.0,277.0,286.0
59,400.0,336.0,350.0,362.0,398.0,355.0,449.0,511.0,564.0,494.0,542.0,574.0,459.0,557.0,601.0,490.0,207.0,0.0,0.0,0.0,0.0,0.0,0.0,0.0,0.0,903.0,475.0,343.0,279.0,430.0,564.0,266.0,193.0,208.0,299.0,251.0,437.0,415.0,453.0,0.0,0.0,0.0,0.0,0.0,0.0,0.0,0.0,0.0,0.0,0.0,0.0,0.0,356.0,368.0,21.0,22.0,22.0,21.0,22.0,21.0,22.0,20.0,22.0,22.0,368.0,295.0,303.0,266.0,288.0,223.0,236.0,285.0,312.0,366.0,326.0,364.0,433.0,417.0,286.0,300.0,251.0,274.0,286.0,344.0,301.0,372.0,548.0,427.0,571.0,314.0,432.0
60,459.0,400.0,336.0,350.0,362.0,398.0,355.0,449.0,511.0,564.0,494.0,542.0,467.0,903.0,557.0,601.0,490.0,207.0,0.0,0.0,0.0,0.0,0.0,0.0,0.0,761.0,453.0,475.0,343.0,279.0,430.0,564.0,266.0,193.0,208.0,299.0,251.0,437.0,422.0,0.0,0.0,0.0,0.0,0.0,0.0,0.0,0.0,0.0,0.0,0.0,0.0,0.0,368.0,356.0,368.0,21.0,22.0,22.0,21.0,22.0,21.0,22.0,20.0,22.0,368.0,417.0,295.0,303.0,266.0,288.0,223.0,236.0,285.0,312.0,366.0,326.0,364.0,503.0,432.0,286.0,300.0,251.0,274.0,286.0,344.0,301.0,372.0,548.0,427.0,571.0,341.0
61,467.0,459.0,400.0,336.0,350.0,362.0,398.0,355.0,449.0,511.0,564.0,494.0,412.0,761.0,903.0,557.0,601.0,490.0,207.0,0.0,0.0,0.0,0.0,0.0,0.0,760.0,422.0,453.0,475.0,343.0,279.0,430.0,564.0,266.0,193.0,208.0,299.0,251.0,216.0,0.0,0.0,0.0,0.0,0.0,0.0,0.0,0.0,0.0,0.0,0.0,0.0,0.0,368.0,368.0,356.0,368.0,21.0,22.0,22.0,21.0,22.0,21.0,22.0,20.0,344.0,503.0,417.0,295.0,303.0,266.0,288.0,223.0,236.0,285.0,312.0,366.0,326.0,447.0,341.0,432.0,286.0,300.0,251.0,274.0,286.0,344.0,301.0,372.0,548.0,427.0,315.0
62,412.0,467.0,459.0,400.0,336.0,350.0,362.0,398.0,355.0,449.0,511.0,564.0,368.0,760.0,761.0,903.0,557.0,601.0,490.0,207.0,0.0,0.0,0.0,0.0,0.0,826.0,216.0,422.0,453.0,475.0,343.0,279.0,430.0,564.0,266.0,193.0,208.0,299.0,327.0,0.0,0.0,0.0,0.0,0.0,0.0,0.0,0.0,0.0,0.0,0.0,0.0,0.0,344.0,368.0,368.0,356.0,368.0,21.0,22.0,22.0,21.0,22.0,21.0,22.0,368.0,447.0,503.0,417.0,295.0,303.0,266.0,288.0,223.0,236.0,285.0,312.0,366.0,531.0,315.0,341.0,432.0,286.0,300.0,251.0,274.0,286.0,344.0,301.0,372.0,548.0,431.0
63,368.0,412.0,467.0,459.0,400.0,336.0,350.0,362.0,398.0,355.0,449.0,511.0,318.0,826.0,760.0,761.0,903.0,557.0,601.0,490.0,207.0,0.0,0.0,0.0,0.0,581.0,327.0,216.0,422.0,453.0,475.0,343.0,279.0,430.0,564.0,266.0,193.0,208.0,196.0,0.0,0.0,0.0,0.0,0.0,0.0,0.0,0.0,0.0,0.0,0.0,0.0,0.0,368.0,344.0,368.0,368.0,356.0,368.0,21.0,22.0,22.0,21.0,22.0,21.0,356.0,531.0,447.0,503.0,417.0,295.0,303.0,266.0,288.0,223.0,236.0,285.0,312.0,333.0,431.0,315.0,341.0,432.0,286.0,300.0,251.0,274.0,286.0,344.0,301.0,372.0,330.0
64,318.0,368.0,412.0,467.0,459.0,400.0,336.0,350.0,362.0,398.0,355.0,449.0,340.0,581.0,826.0,760.0,761.0,903.0,557.0,601.0,490.0,207.0,0.0,0.0,0.0,560.0,196.0,327.0,216.0,422.0,453.0,475.0,343.0,279.0,430.0,564.0,266.0,193.0,366.0,0.0,0.0,0.0,0.0,0.0,0.0,0.0,0.0,0.0,0.0,0.0,0.0,0.0,356.0,368.0,344.0,368.0,368.0,356.0,368.0,21.0,22.0,22.0,21.0,22.0,368.0,333.0,531.0,447.0,503.0,417.0,295.0,303.0,266.0,288.0,223.0,236.0,285.0,324.0,330.0,431.0,315.0,341.0,432.0,286.0,300.0,251.0,274.0,286.0,344.0,301.0,366.0
65,340.0,318.0,368.0,412.0,467.0,459.0,400.0,336.0,350.0,362.0,398.0,355.0,306.0,560.0,581.0,826.0,760.0,761.0,903.0,557.0,601.0,490.0,207.0,0.0,0.0,428.0,366.0,196.0,327.0,216.0,422.0,453.0,475.0,343.0,279.0,430.0,564.0,266.0,235.0,0.0,0.0,0.0,0.0,0.0,0.0,0.0,0.0,0.0,0.0,0.0,0.0,0.0,368.0,356.0,368.0,344.0,368.0,368.0,356.0,368.0,21.0,22.0,22.0,21.0,356.0,324.0,333.0,531.0,447.0,503.0,417.0,295.0,303.0,266.0,288.0,223.0,236.0,296.0,366.0,330.0,431.0,315.0,341.0,432.0,286.0,300.0,251.0,274.0,286.0,344.0,367.0
66,306.0,340.0,318.0,368.0,412.0,467.0,459.0,400.0,336.0,350.0,362.0,398.0,324.0,428.0,560.0,581.0,826.0,760.0,761.0,903.0,557.0,601.0,490.0,207.0,0.0,396.0,235.0,366.0,196.0,327.0,216.0,422.0,453.0,475.0,343.0,279.0,430.0,564.0,509.0,0.0,0.0,0.0,0.0,0.0,0.0,0.0,0.0,0.0,0.0,0.0,0.0,0.0,356.0,368.0,356.0,368.0,344.0,368.0,368.0,356.0,368.0,21.0,22.0,22.0,368.0,296.0,324.0,333.0,531.0,447.0,503.0,417.0,295.0,303.0,266.0,288.0,223.0,305.0,367.0,366.0,330.0,431.0,315.0,341.0,432.0,286.0,300.0,251.0,274.0,286.0,303.0
67,324.0,306.0,340.0,318.0,368.0,412.0,467.0,459.0,400.0,336.0,350.0,362.0,307.0,396.0,428.0,560.0,581.0,826.0,760.0,761.0,903.0,557.0,601.0,490.0,207.0,328.0,509.0,235.0,366.0,196.0,327.0,216.0,422.0,453.0,475.0,343.0,279.0,430.0,372.0,0.0,0.0,0.0,0.0,0.0,0.0,0.0,0.0,0.0,0.0,0.0,0.0,0.0,368.0,356.0,368.0,356.0,368.0,344.0,368.0,368.0,356.0,368.0,21.0,22.0,368.0,305.0,296.0,324.0,333.0,531.0,447.0,503.0,417.0,295.0,303.0,266.0,288.0,284.0,303.0,367.0,366.0,330.0,431.0,315.0,341.0,432.0,286.0,300.0,251.0,274.0,356.0
68,307.0,324.0,306.0,340.0,318.0,368.0,412.0,467.0,459.0,400.0,336.0,350.0,292.0,328.0,396.0,428.0,560.0,581.0,826.0,760.0,761.0,903.0,557.0,601.0,490.0,485.0,372.0,509.0,235.0,366.0,196.0,327.0,216.0,422.0,453.0,475.0,343.0,279.0,332.0,0.0,0.0,0.0,0.0,0.0,0.0,0.0,0.0,0.0,0.0,0.0,0.0,9.0,368.0,368.0,356.0,368.0,356.0,368.0,344.0,368.0,368.0,356.0,368.0,21.0,356.0,284.0,305.0,296.0,324.0,333.0,531.0,447.0,503.0,417.0,295.0,303.0,266.0,265.0,356.0,303.0,367.0,366.0,330.0,431.0,315.0,341.0,432.0,286.0,300.0,251.0,458.0
69,292.0,307.0,324.0,306.0,340.0,318.0,368.0,412.0,467.0,459.0,400.0,336.0,325.0,485.0,328.0,396.0,428.0,560.0,581.0,826.0,760.0,761.0,903.0,557.0,601.0,549.0,332.0,372.0,509.0,235.0,366.0,196.0,327.0,216.0,422.0,453.0,475.0,343.0,270.0,9.0,0.0,0.0,0.0,0.0,0.0,0.0,0.0,0.0,0.0,0.0,0.0,0.0,356.0,368.0,368.0,356.0,368.0,356.0,368.0,344.0,368.0,368.0,356.0,368.0,368.0,265.0,284.0,305.0,296.0,324.0,333.0,531.0,447.0,503.0,417.0,295.0,303.0,314.0,458.0,356.0,303.0,367.0,366.0,330.0,431.0,315.0,341.0,432.0,286.0,300.0,292.0
70,325.0,292.0,307.0,324.0,306.0,340.0,318.0,368.0,412.0,467.0,459.0,400.0,354.0,549.0,485.0,328.0,396.0,428.0,560.0,581.0,826.0,760.0,761.0,903.0,557.0,610.0,270.0,332.0,372.0,509.0,235.0,366.0,196.0,327.0,216.0,422.0,453.0,475.0,347.0,0.0,9.0,0.0,0.0,0.0,0.0,0.0,0.0,0.0,0.0,0.0,0.0,7.0,368.0,356.0,368.0,368.0,356.0,368.0,356.0,368.0,344.0,368.0,368.0,356.0,356.0,314.0,265.0,284.0,305.0,296.0,324.0,333.0,531.0,447.0,503.0,417.0,295.0,401.0,292.0,458.0,356.0,303.0,367.0,366.0,330.0,431.0,315.0,341.0,432.0,286.0,300.0
71,354.0,325.0,292.0,307.0,324.0,306.0,340.0,318.0,368.0,412.0,467.0,459.0,391.0,610.0,549.0,485.0,328.0,396.0,428.0,560.0,581.0,826.0,760.0,761.0,903.0,864.0,347.0,270.0,332.0,372.0,509.0,235.0,366.0,196.0,327.0,216.0,422.0,453.0,301.0,7.0,0.0,9.0,0.0,0.0,0.0,0.0,0.0,0.0,0.0,0.0,0.0,7.0,356.0,368.0,356.0,368.0,368.0,356.0,368.0,356.0,368.0,344.0,368.0,368.0,368.0,401.0,314.0,265.0,284.0,305.0,296.0,324.0,333.0,531.0,447.0,503.0,417.0,415.0,300.0,292.0,458.0,356.0,303.0,367.0,366.0,330.0,431.0,315.0,341.0,432.0,308.0
72,391.0,354.0,325.0,292.0,307.0,324.0,306.0,340.0,318.0,368.0,412.0,467.0,405.0,864.0,610.0,549.0,485.0,328.0,396.0,428.0,560.0,581.0,826.0,760.0,761.0,797.0,301.0,347.0,270.0,332.0,372.0,509.0,235.0,366.0,196.0,327.0,216.0,422.0,345.0,7.0,7.0,0.0,9.0,0.0,0.0,0.0,0.0,0.0,0.0,0.0,0.0,6.0,368.0,356.0,368.0,356.0,368.0,368.0,356.0,368.0,356.0,368.0,344.0,368.0,368.0,415.0,401.0,314.0,265.0,284.0,305.0,296.0,324.0,333.0,531.0,447.0,503.0,467.0,308.0,300.0,292.0,458.0,356.0,303.0,367.0,366.0,330.0,431.0,315.0,341.0,269.0
73,405.0,391.0,354.0,325.0,292.0,307.0,324.0,306.0,340.0,318.0,368.0,412.0,376.0,797.0,864.0,610.0,549.0,485.0,328.0,396.0,428.0,560.0,581.0,826.0,760.0,877.0,345.0,301.0,347.0,270.0,332.0,372.0,509.0,235.0,366.0,196.0,327.0,216.0,287.0,6.0,7.0,7.0,0.0,9.0,0.0,0.0,0.0,0.0,0.0,0.0,0.0,1.0,368.0,368.0,356.0,368.0,356.0,368.0,368.0,356.0,368.0,356.0,368.0,344.0,332.0,467.0,415.0,401.0,314.0,265.0,284.0,305.0,296.0,324.0,333.0,531.0,447.0,366.0,269.0,308.0,300.0,292.0,458.0,356.0,303.0,367.0,366.0,330.0,431.0,315.0,262.0
74,376.0,405.0,391.0,354.0,325.0,292.0,307.0,324.0,306.0,340.0,318.0,368.0,347.0,877.0,797.0,864.0,610.0,549.0,485.0,328.0,396.0,428.0,560.0,581.0,826.0,738.0,287.0,345.0,301.0,347.0,270.0,332.0,372.0,509.0,235.0,366.0,196.0,327.0,320.0,1.0,6.0,7.0,7.0,0.0,9.0,0.0,0.0,0.0,0.0,0.0,0.0,11.0,332.0,368.0,368.0,356.0,368.0,356.0,368.0,368.0,356.0,368.0,356.0,368.0,368.0,366.0,467.0,415.0,401.0,314.0,265.0,284.0,305.0,296.0,324.0,333.0,531.0,402.0,262.0,269.0,308.0,300.0,292.0,458.0,356.0,303.0,367.0,366.0,330.0,431.0,311.0
75,347.0,376.0,405.0,391.0,354.0,325.0,292.0,307.0,324.0,306.0,340.0,318.0,304.0,738.0,877.0,797.0,864.0,610.0,549.0,485.0,328.0,396.0,428.0,560.0,581.0,617.0,320.0,287.0,345.0,301.0,347.0,270.0,332.0,372.0,509.0,235.0,366.0,196.0,283.0,11.0,1.0,6.0,7.0,7.0,0.0,9.0,0.0,0.0,0.0,0.0,0.0,0.0,368.0,332.0,368.0,368.0,356.0,368.0,356.0,368.0,368.0,356.0,368.0,356.0,356.0,402.0,366.0,467.0,415.0,401.0,314.0,265.0,284.0,305.0,296.0,324.0,333.0,353.0,311.0,262.0,269.0,308.0,300.0,292.0,458.0,356.0,303.0,367.0,366.0,330.0,442.0
76,304.0,347.0,376.0,405.0,391.0,354.0,325.0,292.0,307.0,324.0,306.0,340.0,421.0,617.0,738.0,877.0,797.0,864.0,610.0,549.0,485.0,328.0,396.0,428.0,560.0,658.0,283.0,320.0,287.0,345.0,301.0,347.0,270.0,332.0,372.0,509.0,235.0,366.0,205.0,0.0,11.0,1.0,6.0,7.0,7.0,0.0,9.0,0.0,0.0,0.0,0.0,2.0,356.0,368.0,332.0,368.0,368.0,356.0,368.0,356.0,368.0,368.0,356.0,368.0,368.0,353.0,402.0,366.0,467.0,415.0,401.0,314.0,265.0,284.0,305.0,296.0,324.0,331.0,442.0,311.0,262.0,269.0,308.0,300.0,292.0,458.0,356.0,303.0,367.0,366.0,413.0
77,421.0,304.0,347.0,376.0,405.0,391.0,354.0,325.0,292.0,307.0,324.0,306.0,440.0,658.0,617.0,738.0,877.0,797.0,864.0,610.0,549.0,485.0,328.0,396.0,428.0,684.0,205.0,283.0,320.0,287.0,345.0,301.0,347.0,270.0,332.0,372.0,509.0,235.0,344.0,2.0,0.0,11.0,1.0,6.0,7.0,7.0,0.0,9.0,0.0,0.0,0.0,2.0,368.0,356.0,368.0,332.0,368.0,368.0,356.0,368.0,356.0,368.0,368.0,356.0,356.0,331.0,353.0,402.0,366.0,467.0,415.0,401.0,314.0,265.0,284.0,305.0,296.0,308.0,413.0,442.0,311.0,262.0,269.0,308.0,300.0,292.0,458.0,356.0,303.0,367.0,326.0
78,440.0,421.0,304.0,347.0,376.0,405.0,391.0,354.0,325.0,292.0,307.0,324.0,501.0,684.0,658.0,617.0,738.0,877.0,797.0,864.0,610.0,549.0,485.0,328.0,396.0,530.0,344.0,205.0,283.0,320.0,287.0,345.0,301.0,347.0,270.0,332.0,372.0,509.0,452.0,2.0,2.0,0.0,11.0,1.0,6.0,7.0,7.0,0.0,9.0,0.0,0.0,2.0,356.0,368.0,356.0,368.0,332.0,368.0,368.0,356.0,368.0,356.0,368.0,368.0,368.0,308.0,331.0,353.0,402.0,366.0,467.0,415.0,401.0,314.0,265.0,284.0,305.0,325.0,326.0,413.0,442.0,311.0,262.0,269.0,308.0,300.0,292.0,458.0,356.0,303.0,367.0
79,501.0,440.0,421.0,304.0,347.0,376.0,405.0,391.0,354.0,325.0,292.0,307.0,484.0,530.0,684.0,658.0,617.0,738.0,877.0,797.0,864.0,610.0,549.0,485.0,328.0,439.0,452.0,344.0,205.0,283.0,320.0,287.0,345.0,301.0,347.0,270.0,332.0,372.0,457.0,2.0,2.0,2.0,0.0,11.0,1.0,6.0,7.0,7.0,0.0,9.0,0.0,12.0,368.0,356.0,368.0,356.0,368.0,332.0,368.0,368.0,356.0,368.0,356.0,368.0,368.0,325.0,308.0,331.0,353.0,402.0,366.0,467.0,415.0,401.0,314.0,265.0,284.0,322.0,367.0,326.0,413.0,442.0,311.0,262.0,269.0,308.0,300.0,292.0,458.0,356.0,392.0
80,484.0,501.0,440.0,421.0,304.0,347.0,376.0,405.0,391.0,354.0,325.0,292.0,428.0,439.0,530.0,684.0,658.0,617.0,738.0,877.0,797.0,864.0,610.0,549.0,485.0,710.0,457.0,452.0,344.0,205.0,283.0,320.0,287.0,345.0,301.0,347.0,270.0,332.0,332.0,12.0,2.0,2.0,2.0,0.0,11.0,1.0,6.0,7.0,7.0,0.0,9.0,37.0,368.0,368.0,356.0,368.0,356.0,368.0,332.0,368.0,368.0,356.0,368.0,356.0,356.0,322.0,325.0,308.0,331.0,353.0,402.0,366.0,467.0,415.0,401.0,314.0,265.0,253.0,392.0,367.0,326.0,413.0,442.0,311.0,262.0,269.0,308.0,300.0,292.0,458.0,461.0
81,428.0,484.0,501.0,440.0,421.0,304.0,347.0,376.0,405.0,391.0,354.0,325.0,425.0,710.0,439.0,530.0,684.0,658.0,617.0,738.0,877.0,797.0,864.0,610.0,549.0,744.0,332.0,457.0,452.0,344.0,205.0,283.0,320.0,287.0,345.0,301.0,347.0,270.0,503.0,37.0,12.0,2.0,2.0,2.0,0.0,11.0,1.0,6.0,7.0,7.0,0.0,280.0,356.0,368.0,368.0,356.0,368.0,356.0,368.0,332.0,368.0,368.0,356.0,368.0,368.0,253.0,322.0,325.0,308.0,331.0,353.0,402.0,366.0,467.0,415.0,401.0,314.0,328.0,461.0,392.0,367.0,326.0,413.0,442.0,311.0,262.0,269.0,308.0,300.0,292.0,386.0
82,425.0,428.0,484.0,501.0,440.0,421.0,304.0,347.0,376.0,405.0,391.0,354.0,429.0,744.0,710.0,439.0,530.0,684.0,658.0,617.0,738.0,877.0,797.0,864.0,610.0,740.0,503.0,332.0,457.0,452.0,344.0,205.0,283.0,320.0,287.0,345.0,301.0,347.0,440.0,280.0,37.0,12.0,2.0,2.0,2.0,0.0,11.0,1.0,6.0,7.0,7.0,352.0,368.0,356.0,368.0,368.0,356.0,368.0,356.0,368.0,332.0,368.0,368.0,356.0,356.0,328.0,253.0,322.0,325.0,308.0,331.0,353.0,402.0,366.0,467.0,415.0,401.0,388.0,386.0,461.0,392.0,367.0,326.0,413.0,442.0,311.0,262.0,269.0,308.0,300.0,410.0
83,429.0,425.0,428.0,484.0,501.0,440.0,421.0,304.0,347.0,376.0,405.0,391.0,541.0,740.0,744.0,710.0,439.0,530.0,684.0,658.0,617.0,738.0,877.0,797.0,864.0,883.0,440.0,503.0,332.0,457.0,452.0,344.0,205.0,283.0,320.0,287.0,345.0,301.0,514.0,352.0,280.0,37.0,12.0,2.0,2.0,2.0,0.0,11.0,1.0,6.0,7.0,382.0,356.0,368.0,356.0,368.0,368.0,356.0,368.0,356.0,368.0,332.0,368.0,368.0,368.0,388.0,328.0,253.0,322.0,325.0,308.0,331.0,353.0,402.0,366.0,467.0,415.0,411.0,410.0,386.0,461.0,392.0,367.0,326.0,413.0,442.0,311.0,262.0,269.0,308.0,524.0
84,541.0,429.0,425.0,428.0,484.0,501.0,440.0,421.0,304.0,347.0,376.0,405.0,530.0,883.0,740.0,744.0,710.0,439.0,530.0,684.0,658.0,617.0,738.0,877.0,797.0,843.0,514.0,440.0,503.0,332.0,457.0,452.0,344.0,205.0,283.0,320.0,287.0,345.0,484.0,382.0,352.0,280.0,37.0,12.0,2.0,2.0,2.0,0.0,11.0,1.0,6.0,286.0,368.0,356.0,368.0,356.0,368.0,368.0,356.0,368.0,356.0,368.0,332.0,368.0,368.0,411.0,388.0,328.0,253.0,322.0,325.0,308.0,331.0,353.0,402.0,366.0,467.0,434.0,524.0,410.0,386.0,461.0,392.0,367.0,326.0,413.0,442.0,311.0,262.0,269.0,546.0
85,530.0,541.0,429.0,425.0,428.0,484.0,501.0,440.0,421.0,304.0,347.0,376.0,530.0,843.0,883.0,740.0,744.0,710.0,439.0,530.0,684.0,658.0,617.0,738.0,877.0,747.0,484.0,514.0,440.0,503.0,332.0,457.0,452.0,344.0,205.0,283.0,320.0,287.0,443.0,286.0,382.0,352.0,280.0,37.0,12.0,2.0,2.0,2.0,0.0,11.0,1.0,261.0,368.0,368.0,356.0,368.0,356.0,368.0,368.0,356.0,368.0,356.0,368.0,332.0,332.0,434.0,411.0,388.0,328.0,253.0,322.0,325.0,308.0,331.0,353.0,402.0,366.0,368.0,546.0,524.0,410.0,386.0,461.0,392.0,367.0,326.0,413.0,442.0,311.0,262.0,453.0
86,530.0,530.0,541.0,429.0,425.0,428.0,484.0,501.0,440.0,421.0,304.0,347.0,503.0,747.0,843.0,883.0,740.0,744.0,710.0,439.0,530.0,684.0,658.0,617.0,738.0,938.0,443.0,484.0,514.0,440.0,503.0,332.0,457.0,452.0,344.0,205.0,283.0,320.0,461.0,261.0,286.0,382.0,352.0,280.0,37.0,12.0,2.0,2.0,2.0,0.0,11.0,312.0,332.0,368.0,368.0,356.0,368.0,356.0,368.0,368.0,356.0,368.0,356.0,368.0,368.0,368.0,434.0,411.0,388.0,328.0,253.0,322.0,325.0,308.0,331.0,353.0,402.0,404.0,453.0,546.0,524.0,410.0,386.0,461.0,392.0,367.0,326.0,413.0,442.0,311.0,398.0
87,503.0,530.0,530.0,541.0,429.0,425.0,428.0,484.0,501.0,440.0,421.0,304.0,427.0,938.0,747.0,843.0,883.0,740.0,744.0,710.0,439.0,530.0,684.0,658.0,617.0,715.0,461.0,443.0,484.0,514.0,440.0,503.0,332.0,457.0,452.0,344.0,205.0,283.0,359.0,312.0,261.0,286.0,382.0,352.0,280.0,37.0,12.0,2.0,2.0,2.0,0.0,295.0,368.0,332.0,368.0,368.0,356.0,368.0,356.0,368.0,368.0,356.0,368.0,356.0,356.0,404.0,368.0,434.0,411.0,388.0,328.0,253.0,322.0,325.0,308.0,331.0,353.0,379.0,398.0,453.0,546.0,524.0,410.0,386.0,461.0,392.0,367.0,326.0,413.0,442.0,398.0
88,427.0,503.0,530.0,530.0,541.0,429.0,425.0,428.0,484.0,501.0,440.0,421.0,423.0,715.0,938.0,747.0,843.0,883.0,740.0,744.0,710.0,439.0,530.0,684.0,658.0,751.0,359.0,461.0,443.0,484.0,514.0,440.0,503.0,332.0,457.0,452.0,344.0,205.0,347.0,295.0,312.0,261.0,286.0,382.0,352.0,280.0,37.0,12.0,2.0,2.0,2.0,298.0,356.0,368.0,332.0,368.0,368.0,356.0,368.0,356.0,368.0,368.0,356.0,368.0,368.0,379.0,404.0,368.0,434.0,411.0,388.0,328.0,253.0,322.0,325.0,308.0,331.0,342.0,398.0,398.0,453.0,546.0,524.0,410.0,386.0,461.0,392.0,367.0,326.0,413.0,280.0
89,423.0,427.0,503.0,530.0,530.0,541.0,429.0,425.0,428.0,484.0,501.0,440.0,399.0,751.0,715.0,938.0,747.0,843.0,883.0,740.0,744.0,710.0,439.0,530.0,684.0,721.0,347.0,359.0,461.0,443.0,484.0,514.0,440.0,503.0,332.0,457.0,452.0,344.0,312.0,298.0,295.0,312.0,261.0,286.0,382.0,352.0,280.0,37.0,12.0,2.0,2.0,226.0,368.0,356.0,368.0,332.0,368.0,368.0,356.0,368.0,356.0,368.0,368.0,356.0,356.0,342.0,379.0,404.0,368.0,434.0,411.0,388.0,328.0,253.0,322.0,325.0,308.0,335.0,280.0,398.0,398.0,453.0,546.0,524.0,410.0,386.0,461.0,392.0,367.0,326.0,384.0
90,399.0,423.0,427.0,503.0,530.0,530.0,541.0,429.0,425.0,428.0,484.0,501.0,437.0,721.0,751.0,715.0,938.0,747.0,843.0,883.0,740.0,744.0,710.0,439.0,530.0,690.0,312.0,347.0,359.0,461.0,443.0,484.0,514.0,440.0,503.0,332.0,457.0,452.0,531.0,226.0,298.0,295.0,312.0,261.0,286.0,382.0,352.0,280.0,37.0,12.0,2.0,210.0,356.0,368.0,356.0,368.0,332.0,368.0,368.0,356.0,368.0,356.0,368.0,368.0,368.0,335.0,342.0,379.0,404.0,368.0,434.0,411.0,388.0,328.0,253.0,322.0,325.0,412.0,384.0,280.0,398.0,398.0,453.0,546.0,524.0,410.0,386.0,461.0,392.0,367.0,357.0
91,437.0,399.0,423.0,427.0,503.0,530.0,530.0,541.0,429.0,425.0,428.0,484.0,417.0,690.0,721.0,751.0,715.0,938.0,747.0,843.0,883.0,740.0,744.0,710.0,439.0,534.0,531.0,312.0,347.0,359.0,461.0,443.0,484.0,514.0,440.0,503.0,332.0,457.0,550.0,210.0,226.0,298.0,295.0,312.0,261.0,286.0,382.0,352.0,280.0,37.0,12.0,248.0,368.0,356.0,368.0,356.0,368.0,332.0,368.0,368.0,356.0,368.0,356.0,368.0,368.0,412.0,335.0,342.0,379.0,404.0,368.0,434.0,411.0,388.0,328.0,253.0,322.0,363.0,357.0,384.0,280.0,398.0,398.0,453.0,546.0,524.0,410.0,386.0,461.0,392.0,372.0
92,417.0,437.0,399.0,423.0,427.0,503.0,530.0,530.0,541.0,429.0,425.0,428.0,388.0,534.0,690.0,721.0,751.0,715.0,938.0,747.0,843.0,883.0,740.0,744.0,710.0,640.0,550.0,531.0,312.0,347.0,359.0,461.0,443.0,484.0,514.0,440.0,503.0,332.0,334.0,248.0,210.0,226.0,298.0,295.0,312.0,261.0,286.0,382.0,352.0,280.0,37.0,249.0,368.0,368.0,356.0,368.0,356.0,368.0,332.0,368.0,368.0,356.0,368.0,356.0,356.4,363.0,412.0,335.0,342.0,379.0,404.0,368.0,434.0,411.0,388.0,328.0,253.0,337.0,372.0,357.0,384.0,280.0,398.0,398.0,453.0,546.0,524.0,410.0,386.0,461.0,405.0
93,388.0,417.0,437.0,399.0,423.0,427.0,503.0,530.0,530.0,541.0,429.0,425.0,423.708,640.0,534.0,690.0,721.0,751.0,715.0,938.0,747.0,843.0,883.0,740.0,744.0,741.645,334.0,550.0,531.0,312.0,347.0,359.0,461.0,443.0,484.0,514.0,440.0,503.0,370.319,249.0,248.0,210.0,226.0,298.0,295.0,312.0,261.0,286.0,382.0,352.0,280.0,310.807,356.4,368.0,368.0,356.0,368.0,356.0,368.0,332.0,368.0,368.0,356.0,368.0,368.28,337.0,363.0,412.0,335.0,342.0,379.0,404.0,368.0,434.0,411.0,388.0,328.0,393.975,405.0,372.0,357.0,384.0,280.0,398.0,398.0,453.0,546.0,524.0,410.0,386.0,237.337
94,423.708,388.0,417.0,437.0,399.0,423.0,427.0,503.0,530.0,530.0,541.0,429.0,461.116,741.645,640.0,534.0,690.0,721.0,751.0,715.0,938.0,747.0,843.0,883.0,740.0,786.125,370.319,334.0,550.0,531.0,312.0,347.0,359.0,461.0,443.0,484.0,514.0,440.0,451.57,310.807,249.0,248.0,210.0,226.0,298.0,295.0,312.0,261.0,286.0,382.0,352.0,358.129,368.28,356.4,368.0,368.0,356.0,368.0,356.0,368.0,332.0,368.0,368.0,356.0,356.4,393.975,337.0,363.0,412.0,335.0,342.0,379.0,404.0,368.0,434.0,411.0,388.0,366.47,237.337,405.0,372.0,357.0,384.0,280.0,398.0,398.0,453.0,546.0,524.0,410.0,415.554
95,461.116,423.708,388.0,417.0,437.0,399.0,423.0,427.0,503.0,530.0,530.0,541.0,514.0989999999999,786.125,741.645,640.0,534.0,690.0,721.0,751.0,715.0,938.0,747.0,843.0,883.0,823.8960000000001,451.57,370.319,334.0,550.0,531.0,312.0,347.0,359.0,461.0,443.0,484.0,514.0,530.335,358.129,310.807,249.0,248.0,210.0,226.0,298.0,295.0,312.0,261.0,286.0,382.0,384.043,356.4,368.28,356.4,368.0,368.0,356.0,368.0,356.0,368.0,332.0,368.0,368.0,368.28,366.47,393.975,337.0,363.0,412.0,335.0,342.0,379.0,404.0,368.0,434.0,411.0,470.94,415.554,237.337,405.0,372.0,357.0,384.0,280.0,398.0,398.0,453.0,546.0,524.0,737.685
