,0,1,2,3,4,5,6,7,8,9,10,11,12,13,14,15,16,17,18,19,20,21,22,23,24,25,26,27,28,29,30,31,32,33,34,35,36,37,38,39,40,41,42,43,44,45,46,47,48,49,50,51,52,53,54,55,56,57,58,59,60,61,62,63,64,65,66,67,68,69,70,71,72,73,74,75,76,77,78,79,80,81,82,83,84,85,86,87,88,89,90,91,92,93,94,95,96,97,98,99,100,101,102,103,104,105,106,107,108,109,110,111,112,113,114,115,116
0,548.0,347.0,400.0,431.0,570.0,551.0,449.0,265.0,226.0,202.81356,183.18644,270.53333,482.0,403.0,350.0,365.0,351.0,591.0,515.0,349.0,320.0,320.0,333.11865,300.88135,356.9375,379.0,631.0,586.0,372.0,345.0,420.0,323.0,296.0,276.0,261.0,275.0,293.05,327.52377,702.0,378.0,270.0,182.0,167.0,318.0,295.0,223.0,191.0,215.0,356.23729,321.76271,470.47059,403.0,586.0,463.0,404.0,226.0,100.0,131.0,303.0,342.0,440.0,554.0,565.22034,625.7796599999999,629.0,510.0,433.0,393.0,408.0,402.0,379.0,417.0,431.0,365.0,513.8644,464.1356,370.73913,502.0,460.86111,363.17647,373.61663,377.14238,444.33118,446.73334,373.5,363.38888,384.33145,440.30509,409.87458,498.84242,485.13889000000006,564.0,388.0,391.0,336.0,376.0,353.0,355.0,379.0,385.0,515.0,334.0,571.0,455.0,443.0,429.0,443.0,307.0,278.0,278.0,269.0,279.0,269.0,278.0,251.0,278.0,443.0
1,482.0,548.0,347.0,400.0,431.0,570.0,551.0,449.0,265.0,226.0,202.81356,183.18644,373.0,379.0,403.0,350.0,365.0,351.0,591.0,515.0,349.0,320.0,320.0,333.11865,300.88135,330.0,702.0,631.0,586.0,372.0,345.0,420.0,323.0,296.0,276.0,261.0,275.0,293.05,551.0,403.0,378.0,270.0,182.0,167.0,318.0,295.0,223.0,191.0,215.0,356.23729,321.76271,297.0,629.0,586.0,463.0,404.0,226.0,100.0,131.0,303.0,342.0,440.0,554.0,565.22034,568.0,502.0,510.0,433.0,393.0,408.0,402.0,379.0,417.0,431.0,365.0,513.8644,464.1356,414.0,485.13889000000006,460.86111,363.17647,373.61663,377.14238,444.33118,446.73334,373.5,363.38888,384.33145,440.30509,409.87458,434.0,455.0,564.0,388.0,391.0,336.0,376.0,353.0,355.0,379.0,385.0,515.0,334.0,476.0,443.0,443.0,429.0,443.0,307.0,278.0,278.0,269.0,279.0,269.0,278.0,251.0,400.0
2,373.0,482.0,548.0,347.0,400.0,431.0,570.0,551.0,449.0,265.0,226.0,202.81356,858.0,330.0,379.0,403.0,350.0,365.0,351.0,591.0,515.0,349.0,320.0,320.0,333.11865,372.0,551.0,702.0,631.0,586.0,372.0,345.0,420.0,323.0,296.0,276.0,261.0,275.0,602.0,297.0,403.0,378.0,270.0,182.0,167.0,318.0,295.0,223.0,191.0,215.0,356.23729,293.0,568.0,629.0,586.0,463.0,404.0,226.0,100.0,131.0,303.0,342.0,440.0,554.0,547.0,414.0,502.0,510.0,433.0,393.0,408.0,402.0,379.0,417.0,431.0,365.0,513.8644,427.0,434.0,485.13889000000006,460.86111,363.17647,373.61663,377.14238,444.33118,446.73334,373.5,363.38888,384.33145,440.30509,430.0,476.0,455.0,564.0,388.0,391.0,336.0,376.0,353.0,355.0,379.0,385.0,515.0,407.0,400.0,443.0,443.0,429.0,443.0,307.0,278.0,278.0,269.0,279.0,269.0,278.0,443.0
3,858.0,373.0,482.0,548.0,347.0,400.0,431.0,570.0,551.0,449.0,265.0,226.0,289.0,372.0,330.0,379.0,403.0,350.0,365.0,351.0,591.0,515.0,349.0,320.0,320.0,311.0,602.0,551.0,702.0,631.0,586.0,372.0,345.0,420.0,323.0,296.0,276.0,261.0,581.0,293.0,297.0,403.0,378.0,270.0,182.0,167.0,318.0,295.0,223.0,191.0,215.0,217.0,547.0,568.0,629.0,586.0,463.0,404.0,226.0,100.0,131.0,303.0,342.0,440.0,387.0,427.0,414.0,502.0,510.0,433.0,393.0,408.0,402.0,379.0,417.0,431.0,365.0,374.98795,430.0,434.0,485.13889000000006,460.86111,363.17647,373.61663,377.14238,444.33118,446.73334,373.5,363.38888,384.33145,334.0,407.0,476.0,455.0,564.0,388.0,391.0,336.0,376.0,353.0,355.0,379.0,385.0,334.0,443.0,400.0,443.0,443.0,429.0,443.0,307.0,278.0,278.0,269.0,279.0,269.0,429.0
4,289.0,858.0,373.0,482.0,548.0,347.0,400.0,431.0,570.0,551.0,449.0,265.0,506.0,311.0,372.0,330.0,379.0,403.0,350.0,365.0,351.0,591.0,515.0,349.0,320.0,313.0,581.0,602.0,551.0,702.0,631.0,586.0,372.0,345.0,420.0,323.0,296.0,276.0,376.0,217.0,293.0,297.0,403.0,378.0,270.0,182.0,167.0,318.0,295.0,223.0,191.0,200.0,387.0,547.0,568.0,629.0,586.0,463.0,404.0,226.0,100.0,131.0,303.0,342.0,343.0,374.98795,427.0,414.0,502.0,510.0,433.0,393.0,408.0,402.0,379.0,417.0,431.0,390.3012000000001,334.0,430.0,434.0,485.13889000000006,460.86111,363.17647,373.61663,377.14238,444.33118,446.73334,373.5,363.38888,317.0,334.0,407.0,476.0,455.0,564.0,388.0,391.0,336.0,376.0,353.0,355.0,379.0,333.0,429.0,443.0,400.0,443.0,443.0,429.0,443.0,307.0,278.0,278.0,269.0,279.0,444.0
5,506.0,289.0,858.0,373.0,482.0,548.0,347.0,400.0,431.0,570.0,551.0,449.0,329.0,313.0,311.0,372.0,330.0,379.0,403.0,350.0,365.0,351.0,591.0,515.0,349.0,372.0,376.0,581.0,602.0,551.0,702.0,631.0,586.0,372.0,345.0,420.0,323.0,296.0,382.0,200.0,217.0,293.0,297.0,403.0,378.0,270.0,182.0,167.0,318.0,295.0,223.0,195.0,343.0,387.0,547.0,568.0,629.0,586.0,463.0,404.0,226.0,100.0,131.0,303.0,309.0,390.3012000000001,374.98795,427.0,414.0,502.0,510.0,433.0,393.0,408.0,402.0,379.0,417.0,377.71085,317.0,334.0,430.0,434.0,485.13889000000006,460.86111,363.17647,373.61663,377.14238,444.33118,446.73334,373.5,328.6,333.0,334.0,407.0,476.0,455.0,564.0,388.0,391.0,336.0,376.0,353.0,355.0,362.0,444.0,429.0,443.0,400.0,443.0,443.0,429.0,443.0,307.0,278.0,278.0,269.0,428.0
6,329.0,506.0,289.0,858.0,373.0,482.0,548.0,347.0,400.0,431.0,570.0,551.0,542.0,372.0,313.0,311.0,372.0,330.0,379.0,403.0,350.0,365.0,351.0,591.0,515.0,540.0,382.0,376.0,581.0,602.0,551.0,702.0,631.0,586.0,372.0,345.0,420.0,323.0,424.0,195.0,200.0,217.0,293.0,297.0,403.0,378.0,270.0,182.0,167.0,318.0,295.0,299.0,309.0,343.0,387.0,547.0,568.0,629.0,586.0,463.0,404.0,226.0,100.0,131.0,378.0,377.71085,390.3012000000001,374.98795,427.0,414.0,502.0,510.0,433.0,393.0,408.0,402.0,379.0,367.0,328.6,317.0,334.0,430.0,434.0,485.13889000000006,460.86111,363.17647,373.61663,377.14238,444.33118,446.73334,435.775,362.0,333.0,334.0,407.0,476.0,455.0,564.0,388.0,391.0,336.0,376.0,353.0,396.0,428.0,444.0,429.0,443.0,400.0,443.0,443.0,429.0,443.0,307.0,278.0,278.0,444.0
7,542.0,329.0,506.0,289.0,858.0,373.0,482.0,548.0,347.0,400.0,431.0,570.0,685.0,540.0,372.0,313.0,311.0,372.0,330.0,379.0,403.0,350.0,365.0,351.0,591.0,582.0,424.0,382.0,376.0,581.0,602.0,551.0,702.0,631.0,586.0,372.0,345.0,420.0,340.0,299.0,195.0,200.0,217.0,293.0,297.0,403.0,378.0,270.0,182.0,167.0,318.0,316.0,378.0,309.0,343.0,387.0,547.0,568.0,629.0,586.0,463.0,404.0,226.0,100.0,401.0,367.0,377.71085,390.3012000000001,374.98795,427.0,414.0,502.0,510.0,433.0,393.0,408.0,402.0,389.0,435.775,328.6,317.0,334.0,430.0,434.0,485.13889000000006,460.86111,363.17647,373.61663,377.14238,444.33118,418.69396,396.0,362.0,333.0,334.0,407.0,476.0,455.0,564.0,388.0,391.0,336.0,376.0,399.5,444.0,428.0,444.0,429.0,443.0,400.0,443.0,443.0,429.0,443.0,307.0,278.0,443.0
8,685.0,542.0,329.0,506.0,289.0,858.0,373.0,482.0,548.0,347.0,400.0,431.0,406.62069,582.0,540.0,372.0,313.0,311.0,372.0,330.0,379.0,403.0,350.0,365.0,351.0,397.70689,340.0,424.0,382.0,376.0,581.0,602.0,551.0,702.0,631.0,586.0,372.0,345.0,383.0,316.0,299.0,195.0,200.0,217.0,293.0,297.0,403.0,378.0,270.0,182.0,167.0,227.0,401.0,378.0,309.0,343.0,387.0,547.0,568.0,629.0,586.0,463.0,404.0,226.0,370.0,389.0,367.0,377.71085,390.3012000000001,374.98795,427.0,414.0,502.0,510.0,433.0,393.0,408.0,369.0,418.69396,435.775,328.6,317.0,334.0,430.0,434.0,485.13889000000006,460.86111,363.17647,373.61663,377.14238,364.67241,399.5,396.0,362.0,333.0,334.0,407.0,476.0,455.0,564.0,388.0,391.0,336.0,397.5,443.0,444.0,428.0,444.0,429.0,443.0,400.0,443.0,443.0,429.0,443.0,307.0,429.0
9,406.62069,685.0,542.0,329.0,506.0,289.0,858.0,373.0,482.0,548.0,347.0,400.0,393.37931,397.70689,582.0,540.0,372.0,313.0,311.0,372.0,330.0,379.0,403.0,350.0,365.0,415.29311,383.0,340.0,424.0,382.0,376.0,581.0,602.0,551.0,702.0,631.0,586.0,372.0,502.0,227.0,316.0,299.0,195.0,200.0,217.0,293.0,297.0,403.0,378.0,270.0,182.0,217.0,370.0,401.0,378.0,309.0,343.0,387.0,547.0,568.0,629.0,586.0,463.0,404.0,333.0,369.0,389.0,367.0,377.71085,390.3012000000001,374.98795,427.0,414.0,502.0,510.0,433.0,393.0,423.0,364.67241,418.69396,435.775,328.6,317.0,334.0,430.0,434.0,485.13889000000006,460.86111,363.17647,373.61663,368.25862,397.5,399.5,396.0,362.0,333.0,334.0,407.0,476.0,455.0,564.0,388.0,391.0,385.0,429.0,443.0,444.0,428.0,444.0,429.0,443.0,400.0,443.0,443.0,429.0,443.0,443.0
10,393.37931,406.62069,685.0,542.0,329.0,506.0,289.0,858.0,373.0,482.0,548.0,347.0,392.0,415.29311,397.70689,582.0,540.0,372.0,313.0,311.0,372.0,330.0,379.0,403.0,350.0,288.0,502.0,383.0,340.0,424.0,382.0,376.0,581.0,602.0,551.0,702.0,631.0,586.0,496.0,217.0,227.0,316.0,299.0,195.0,200.0,217.0,293.0,297.0,403.0,378.0,270.0,272.0,333.0,370.0,401.0,378.0,309.0,343.0,387.0,547.0,568.0,629.0,586.0,463.0,383.0,423.0,369.0,389.0,367.0,377.71085,390.3012000000001,374.98795,427.0,414.0,502.0,510.0,433.0,473.68421,368.25862,364.67241,418.69396,435.775,328.6,317.0,334.0,430.0,434.0,485.13889000000006,460.86111,363.17647,393.0,385.0,397.5,399.5,396.0,362.0,333.0,334.0,407.0,476.0,455.0,564.0,388.0,378.0,443.0,429.0,443.0,444.0,428.0,444.0,429.0,443.0,400.0,443.0,443.0,429.0,429.0
11,392.0,393.37931,406.62069,685.0,542.0,329.0,506.0,289.0,858.0,373.0,482.0,548.0,426.0,288.0,415.29311,397.70689,582.0,540.0,372.0,313.0,311.0,372.0,330.0,379.0,403.0,359.0,496.0,502.0,383.0,340.0,424.0,382.0,376.0,581.0,602.0,551.0,702.0,631.0,448.0,272.0,217.0,227.0,316.0,299.0,195.0,200.0,217.0,293.0,297.0,403.0,378.0,351.0,383.0,333.0,370.0,401.0,378.0,309.0,343.0,387.0,547.0,568.0,629.0,586.0,478.0,473.68421,423.0,369.0,389.0,367.0,377.71085,390.3012000000001,374.98795,427.0,414.0,502.0,510.0,512.31579,393.0,368.25862,364.67241,418.69396,435.775,328.6,317.0,334.0,430.0,434.0,485.13889000000006,460.86111,431.0,378.0,385.0,397.5,399.5,396.0,362.0,333.0,334.0,407.0,476.0,455.0,564.0,678.0,429.0,443.0,429.0,443.0,444.0,428.0,444.0,429.0,443.0,400.0,443.0,443.0,443.0
12,426.0,392.0,393.37931,406.62069,685.0,542.0,329.0,506.0,289.0,858.0,373.0,482.0,364.0,359.0,288.0,415.29311,397.70689,582.0,540.0,372.0,313.0,311.0,372.0,330.0,379.0,351.0,448.0,496.0,502.0,383.0,340.0,424.0,382.0,376.0,581.0,602.0,551.0,702.0,434.0,351.0,272.0,217.0,227.0,316.0,299.0,195.0,200.0,217.0,293.0,297.0,403.0,324.0,478.0,383.0,333.0,370.0,401.0,378.0,309.0,343.0,387.0,547.0,568.0,629.0,522.0,512.31579,473.68421,423.0,369.0,389.0,367.0,377.71085,390.3012000000001,374.98795,427.0,414.0,502.0,487.0,431.0,393.0,368.25862,364.67241,418.69396,435.775,328.6,317.0,334.0,430.0,434.0,485.13889000000006,454.0,678.0,378.0,385.0,397.5,399.5,396.0,362.0,333.0,334.0,407.0,476.0,455.0,525.0,443.0,429.0,443.0,429.0,443.0,444.0,428.0,444.0,429.0,443.0,400.0,443.0,361.0
13,364.0,426.0,392.0,393.37931,406.62069,685.0,542.0,329.0,506.0,289.0,858.0,373.0,296.0,351.0,359.0,288.0,415.29311,397.70689,582.0,540.0,372.0,313.0,311.0,372.0,330.0,339.0,434.0,448.0,496.0,502.0,383.0,340.0,424.0,382.0,376.0,581.0,602.0,551.0,360.0,324.0,351.0,272.0,217.0,227.0,316.0,299.0,195.0,200.0,217.0,293.0,297.0,342.0,522.0,478.0,383.0,333.0,370.0,401.0,378.0,309.0,343.0,387.0,547.0,568.0,512.0,487.0,512.31579,473.68421,423.0,369.0,389.0,367.0,377.71085,390.3012000000001,374.98795,427.0,414.0,461.0,454.0,431.0,393.0,368.25862,364.67241,418.69396,435.775,328.6,317.0,334.0,430.0,434.0,424.0,525.0,678.0,378.0,385.0,397.5,399.5,396.0,362.0,333.0,334.0,407.0,476.0,473.0,361.0,443.0,429.0,443.0,429.0,443.0,444.0,428.0,444.0,429.0,443.0,400.0,290.0
14,296.0,364.0,426.0,392.0,393.37931,406.62069,685.0,542.0,329.0,506.0,289.0,858.0,343.0,339.0,351.0,359.0,288.0,415.29311,397.70689,582.0,540.0,372.0,313.0,311.0,372.0,321.0,360.0,434.0,448.0,496.0,502.0,383.0,340.0,424.0,382.0,376.0,581.0,602.0,354.0,342.0,324.0,351.0,272.0,217.0,227.0,316.0,299.0,195.0,200.0,217.0,293.0,264.0,512.0,522.0,478.0,383.0,333.0,370.0,401.0,378.0,309.0,343.0,387.0,547.0,454.0,461.0,487.0,512.31579,473.68421,423.0,369.0,389.0,367.0,377.71085,390.3012000000001,374.98795,427.0,407.0,424.0,454.0,431.0,393.0,368.25862,364.67241,418.69396,435.775,328.6,317.0,334.0,430.0,358.0,473.0,525.0,678.0,378.0,385.0,397.5,399.5,396.0,362.0,333.0,334.0,407.0,421.0,290.0,361.0,443.0,429.0,443.0,429.0,443.0,444.0,428.0,444.0,429.0,443.0,312.0
15,343.0,296.0,364.0,426.0,392.0,393.37931,406.62069,685.0,542.0,329.0,506.0,289.0,379.0,321.0,339.0,351.0,359.0,288.0,415.29311,397.70689,582.0,540.0,372.0,313.0,311.0,284.0,354.0,360.0,434.0,448.0,496.0,502.0,383.0,340.0,424.0,382.0,376.0,581.0,485.0,264.0,342.0,324.0,351.0,272.0,217.0,227.0,316.0,299.0,195.0,200.0,217.0,228.0,454.0,512.0,522.0,478.0,383.0,333.0,370.0,401.0,378.0,309.0,343.0,387.0,352.0,407.0,461.0,487.0,512.31579,473.68421,423.0,369.0,389.0,367.0,377.71085,390.3012000000001,374.98795,399.0,358.0,424.0,454.0,431.0,393.0,368.25862,364.67241,418.69396,435.775,328.6,317.0,334.0,363.0,421.0,473.0,525.0,678.0,378.0,385.0,397.5,399.5,396.0,362.0,333.0,334.0,339.0,312.0,290.0,361.0,443.0,429.0,443.0,429.0,443.0,444.0,428.0,444.0,429.0,300.0
16,379.0,343.0,296.0,364.0,426.0,392.0,393.37931,406.62069,685.0,542.0,329.0,506.0,348.0,284.0,321.0,339.0,351.0,359.0,288.0,415.29311,397.70689,582.0,540.0,372.0,313.0,287.0,485.0,354.0,360.0,434.0,448.0,496.0,502.0,383.0,340.0,424.0,382.0,376.0,457.0,228.0,264.0,342.0,324.0,351.0,272.0,217.0,227.0,316.0,299.0,195.0,200.0,207.0,352.0,454.0,512.0,522.0,478.0,383.0,333.0,370.0,401.0,378.0,309.0,343.0,291.0,399.0,407.0,461.0,487.0,512.31579,473.68421,423.0,369.0,389.0,367.0,377.71085,390.3012000000001,395.0,363.0,358.0,424.0,454.0,431.0,393.0,368.25862,364.67241,418.69396,435.775,328.6,317.0,373.0,339.0,421.0,473.0,525.0,678.0,378.0,385.0,397.5,399.5,396.0,362.0,333.0,340.0,300.0,312.0,290.0,361.0,443.0,429.0,443.0,429.0,443.0,444.0,428.0,444.0,311.0
17,348.0,379.0,343.0,296.0,364.0,426.0,392.0,393.37931,406.62069,685.0,542.0,329.0,537.0,287.0,284.0,321.0,339.0,351.0,359.0,288.0,415.29311,397.70689,582.0,540.0,372.0,450.0,457.0,485.0,354.0,360.0,434.0,448.0,496.0,502.0,383.0,340.0,424.0,382.0,471.0,207.0,228.0,264.0,342.0,324.0,351.0,272.0,217.0,227.0,316.0,299.0,195.0,247.0,291.0,352.0,454.0,512.0,522.0,478.0,383.0,333.0,370.0,401.0,378.0,309.0,358.0,395.0,399.0,407.0,461.0,487.0,512.31579,473.68421,423.0,369.0,389.0,367.0,377.71085,374.0,373.0,363.0,358.0,424.0,454.0,431.0,393.0,368.25862,364.67241,418.69396,435.775,328.6,362.0,340.0,339.0,421.0,473.0,525.0,678.0,378.0,385.0,397.5,399.5,396.0,362.0,366.0,311.0,300.0,312.0,290.0,361.0,443.0,429.0,443.0,429.0,443.0,444.0,428.0,301.0
18,537.0,348.0,379.0,343.0,296.0,364.0,426.0,392.0,393.37931,406.62069,685.0,542.0,686.0,450.0,287.0,284.0,321.0,339.0,351.0,359.0,288.0,415.29311,397.70689,582.0,540.0,567.0,471.0,457.0,485.0,354.0,360.0,434.0,448.0,496.0,502.0,383.0,340.0,424.0,464.0,247.0,207.0,228.0,264.0,342.0,324.0,351.0,272.0,217.0,227.0,316.0,299.0,298.0,358.0,291.0,352.0,454.0,512.0,522.0,478.0,383.0,333.0,370.0,401.0,378.0,455.0,374.0,395.0,399.0,407.0,461.0,487.0,512.31579,473.68421,423.0,369.0,389.0,367.0,336.0,362.0,373.0,363.0,358.0,424.0,454.0,431.0,393.0,368.25862,364.67241,418.69396,435.775,374.0,366.0,340.0,339.0,421.0,473.0,525.0,678.0,378.0,385.0,397.5,399.5,396.0,411.0,301.0,311.0,300.0,312.0,290.0,361.0,443.0,429.0,443.0,429.0,443.0,444.0,311.0
19,686.0,537.0,348.0,379.0,343.0,296.0,364.0,426.0,392.0,393.37931,406.62069,685.0,565.0,567.0,450.0,287.0,284.0,321.0,339.0,351.0,359.0,288.0,415.29311,397.70689,582.0,555.0,464.0,471.0,457.0,485.0,354.0,360.0,434.0,448.0,496.0,502.0,383.0,340.0,440.0,298.0,247.0,207.0,228.0,264.0,342.0,324.0,351.0,272.0,217.0,227.0,316.0,306.0,455.0,358.0,291.0,352.0,454.0,512.0,522.0,478.0,383.0,333.0,370.0,401.0,122.0,336.0,374.0,395.0,399.0,407.0,461.0,487.0,512.31579,473.68421,423.0,369.0,389.0,341.0,374.0,362.0,373.0,363.0,358.0,424.0,454.0,431.0,393.0,368.25862,364.67241,418.69396,372.0,411.0,366.0,340.0,339.0,421.0,473.0,525.0,678.0,378.0,385.0,397.5,399.5,415.0,311.0,301.0,311.0,300.0,312.0,290.0,361.0,443.0,429.0,443.0,429.0,443.0,297.0
20,565.0,686.0,537.0,348.0,379.0,343.0,296.0,364.0,426.0,392.0,393.37931,406.62069,293.0,555.0,567.0,450.0,287.0,284.0,321.0,339.0,351.0,359.0,288.0,415.29311,397.70689,401.0,440.0,464.0,471.0,457.0,485.0,354.0,360.0,434.0,448.0,496.0,502.0,383.0,401.0,306.0,298.0,247.0,207.0,228.0,264.0,342.0,324.0,351.0,272.0,217.0,227.0,184.0,122.0,455.0,358.0,291.0,352.0,454.0,512.0,522.0,478.0,383.0,333.0,370.0,189.0,341.0,336.0,374.0,395.0,399.0,407.0,461.0,487.0,512.31579,473.68421,423.0,369.0,335.0,372.0,374.0,362.0,373.0,363.0,358.0,424.0,454.0,431.0,393.0,368.25862,364.67241,363.0,415.0,411.0,366.0,340.0,339.0,421.0,473.0,525.0,678.0,378.0,385.0,397.5,411.0,297.0,311.0,301.0,311.0,300.0,312.0,290.0,361.0,443.0,429.0,443.0,429.0,268.0
21,293.0,565.0,686.0,537.0,348.0,379.0,343.0,296.0,364.0,426.0,392.0,393.37931,320.0,401.0,555.0,567.0,450.0,287.0,284.0,321.0,339.0,351.0,359.0,288.0,415.29311,286.0,401.0,440.0,464.0,471.0,457.0,485.0,354.0,360.0,434.0,448.0,496.0,502.0,369.0,184.0,306.0,298.0,247.0,207.0,228.0,264.0,342.0,324.0,351.0,272.0,217.0,202.0,189.0,122.0,455.0,358.0,291.0,352.0,454.0,512.0,522.0,478.0,383.0,333.0,314.0,335.0,341.0,336.0,374.0,395.0,399.0,407.0,461.0,487.0,512.31579,473.68421,423.0,348.0,363.0,372.0,374.0,362.0,373.0,363.0,358.0,424.0,454.0,431.0,393.0,368.25862,373.0,411.0,415.0,411.0,366.0,340.0,339.0,421.0,473.0,525.0,678.0,378.0,385.0,409.0,268.0,297.0,311.0,301.0,311.0,300.0,312.0,290.0,361.0,443.0,429.0,443.0,242.0
22,320.0,293.0,565.0,686.0,537.0,348.0,379.0,343.0,296.0,364.0,426.0,392.0,499.0,286.0,401.0,555.0,567.0,450.0,287.0,284.0,321.0,339.0,351.0,359.0,288.0,294.0,369.0,401.0,440.0,464.0,471.0,457.0,485.0,354.0,360.0,434.0,448.0,496.0,476.0,202.0,184.0,306.0,298.0,247.0,207.0,228.0,264.0,342.0,324.0,351.0,272.0,247.0,314.0,189.0,122.0,455.0,358.0,291.0,352.0,454.0,512.0,522.0,478.0,383.0,385.0,348.0,335.0,341.0,336.0,374.0,395.0,399.0,407.0,461.0,487.0,512.31579,473.68421,393.0,373.0,363.0,372.0,374.0,362.0,373.0,363.0,358.0,424.0,454.0,431.0,393.0,362.0,409.0,411.0,415.0,411.0,366.0,340.0,339.0,421.0,473.0,525.0,678.0,378.0,404.0,242.0,268.0,297.0,311.0,301.0,311.0,300.0,312.0,290.0,361.0,443.0,429.0,230.0
23,499.0,320.0,293.0,565.0,686.0,537.0,348.0,379.0,343.0,296.0,364.0,426.0,489.0,294.0,286.0,401.0,555.0,567.0,450.0,287.0,284.0,321.0,339.0,351.0,359.0,314.0,476.0,369.0,401.0,440.0,464.0,471.0,457.0,485.0,354.0,360.0,434.0,448.0,562.0,247.0,202.0,184.0,306.0,298.0,247.0,207.0,228.0,264.0,342.0,324.0,351.0,338.0,385.0,314.0,189.0,122.0,455.0,358.0,291.0,352.0,454.0,512.0,522.0,478.0,549.0,393.0,348.0,335.0,341.0,336.0,374.0,395.0,399.0,407.0,461.0,487.0,512.31579,505.0,362.0,373.0,363.0,372.0,374.0,362.0,373.0,363.0,358.0,424.0,454.0,431.0,376.0,404.0,409.0,411.0,415.0,411.0,366.0,340.0,339.0,421.0,473.0,525.0,678.0,697.0,230.0,242.0,268.0,297.0,311.0,301.0,311.0,300.0,312.0,290.0,361.0,443.0,254.0
24,489.0,499.0,320.0,293.0,565.0,686.0,537.0,348.0,379.0,343.0,296.0,364.0,314.0,314.0,294.0,286.0,401.0,555.0,567.0,450.0,287.0,284.0,321.0,339.0,351.0,323.0,562.0,476.0,369.0,401.0,440.0,464.0,471.0,457.0,485.0,354.0,360.0,434.0,562.0,338.0,247.0,202.0,184.0,306.0,298.0,247.0,207.0,228.0,264.0,342.0,324.0,344.0,549.0,385.0,314.0,189.0,122.0,455.0,358.0,291.0,352.0,454.0,512.0,522.0,560.0,505.0,393.0,348.0,335.0,341.0,336.0,374.0,395.0,399.0,407.0,461.0,487.0,470.0,376.0,362.0,373.0,363.0,372.0,374.0,362.0,373.0,363.0,358.0,424.0,454.0,278.0,697.0,404.0,409.0,411.0,415.0,411.0,366.0,340.0,339.0,421.0,473.0,525.0,545.0,254.0,230.0,242.0,268.0,297.0,311.0,301.0,311.0,300.0,312.0,290.0,361.0,301.0
25,314.0,489.0,499.0,320.0,293.0,565.0,686.0,537.0,348.0,379.0,343.0,296.0,255.0,323.0,314.0,294.0,286.0,401.0,555.0,567.0,450.0,287.0,284.0,321.0,339.0,285.0,562.0,562.0,476.0,369.0,401.0,440.0,464.0,471.0,457.0,485.0,354.0,360.0,415.0,344.0,338.0,247.0,202.0,184.0,306.0,298.0,247.0,207.0,228.0,264.0,342.0,293.0,560.0,549.0,385.0,314.0,189.0,122.0,455.0,358.0,291.0,352.0,454.0,512.0,549.0,470.0,505.0,393.0,348.0,335.0,341.0,336.0,374.0,395.0,399.0,407.0,461.0,445.0,278.0,376.0,362.0,373.0,363.0,372.0,374.0,362.0,373.0,363.0,358.0,424.0,273.0,545.0,697.0,404.0,409.0,411.0,415.0,411.0,366.0,340.0,339.0,421.0,473.0,490.0,301.0,254.0,230.0,242.0,268.0,297.0,311.0,301.0,311.0,300.0,312.0,290.0,259.0
26,255.0,314.0,489.0,499.0,320.0,293.0,565.0,686.0,537.0,348.0,379.0,343.0,318.0,285.0,323.0,314.0,294.0,286.0,401.0,555.0,567.0,450.0,287.0,284.0,321.0,310.0,415.0,562.0,562.0,476.0,369.0,401.0,440.0,464.0,471.0,457.0,485.0,354.0,448.0,293.0,344.0,338.0,247.0,202.0,184.0,306.0,298.0,247.0,207.0,228.0,264.0,289.0,549.0,560.0,549.0,385.0,314.0,189.0,122.0,455.0,358.0,291.0,352.0,454.0,493.0,445.0,470.0,505.0,393.0,348.0,335.0,341.0,336.0,374.0,395.0,399.0,407.0,412.0,273.0,278.0,376.0,362.0,373.0,363.0,372.0,374.0,362.0,373.0,363.0,358.0,295.0,490.0,545.0,697.0,404.0,409.0,411.0,415.0,411.0,366.0,340.0,339.0,421.0,446.0,259.0,301.0,254.0,230.0,242.0,268.0,297.0,311.0,301.0,311.0,300.0,312.0,275.0
27,318.0,255.0,314.0,489.0,499.0,320.0,293.0,565.0,686.0,537.0,348.0,379.0,293.0,310.0,285.0,323.0,314.0,294.0,286.0,401.0,555.0,567.0,450.0,287.0,284.0,283.0,448.0,415.0,562.0,562.0,476.0,369.0,401.0,440.0,464.0,471.0,457.0,485.0,403.0,289.0,293.0,344.0,338.0,247.0,202.0,184.0,306.0,298.0,247.0,207.0,228.0,224.0,493.0,549.0,560.0,549.0,385.0,314.0,189.0,122.0,455.0,358.0,291.0,352.0,348.0,412.0,445.0,470.0,505.0,393.0,348.0,335.0,341.0,336.0,374.0,395.0,399.0,392.0,295.0,273.0,278.0,376.0,362.0,373.0,363.0,372.0,374.0,362.0,373.0,363.0,250.0,446.0,490.0,545.0,697.0,404.0,409.0,411.0,415.0,411.0,366.0,340.0,339.0,316.0,275.0,259.0,301.0,254.0,230.0,242.0,268.0,297.0,311.0,301.0,311.0,300.0,225.0
28,293.0,318.0,255.0,314.0,489.0,499.0,320.0,293.0,565.0,686.0,537.0,348.0,256.0,283.0,310.0,285.0,323.0,314.0,294.0,286.0,401.0,555.0,567.0,450.0,287.0,287.0,403.0,448.0,415.0,562.0,562.0,476.0,369.0,401.0,440.0,464.0,471.0,457.0,375.0,224.0,289.0,293.0,344.0,338.0,247.0,202.0,184.0,306.0,298.0,247.0,207.0,198.0,348.0,493.0,549.0,560.0,549.0,385.0,314.0,189.0,122.0,455.0,358.0,291.0,364.0,392.0,412.0,445.0,470.0,505.0,393.0,348.0,335.0,341.0,336.0,374.0,395.0,394.0,250.0,295.0,273.0,278.0,376.0,362.0,373.0,363.0,372.0,374.0,362.0,373.0,211.0,316.0,446.0,490.0,545.0,697.0,404.0,409.0,411.0,415.0,411.0,366.0,340.0,266.0,225.0,275.0,259.0,301.0,254.0,230.0,242.0,268.0,297.0,311.0,301.0,311.0,223.0
29,256.0,293.0,318.0,255.0,314.0,489.0,499.0,320.0,293.0,565.0,686.0,537.0,319.0,287.0,283.0,310.0,285.0,323.0,314.0,294.0,286.0,401.0,555.0,567.0,450.0,294.0,375.0,403.0,448.0,415.0,562.0,562.0,476.0,369.0,401.0,440.0,464.0,471.0,398.0,198.0,224.0,289.0,293.0,344.0,338.0,247.0,202.0,184.0,306.0,298.0,247.0,212.0,364.0,348.0,493.0,549.0,560.0,549.0,385.0,314.0,189.0,122.0,455.0,358.0,299.0,394.0,392.0,412.0,445.0,470.0,505.0,393.0,348.0,335.0,341.0,336.0,374.0,344.0,211.0,250.0,295.0,273.0,278.0,376.0,362.0,373.0,363.0,372.0,374.0,362.0,243.0,266.0,316.0,446.0,490.0,545.0,697.0,404.0,409.0,411.0,415.0,411.0,366.0,255.0,223.0,225.0,275.0,259.0,301.0,254.0,230.0,242.0,268.0,297.0,311.0,301.0,218.0
30,319.0,256.0,293.0,318.0,255.0,314.0,489.0,499.0,320.0,293.0,565.0,686.0,353.0,294.0,287.0,283.0,310.0,285.0,323.0,314.0,294.0,286.0,401.0,555.0,567.0,371.0,398.0,375.0,403.0,448.0,415.0,562.0,562.0,476.0,369.0,401.0,440.0,464.0,410.0,212.0,198.0,224.0,289.0,293.0,344.0,338.0,247.0,202.0,184.0,306.0,298.0,213.0,299.0,364.0,348.0,493.0,549.0,560.0,549.0,385.0,314.0,189.0,122.0,455.0,252.0,344.0,394.0,392.0,412.0,445.0,470.0,505.0,393.0,348.0,335.0,341.0,336.0,333.0,243.0,211.0,250.0,295.0,273.0,278.0,376.0,362.0,373.0,363.0,372.0,374.0,337.0,255.0,266.0,316.0,446.0,490.0,545.0,697.0,404.0,409.0,411.0,415.0,411.0,227.0,218.0,223.0,225.0,275.0,259.0,301.0,254.0,230.0,242.0,268.0,297.0,311.0,240.0
31,353.0,319.0,256.0,293.0,318.0,255.0,314.0,489.0,499.0,320.0,293.0,565.0,374.0,371.0,294.0,287.0,283.0,310.0,285.0,323.0,314.0,294.0,286.0,401.0,555.0,417.0,410.0,398.0,375.0,403.0,448.0,415.0,562.0,562.0,476.0,369.0,401.0,440.0,418.0,213.0,212.0,198.0,224.0,289.0,293.0,344.0,338.0,247.0,202.0,184.0,306.0,264.0,252.0,299.0,364.0,348.0,493.0,549.0,560.0,549.0,385.0,314.0,189.0,122.0,269.0,333.0,344.0,394.0,392.0,412.0,445.0,470.0,505.0,393.0,348.0,335.0,341.0,294.0,337.0,243.0,211.0,250.0,295.0,273.0,278.0,376.0,362.0,373.0,363.0,372.0,400.0,227.0,255.0,266.0,316.0,446.0,490.0,545.0,697.0,404.0,409.0,411.0,415.0,232.0,240.0,218.0,223.0,225.0,275.0,259.0,301.0,254.0,230.0,242.0,268.0,297.0,248.0
32,374.0,353.0,319.0,256.0,293.0,318.0,255.0,314.0,489.0,499.0,320.0,293.0,275.0,417.0,371.0,294.0,287.0,283.0,310.0,285.0,323.0,314.0,294.0,286.0,401.0,310.0,418.0,410.0,398.0,375.0,403.0,448.0,415.0,562.0,562.0,476.0,369.0,401.0,391.0,264.0,213.0,212.0,198.0,224.0,289.0,293.0,344.0,338.0,247.0,202.0,184.0,169.0,269.0,252.0,299.0,364.0,348.0,493.0,549.0,560.0,549.0,385.0,314.0,189.0,194.0,294.0,333.0,344.0,394.0,392.0,412.0,445.0,470.0,505.0,393.0,348.0,335.0,333.0,400.0,337.0,243.0,211.0,250.0,295.0,273.0,278.0,376.0,362.0,373.0,363.0,223.0,232.0,227.0,255.0,266.0,316.0,446.0,490.0,545.0,697.0,404.0,409.0,411.0,231.0,248.0,240.0,218.0,223.0,225.0,275.0,259.0,301.0,254.0,230.0,242.0,268.0,218.0
33,275.0,374.0,353.0,319.0,256.0,293.0,318.0,255.0,314.0,489.0,499.0,320.0,322.0,310.0,417.0,371.0,294.0,287.0,283.0,310.0,285.0,323.0,314.0,294.0,286.0,302.0,391.0,418.0,410.0,398.0,375.0,403.0,448.0,415.0,562.0,562.0,476.0,369.0,342.0,169.0,264.0,213.0,212.0,198.0,224.0,289.0,293.0,344.0,338.0,247.0,202.0,198.0,194.0,269.0,252.0,299.0,364.0,348.0,493.0,549.0,560.0,549.0,385.0,314.0,273.0,333.0,294.0,333.0,344.0,394.0,392.0,412.0,445.0,470.0,505.0,393.0,348.0,393.0,223.0,400.0,337.0,243.0,211.0,250.0,295.0,273.0,278.0,376.0,362.0,373.0,238.0,231.0,232.0,227.0,255.0,266.0,316.0,446.0,490.0,545.0,697.0,404.0,409.0,264.0,218.0,248.0,240.0,218.0,223.0,225.0,275.0,259.0,301.0,254.0,230.0,242.0,226.0
34,322.0,275.0,374.0,353.0,319.0,256.0,293.0,318.0,255.0,314.0,489.0,499.0,409.0,302.0,310.0,417.0,371.0,294.0,287.0,283.0,310.0,285.0,323.0,314.0,294.0,384.0,342.0,391.0,418.0,410.0,398.0,375.0,403.0,448.0,415.0,562.0,562.0,476.0,381.0,198.0,169.0,264.0,213.0,212.0,198.0,224.0,289.0,293.0,344.0,338.0,247.0,238.0,273.0,194.0,269.0,252.0,299.0,364.0,348.0,493.0,549.0,560.0,549.0,385.0,341.0,393.0,333.0,294.0,333.0,344.0,394.0,392.0,412.0,445.0,470.0,505.0,393.0,384.0,238.0,223.0,400.0,337.0,243.0,211.0,250.0,295.0,273.0,278.0,376.0,362.0,258.0,264.0,231.0,232.0,227.0,255.0,266.0,316.0,446.0,490.0,545.0,697.0,404.0,326.0,226.0,218.0,248.0,240.0,218.0,223.0,225.0,275.0,259.0,301.0,254.0,230.0,227.0
35,409.0,322.0,275.0,374.0,353.0,319.0,256.0,293.0,318.0,255.0,314.0,489.0,802.0,384.0,302.0,310.0,417.0,371.0,294.0,287.0,283.0,310.0,285.0,323.0,314.0,442.0,381.0,342.0,391.0,418.0,410.0,398.0,375.0,403.0,448.0,415.0,562.0,562.0,479.0,238.0,198.0,169.0,264.0,213.0,212.0,198.0,224.0,289.0,293.0,344.0,338.0,329.0,341.0,273.0,194.0,269.0,252.0,299.0,364.0,348.0,493.0,549.0,560.0,549.0,329.0,384.0,393.0,333.0,294.0,333.0,344.0,394.0,392.0,412.0,445.0,470.0,505.0,402.0,258.0,238.0,223.0,400.0,337.0,243.0,211.0,250.0,295.0,273.0,278.0,376.0,342.0,326.0,264.0,231.0,232.0,227.0,255.0,266.0,316.0,446.0,490.0,545.0,697.0,436.0,227.0,226.0,218.0,248.0,240.0,218.0,223.0,225.0,275.0,259.0,301.0,254.0,227.0
36,802.0,409.0,322.0,275.0,374.0,353.0,319.0,256.0,293.0,318.0,255.0,314.0,371.0,442.0,384.0,302.0,310.0,417.0,371.0,294.0,287.0,283.0,310.0,285.0,323.0,329.0,479.0,381.0,342.0,391.0,418.0,410.0,398.0,375.0,403.0,448.0,415.0,562.0,447.0,329.0,238.0,198.0,169.0,264.0,213.0,212.0,198.0,224.0,289.0,293.0,344.0,310.0,329.0,341.0,273.0,194.0,269.0,252.0,299.0,364.0,348.0,493.0,549.0,560.0,460.0,402.0,384.0,393.0,333.0,294.0,333.0,344.0,394.0,392.0,412.0,445.0,470.0,386.0,342.0,258.0,238.0,223.0,400.0,337.0,243.0,211.0,250.0,295.0,273.0,278.0,285.0,436.0,326.0,264.0,231.0,232.0,227.0,255.0,266.0,316.0,446.0,490.0,545.0,382.0,227.0,227.0,226.0,218.0,248.0,240.0,218.0,223.0,225.0,275.0,259.0,301.0,236.0
37,371.0,802.0,409.0,322.0,275.0,374.0,353.0,319.0,256.0,293.0,318.0,255.0,284.0,329.0,442.0,384.0,302.0,310.0,417.0,371.0,294.0,287.0,283.0,310.0,285.0,267.0,447.0,479.0,381.0,342.0,391.0,418.0,410.0,398.0,375.0,403.0,448.0,415.0,442.0,310.0,329.0,238.0,198.0,169.0,264.0,213.0,212.0,198.0,224.0,289.0,293.0,259.0,460.0,329.0,341.0,273.0,194.0,269.0,252.0,299.0,364.0,348.0,493.0,549.0,442.0,386.0,402.0,384.0,393.0,333.0,294.0,333.0,344.0,394.0,392.0,412.0,445.0,335.0,285.0,342.0,258.0,238.0,223.0,400.0,337.0,243.0,211.0,250.0,295.0,273.0,270.0,382.0,436.0,326.0,264.0,231.0,232.0,227.0,255.0,266.0,316.0,446.0,490.0,326.0,236.0,227.0,227.0,226.0,218.0,248.0,240.0,218.0,223.0,225.0,275.0,259.0,212.0
38,284.0,371.0,802.0,409.0,322.0,275.0,374.0,353.0,319.0,256.0,293.0,318.0,320.0,267.0,329.0,442.0,384.0,302.0,310.0,417.0,371.0,294.0,287.0,283.0,310.0,303.0,442.0,447.0,479.0,381.0,342.0,391.0,418.0,410.0,398.0,375.0,403.0,448.0,511.0,259.0,310.0,329.0,238.0,198.0,169.0,264.0,213.0,212.0,198.0,224.0,289.0,266.0,442.0,460.0,329.0,341.0,273.0,194.0,269.0,252.0,299.0,364.0,348.0,493.0,406.0,335.0,386.0,402.0,384.0,393.0,333.0,294.0,333.0,344.0,394.0,392.0,412.0,385.0,270.0,285.0,342.0,258.0,238.0,223.0,400.0,337.0,243.0,211.0,250.0,295.0,266.0,326.0,382.0,436.0,326.0,264.0,231.0,232.0,227.0,255.0,266.0,316.0,446.0,348.0,212.0,236.0,227.0,227.0,226.0,218.0,248.0,240.0,218.0,223.0,225.0,275.0,231.0
39,320.0,284.0,371.0,802.0,409.0,322.0,275.0,374.0,353.0,319.0,256.0,293.0,254.0,303.0,267.0,329.0,442.0,384.0,302.0,310.0,417.0,371.0,294.0,287.0,283.0,289.0,511.0,442.0,447.0,479.0,381.0,342.0,391.0,418.0,410.0,398.0,375.0,403.0,630.0,266.0,259.0,310.0,329.0,238.0,198.0,169.0,264.0,213.0,212.0,198.0,224.0,230.0,406.0,442.0,460.0,329.0,341.0,273.0,194.0,269.0,252.0,299.0,364.0,348.0,380.0,385.0,335.0,386.0,402.0,384.0,393.0,333.0,294.0,333.0,344.0,394.0,392.0,369.0,266.0,270.0,285.0,342.0,258.0,238.0,223.0,400.0,337.0,243.0,211.0,250.0,229.0,348.0,326.0,382.0,436.0,326.0,264.0,231.0,232.0,227.0,255.0,266.0,316.0,304.0,231.0,212.0,236.0,227.0,227.0,226.0,218.0,248.0,240.0,218.0,223.0,225.0,220.0
40,254.0,320.0,284.0,371.0,802.0,409.0,322.0,275.0,374.0,353.0,319.0,256.0,274.0,289.0,303.0,267.0,329.0,442.0,384.0,302.0,310.0,417.0,371.0,294.0,287.0,285.0,630.0,511.0,442.0,447.0,479.0,381.0,342.0,391.0,418.0,410.0,398.0,375.0,515.0,230.0,266.0,259.0,310.0,329.0,238.0,198.0,169.0,264.0,213.0,212.0,198.0,217.0,380.0,406.0,442.0,460.0,329.0,341.0,273.0,194.0,269.0,252.0,299.0,364.0,319.0,369.0,385.0,335.0,386.0,402.0,384.0,393.0,333.0,294.0,333.0,344.0,394.0,382.0,229.0,266.0,270.0,285.0,342.0,258.0,238.0,223.0,400.0,337.0,243.0,211.0,221.0,304.0,348.0,326.0,382.0,436.0,326.0,264.0,231.0,232.0,227.0,255.0,266.0,312.0,220.0,231.0,212.0,236.0,227.0,227.0,226.0,218.0,248.0,240.0,218.0,223.0,245.0
41,274.0,254.0,320.0,284.0,371.0,802.0,409.0,322.0,275.0,374.0,353.0,319.0,303.0,285.0,289.0,303.0,267.0,329.0,442.0,384.0,302.0,310.0,417.0,371.0,294.0,351.0,515.0,630.0,511.0,442.0,447.0,479.0,381.0,342.0,391.0,418.0,410.0,398.0,502.0,217.0,230.0,266.0,259.0,310.0,329.0,238.0,198.0,169.0,264.0,213.0,212.0,221.0,319.0,380.0,406.0,442.0,460.0,329.0,341.0,273.0,194.0,269.0,252.0,299.0,146.0,382.0,369.0,385.0,335.0,386.0,402.0,384.0,393.0,333.0,294.0,333.0,344.0,344.0,221.0,229.0,266.0,270.0,285.0,342.0,258.0,238.0,223.0,400.0,337.0,243.0,212.0,312.0,304.0,348.0,326.0,382.0,436.0,326.0,264.0,231.0,232.0,227.0,255.0,286.0,245.0,220.0,231.0,212.0,236.0,227.0,227.0,226.0,218.0,248.0,240.0,218.0,256.0
42,303.0,274.0,254.0,320.0,284.0,371.0,802.0,409.0,322.0,275.0,374.0,353.0,329.0,351.0,285.0,289.0,303.0,267.0,329.0,442.0,384.0,302.0,310.0,417.0,371.0,436.0,502.0,515.0,630.0,511.0,442.0,447.0,479.0,381.0,342.0,391.0,418.0,410.0,538.0,221.0,217.0,230.0,266.0,259.0,310.0,329.0,238.0,198.0,169.0,264.0,213.0,228.0,146.0,319.0,380.0,406.0,442.0,460.0,329.0,341.0,273.0,194.0,269.0,252.0,122.0,344.0,382.0,369.0,385.0,335.0,386.0,402.0,384.0,393.0,333.0,294.0,333.0,361.0,212.0,221.0,229.0,266.0,270.0,285.0,342.0,258.0,238.0,223.0,400.0,337.0,238.0,286.0,312.0,304.0,348.0,326.0,382.0,436.0,326.0,264.0,231.0,232.0,227.0,223.0,256.0,245.0,220.0,231.0,212.0,236.0,227.0,227.0,226.0,218.0,248.0,240.0,282.0
43,329.0,303.0,274.0,254.0,320.0,284.0,371.0,802.0,409.0,322.0,275.0,374.0,385.0,436.0,351.0,285.0,289.0,303.0,267.0,329.0,442.0,384.0,302.0,310.0,417.0,493.0,538.0,502.0,515.0,630.0,511.0,442.0,447.0,479.0,381.0,342.0,391.0,418.0,501.0,228.0,221.0,217.0,230.0,266.0,259.0,310.0,329.0,238.0,198.0,169.0,264.0,254.0,122.0,146.0,319.0,380.0,406.0,442.0,460.0,329.0,341.0,273.0,194.0,269.0,293.0,361.0,344.0,382.0,369.0,385.0,335.0,386.0,402.0,384.0,393.0,333.0,294.0,296.0,238.0,212.0,221.0,229.0,266.0,270.0,285.0,342.0,258.0,238.0,223.0,400.0,343.0,223.0,286.0,312.0,304.0,348.0,326.0,382.0,436.0,326.0,264.0,231.0,232.0,243.0,282.0,256.0,245.0,220.0,231.0,212.0,236.0,227.0,227.0,226.0,218.0,248.0,276.0
44,385.0,329.0,303.0,274.0,254.0,320.0,284.0,371.0,802.0,409.0,322.0,275.0,276.0,493.0,436.0,351.0,285.0,289.0,303.0,267.0,329.0,442.0,384.0,302.0,310.0,282.0,501.0,538.0,502.0,515.0,630.0,511.0,442.0,447.0,479.0,381.0,342.0,391.0,483.0,254.0,228.0,221.0,217.0,230.0,266.0,259.0,310.0,329.0,238.0,198.0,169.0,179.0,293.0,122.0,146.0,319.0,380.0,406.0,442.0,460.0,329.0,341.0,273.0,194.0,70.0,296.0,361.0,344.0,382.0,369.0,385.0,335.0,386.0,402.0,384.0,393.0,333.0,353.0,343.0,238.0,212.0,221.0,229.0,266.0,270.0,285.0,342.0,258.0,238.0,223.0,223.0,243.0,223.0,286.0,312.0,304.0,348.0,326.0,382.0,436.0,326.0,264.0,231.0,256.0,276.0,282.0,256.0,245.0,220.0,231.0,212.0,236.0,227.0,227.0,226.0,218.0,228.0
45,276.0,385.0,329.0,303.0,274.0,254.0,320.0,284.0,371.0,802.0,409.0,322.0,311.0,282.0,493.0,436.0,351.0,285.0,289.0,303.0,267.0,329.0,442.0,384.0,302.0,274.0,483.0,501.0,538.0,502.0,515.0,630.0,511.0,442.0,447.0,479.0,381.0,342.0,539.0,179.0,254.0,228.0,221.0,217.0,230.0,266.0,259.0,310.0,329.0,238.0,198.0,187.0,70.0,293.0,122.0,146.0,319.0,380.0,406.0,442.0,460.0,329.0,341.0,273.0,243.0,353.0,296.0,361.0,344.0,382.0,369.0,385.0,335.0,386.0,402.0,384.0,393.0,353.0,223.0,343.0,238.0,212.0,221.0,229.0,266.0,270.0,285.0,342.0,258.0,238.0,223.0,256.0,243.0,223.0,286.0,312.0,304.0,348.0,326.0,382.0,436.0,326.0,264.0,283.0,228.0,276.0,282.0,256.0,245.0,220.0,231.0,212.0,236.0,227.0,227.0,226.0,207.0
46,311.0,276.0,385.0,329.0,303.0,274.0,254.0,320.0,284.0,371.0,802.0,409.0,324.0,274.0,282.0,493.0,436.0,351.0,285.0,289.0,303.0,267.0,329.0,442.0,384.0,281.0,539.0,483.0,501.0,538.0,502.0,515.0,630.0,511.0,442.0,447.0,479.0,381.0,535.0,187.0,179.0,254.0,228.0,221.0,217.0,230.0,266.0,259.0,310.0,329.0,238.0,200.0,243.0,70.0,293.0,122.0,146.0,319.0,380.0,406.0,442.0,460.0,329.0,341.0,396.0,353.0,353.0,296.0,361.0,344.0,382.0,369.0,385.0,335.0,386.0,402.0,384.0,357.0,223.0,223.0,343.0,238.0,212.0,221.0,229.0,266.0,270.0,285.0,342.0,258.0,209.0,283.0,256.0,243.0,223.0,286.0,312.0,304.0,348.0,326.0,382.0,436.0,326.0,284.0,207.0,228.0,276.0,282.0,256.0,245.0,220.0,231.0,212.0,236.0,227.0,227.0,210.0
47,324.0,311.0,276.0,385.0,329.0,303.0,274.0,254.0,320.0,284.0,371.0,802.0,598.0,281.0,274.0,282.0,493.0,436.0,351.0,285.0,289.0,303.0,267.0,329.0,442.0,317.0,535.0,539.0,483.0,501.0,538.0,502.0,515.0,630.0,511.0,442.0,447.0,479.0,597.0,200.0,187.0,179.0,254.0,228.0,221.0,217.0,230.0,266.0,259.0,310.0,329.0,265.0,396.0,243.0,70.0,293.0,122.0,146.0,319.0,380.0,406.0,442.0,460.0,329.0,618.0,357.0,353.0,353.0,296.0,361.0,344.0,382.0,369.0,385.0,335.0,386.0,402.0,436.0,209.0,223.0,223.0,343.0,238.0,212.0,221.0,229.0,266.0,270.0,285.0,342.0,254.0,284.0,283.0,256.0,243.0,223.0,286.0,312.0,304.0,348.0,326.0,382.0,436.0,384.0,210.0,207.0,228.0,276.0,282.0,256.0,245.0,220.0,231.0,212.0,236.0,227.0,228.0
48,598.0,324.0,311.0,276.0,385.0,329.0,303.0,274.0,254.0,320.0,284.0,371.0,616.0,317.0,281.0,274.0,282.0,493.0,436.0,351.0,285.0,289.0,303.0,267.0,329.0,312.0,597.0,535.0,539.0,483.0,501.0,538.0,502.0,515.0,630.0,511.0,442.0,447.0,586.0,265.0,200.0,187.0,179.0,254.0,228.0,221.0,217.0,230.0,266.0,259.0,310.0,266.0,618.0,396.0,243.0,70.0,293.0,122.0,146.0,319.0,380.0,406.0,442.0,460.0,553.0,436.0,357.0,353.0,353.0,296.0,361.0,344.0,382.0,369.0,385.0,335.0,386.0,444.0,254.0,209.0,223.0,223.0,343.0,238.0,212.0,221.0,229.0,266.0,270.0,285.0,225.0,384.0,284.0,283.0,256.0,243.0,223.0,286.0,312.0,304.0,348.0,326.0,382.0,305.0,228.0,210.0,207.0,228.0,276.0,282.0,256.0,245.0,220.0,231.0,212.0,236.0,280.0
49,616.0,598.0,324.0,311.0,276.0,385.0,329.0,303.0,274.0,254.0,320.0,284.0,356.0,312.0,317.0,281.0,274.0,282.0,493.0,436.0,351.0,285.0,289.0,303.0,267.0,269.0,586.0,597.0,535.0,539.0,483.0,501.0,538.0,502.0,515.0,630.0,511.0,442.0,451.0,266.0,265.0,200.0,187.0,179.0,254.0,228.0,221.0,217.0,230.0,266.0,259.0,229.0,553.0,618.0,396.0,243.0,70.0,293.0,122.0,146.0,319.0,380.0,406.0,442.0,466.0,444.0,436.0,357.0,353.0,353.0,296.0,361.0,344.0,382.0,369.0,385.0,335.0,370.0,225.0,254.0,209.0,223.0,223.0,343.0,238.0,212.0,221.0,229.0,266.0,270.0,209.0,305.0,384.0,284.0,283.0,256.0,243.0,223.0,286.0,312.0,304.0,348.0,326.0,210.0,280.0,228.0,210.0,207.0,228.0,276.0,282.0,256.0,245.0,220.0,231.0,212.0,254.0
50,356.0,616.0,598.0,324.0,311.0,276.0,385.0,329.0,303.0,274.0,254.0,320.0,387.0,269.0,312.0,317.0,281.0,274.0,282.0,493.0,436.0,351.0,285.0,289.0,303.0,280.0,451.0,586.0,597.0,535.0,539.0,483.0,501.0,538.0,502.0,515.0,630.0,511.0,459.0,229.0,266.0,265.0,200.0,187.0,179.0,254.0,228.0,221.0,217.0,230.0,266.0,236.0,466.0,553.0,618.0,396.0,243.0,70.0,293.0,122.0,146.0,319.0,380.0,406.0,472.0,370.0,444.0,436.0,357.0,353.0,353.0,296.0,361.0,344.0,382.0,369.0,385.0,400.0,209.0,225.0,254.0,209.0,223.0,223.0,343.0,238.0,212.0,221.0,229.0,266.0,214.0,210.0,305.0,384.0,284.0,283.0,256.0,243.0,223.0,286.0,312.0,304.0,348.0,272.0,254.0,280.0,228.0,210.0,207.0,228.0,276.0,282.0,256.0,245.0,220.0,231.0,256.0
51,387.0,356.0,616.0,598.0,324.0,311.0,276.0,385.0,329.0,303.0,274.0,254.0,235.0,280.0,269.0,312.0,317.0,281.0,274.0,282.0,493.0,436.0,351.0,285.0,289.0,274.0,459.0,451.0,586.0,597.0,535.0,539.0,483.0,501.0,538.0,502.0,515.0,630.0,468.0,236.0,229.0,266.0,265.0,200.0,187.0,179.0,254.0,228.0,221.0,217.0,230.0,188.0,472.0,466.0,553.0,618.0,396.0,243.0,70.0,293.0,122.0,146.0,319.0,380.0,362.0,400.0,370.0,444.0,436.0,357.0,353.0,353.0,296.0,361.0,344.0,382.0,369.0,347.0,214.0,209.0,225.0,254.0,209.0,223.0,223.0,343.0,238.0,212.0,221.0,229.0,199.0,272.0,210.0,305.0,384.0,284.0,283.0,256.0,243.0,223.0,286.0,312.0,304.0,277.0,256.0,254.0,280.0,228.0,210.0,207.0,228.0,276.0,282.0,256.0,245.0,220.0,215.0
52,235.0,387.0,356.0,616.0,598.0,324.0,311.0,276.0,385.0,329.0,303.0,274.0,314.0,274.0,280.0,269.0,312.0,317.0,281.0,274.0,282.0,493.0,436.0,351.0,285.0,275.0,468.0,459.0,451.0,586.0,597.0,535.0,539.0,483.0,501.0,538.0,502.0,515.0,440.0,188.0,236.0,229.0,266.0,265.0,200.0,187.0,179.0,254.0,228.0,221.0,217.0,169.0,362.0,472.0,466.0,553.0,618.0,396.0,243.0,70.0,293.0,122.0,146.0,319.0,343.0,347.0,400.0,370.0,444.0,436.0,357.0,353.0,353.0,296.0,361.0,344.0,382.0,333.0,199.0,214.0,209.0,225.0,254.0,209.0,223.0,223.0,343.0,238.0,212.0,221.0,191.0,277.0,272.0,210.0,305.0,384.0,284.0,283.0,256.0,243.0,223.0,286.0,312.0,273.0,215.0,256.0,254.0,280.0,228.0,210.0,207.0,228.0,276.0,282.0,256.0,245.0,252.0
53,314.0,235.0,387.0,356.0,616.0,598.0,324.0,311.0,276.0,385.0,329.0,303.0,292.0,275.0,274.0,280.0,269.0,312.0,317.0,281.0,274.0,282.0,493.0,436.0,351.0,283.0,440.0,468.0,459.0,451.0,586.0,597.0,535.0,539.0,483.0,501.0,538.0,502.0,450.0,169.0,188.0,236.0,229.0,266.0,265.0,200.0,187.0,179.0,254.0,228.0,221.0,159.0,343.0,362.0,472.0,466.0,553.0,618.0,396.0,243.0,70.0,293.0,122.0,146.0,269.0,333.0,347.0,400.0,370.0,444.0,436.0,357.0,353.0,353.0,296.0,361.0,344.0,339.0,191.0,199.0,214.0,209.0,225.0,254.0,209.0,223.0,223.0,343.0,238.0,212.0,188.0,273.0,277.0,272.0,210.0,305.0,384.0,284.0,283.0,256.0,243.0,223.0,286.0,267.0,252.0,215.0,256.0,254.0,280.0,228.0,210.0,207.0,228.0,276.0,282.0,256.0,255.0
54,292.0,314.0,235.0,387.0,356.0,616.0,598.0,324.0,311.0,276.0,385.0,329.0,547.0,283.0,275.0,274.0,280.0,269.0,312.0,317.0,281.0,274.0,282.0,493.0,436.0,463.0,450.0,440.0,468.0,459.0,451.0,586.0,597.0,535.0,539.0,483.0,501.0,538.0,456.0,159.0,169.0,188.0,236.0,229.0,266.0,265.0,200.0,187.0,179.0,254.0,228.0,248.0,269.0,343.0,362.0,472.0,466.0,553.0,618.0,396.0,243.0,70.0,293.0,122.0,100.0,339.0,333.0,347.0,400.0,370.0,444.0,436.0,357.0,353.0,353.0,296.0,361.0,329.0,188.0,191.0,199.0,214.0,209.0,225.0,254.0,209.0,223.0,223.0,343.0,238.0,384.0,267.0,273.0,277.0,272.0,210.0,305.0,384.0,284.0,283.0,256.0,243.0,223.0,219.0,255.0,252.0,215.0,256.0,254.0,280.0,228.0,210.0,207.0,228.0,276.0,282.0,268.0
55,547.0,292.0,314.0,235.0,387.0,356.0,616.0,598.0,324.0,311.0,276.0,385.0,459.0,463.0,283.0,275.0,274.0,280.0,269.0,312.0,317.0,281.0,274.0,282.0,493.0,550.0,456.0,450.0,440.0,468.0,459.0,451.0,586.0,597.0,535.0,539.0,483.0,501.0,398.0,248.0,159.0,169.0,188.0,236.0,229.0,266.0,265.0,200.0,187.0,179.0,254.0,225.0,100.0,269.0,343.0,362.0,472.0,466.0,553.0,618.0,396.0,243.0,70.0,293.0,102.0,329.0,339.0,333.0,347.0,400.0,370.0,444.0,436.0,357.0,353.0,353.0,296.0,288.0,384.0,188.0,191.0,199.0,214.0,209.0,225.0,254.0,209.0,223.0,223.0,343.0,387.0,219.0,267.0,273.0,277.0,272.0,210.0,305.0,384.0,284.0,283.0,256.0,243.0,213.0,268.0,255.0,252.0,215.0,256.0,254.0,280.0,228.0,210.0,207.0,228.0,276.0,269.0
56,459.0,547.0,292.0,314.0,235.0,387.0,356.0,616.0,598.0,324.0,311.0,276.0,286.0,550.0,463.0,283.0,275.0,274.0,280.0,269.0,312.0,317.0,281.0,274.0,282.0,408.0,398.0,456.0,450.0,440.0,468.0,459.0,451.0,586.0,597.0,535.0,539.0,483.0,419.0,225.0,248.0,159.0,169.0,188.0,236.0,229.0,266.0,265.0,200.0,187.0,179.0,166.0,102.0,100.0,269.0,343.0,362.0,472.0,466.0,553.0,618.0,396.0,243.0,70.0,145.0,288.0,329.0,339.0,333.0,347.0,400.0,370.0,444.0,436.0,357.0,353.0,353.0,312.0,387.0,384.0,188.0,191.0,199.0,214.0,209.0,225.0,254.0,209.0,223.0,223.0,208.0,213.0,219.0,267.0,273.0,277.0,272.0,210.0,305.0,384.0,284.0,283.0,256.0,254.0,269.0,268.0,255.0,252.0,215.0,256.0,254.0,280.0,228.0,210.0,207.0,228.0,222.0
57,286.0,459.0,547.0,292.0,314.0,235.0,387.0,356.0,616.0,598.0,324.0,311.0,261.0,408.0,550.0,463.0,283.0,275.0,274.0,280.0,269.0,312.0,317.0,281.0,274.0,311.0,419.0,398.0,456.0,450.0,440.0,468.0,459.0,451.0,586.0,597.0,535.0,539.0,452.0,166.0,225.0,248.0,159.0,169.0,188.0,236.0,229.0,266.0,265.0,200.0,187.0,176.0,145.0,102.0,100.0,269.0,343.0,362.0,472.0,466.0,553.0,618.0,396.0,243.0,320.0,312.0,288.0,329.0,339.0,333.0,347.0,400.0,370.0,444.0,436.0,357.0,353.0,344.0,208.0,387.0,384.0,188.0,191.0,199.0,214.0,209.0,225.0,254.0,209.0,223.0,216.0,254.0,213.0,219.0,267.0,273.0,277.0,272.0,210.0,305.0,384.0,284.0,283.0,251.0,222.0,269.0,268.0,255.0,252.0,215.0,256.0,254.0,280.0,228.0,210.0,207.0,234.0
58,261.0,286.0,459.0,547.0,292.0,314.0,235.0,387.0,356.0,616.0,598.0,324.0,239.0,311.0,408.0,550.0,463.0,283.0,275.0,274.0,280.0,269.0,312.0,317.0,281.0,329.0,452.0,419.0,398.0,456.0,450.0,440.0,468.0,459.0,451.0,586.0,597.0,535.0,447.0,176.0,166.0,225.0,248.0,159.0,169.0,188.0,236.0,229.0,266.0,265.0,200.0,183.0,320.0,145.0,102.0,100.0,269.0,343.0,362.0,472.0,466.0,553.0,618.0,396.0,357.0,344.0,312.0,288.0,329.0,339.0,333.0,347.0,400.0,370.0,444.0,436.0,357.0,345.0,216.0,208.0,387.0,384.0,188.0,191.0,199.0,214.0,209.0,225.0,254.0,209.0,211.0,251.0,254.0,213.0,219.0,267.0,273.0,277.0,272.0,210.0,305.0,384.0,284.0,245.0,234.0,222.0,269.0,268.0,255.0,252.0,215.0,256.0,254.0,280.0,228.0,210.0,240.0
59,239.0,261.0,286.0,459.0,547.0,292.0,314.0,235.0,387.0,356.0,616.0,598.0,525.0,329.0,311.0,408.0,550.0,463.0,283.0,275.0,274.0,280.0,269.0,312.0,317.0,390.0,447.0,452.0,419.0,398.0,456.0,450.0,440.0,468.0,459.0,451.0,586.0,597.0,549.0,183.0,176.0,166.0,225.0,248.0,159.0,169.0,188.0,236.0,229.0,266.0,265.0,206.0,357.0,320.0,145.0,102.0,100.0,269.0,343.0,362.0,472.0,466.0,553.0,618.0,481.0,345.0,344.0,312.0,288.0,329.0,339.0,333.0,347.0,400.0,370.0,444.0,436.0,326.0,211.0,216.0,208.0,387.0,384.0,188.0,191.0,199.0,214.0,209.0,225.0,254.0,259.0,245.0,251.0,254.0,213.0,219.0,267.0,273.0,277.0,272.0,210.0,305.0,384.0,331.0,240.0,234.0,222.0,269.0,268.0,255.0,252.0,215.0,256.0,254.0,280.0,228.0,228.0
60,525.0,239.0,261.0,286.0,459.0,547.0,292.0,314.0,235.0,387.0,356.0,616.0,490.0,390.0,329.0,311.0,408.0,550.0,463.0,283.0,275.0,274.0,280.0,269.0,312.0,373.0,549.0,447.0,452.0,419.0,398.0,456.0,450.0,440.0,468.0,459.0,451.0,586.0,570.0,206.0,183.0,176.0,166.0,225.0,248.0,159.0,169.0,188.0,236.0,229.0,266.0,214.0,481.0,357.0,320.0,145.0,102.0,100.0,269.0,343.0,362.0,472.0,466.0,553.0,531.0,326.0,345.0,344.0,312.0,288.0,329.0,339.0,333.0,347.0,400.0,370.0,444.0,362.0,259.0,211.0,216.0,208.0,387.0,384.0,188.0,191.0,199.0,214.0,209.0,225.0,225.0,331.0,245.0,251.0,254.0,213.0,219.0,267.0,273.0,277.0,272.0,210.0,305.0,245.0,228.0,240.0,234.0,222.0,269.0,268.0,255.0,252.0,215.0,256.0,254.0,280.0,240.0
61,490.0,525.0,239.0,261.0,286.0,459.0,547.0,292.0,314.0,235.0,387.0,356.0,323.0,373.0,390.0,329.0,311.0,408.0,550.0,463.0,283.0,275.0,274.0,280.0,269.0,309.0,570.0,549.0,447.0,452.0,419.0,398.0,456.0,450.0,440.0,468.0,459.0,451.0,471.0,214.0,206.0,183.0,176.0,166.0,225.0,248.0,159.0,169.0,188.0,236.0,229.0,175.0,531.0,481.0,357.0,320.0,145.0,102.0,100.0,269.0,343.0,362.0,472.0,466.0,408.0,362.0,326.0,345.0,344.0,312.0,288.0,329.0,339.0,333.0,347.0,400.0,370.0,321.0,225.0,259.0,211.0,216.0,208.0,387.0,384.0,188.0,191.0,199.0,214.0,209.0,214.0,245.0,331.0,245.0,251.0,254.0,213.0,219.0,267.0,273.0,277.0,272.0,210.0,225.0,240.0,228.0,240.0,234.0,222.0,269.0,268.0,255.0,252.0,215.0,256.0,254.0,240.0
62,323.0,490.0,525.0,239.0,261.0,286.0,459.0,547.0,292.0,314.0,235.0,387.0,306.0,309.0,373.0,390.0,329.0,311.0,408.0,550.0,463.0,283.0,275.0,274.0,280.0,288.0,471.0,570.0,549.0,447.0,452.0,419.0,398.0,456.0,450.0,440.0,468.0,459.0,541.0,175.0,214.0,206.0,183.0,176.0,166.0,225.0,248.0,159.0,169.0,188.0,236.0,179.0,408.0,531.0,481.0,357.0,320.0,145.0,102.0,100.0,269.0,343.0,362.0,472.0,405.0,321.0,362.0,326.0,345.0,344.0,312.0,288.0,329.0,339.0,333.0,347.0,400.0,382.0,214.0,225.0,259.0,211.0,216.0,208.0,387.0,384.0,188.0,191.0,199.0,214.0,235.0,225.0,245.0,331.0,245.0,251.0,254.0,213.0,219.0,267.0,273.0,277.0,272.0,279.0,240.0,240.0,228.0,240.0,234.0,222.0,269.0,268.0,255.0,252.0,215.0,256.0,246.0
63,306.0,323.0,490.0,525.0,239.0,261.0,286.0,459.0,547.0,292.0,314.0,235.0,243.0,288.0,309.0,373.0,390.0,329.0,311.0,408.0,550.0,463.0,283.0,275.0,274.0,268.0,541.0,471.0,570.0,549.0,447.0,452.0,419.0,398.0,456.0,450.0,440.0,468.0,536.0,179.0,175.0,214.0,206.0,183.0,176.0,166.0,225.0,248.0,159.0,169.0,188.0,154.0,405.0,408.0,531.0,481.0,357.0,320.0,145.0,102.0,100.0,269.0,343.0,362.0,313.0,382.0,321.0,362.0,326.0,345.0,344.0,312.0,288.0,329.0,339.0,333.0,347.0,304.0,235.0,214.0,225.0,259.0,211.0,216.0,208.0,387.0,384.0,188.0,191.0,199.0,225.0,279.0,225.0,245.0,331.0,245.0,251.0,254.0,213.0,219.0,267.0,273.0,277.0,278.0,246.0,240.0,240.0,228.0,240.0,234.0,222.0,269.0,268.0,255.0,252.0,215.0,230.0
64,243.0,306.0,323.0,490.0,525.0,239.0,261.0,286.0,459.0,547.0,292.0,314.0,253.0,268.0,288.0,309.0,373.0,390.0,329.0,311.0,408.0,550.0,463.0,283.0,275.0,263.0,536.0,541.0,471.0,570.0,549.0,447.0,452.0,419.0,398.0,456.0,450.0,440.0,493.0,154.0,179.0,175.0,214.0,206.0,183.0,176.0,166.0,225.0,248.0,159.0,169.0,154.0,313.0,405.0,408.0,531.0,481.0,357.0,320.0,145.0,102.0,100.0,269.0,343.0,308.0,304.0,382.0,321.0,362.0,326.0,345.0,344.0,312.0,288.0,329.0,339.0,333.0,303.0,225.0,235.0,214.0,225.0,259.0,211.0,216.0,208.0,387.0,384.0,188.0,191.0,222.0,278.0,279.0,225.0,245.0,331.0,245.0,251.0,254.0,213.0,219.0,267.0,273.0,273.0,230.0,246.0,240.0,240.0,228.0,240.0,234.0,222.0,269.0,268.0,255.0,252.0,232.0
65,253.0,243.0,306.0,323.0,490.0,525.0,239.0,261.0,286.0,459.0,547.0,292.0,254.0,263.0,268.0,288.0,309.0,373.0,390.0,329.0,311.0,408.0,550.0,463.0,283.0,278.0,493.0,536.0,541.0,471.0,570.0,549.0,447.0,452.0,419.0,398.0,456.0,450.0,454.0,154.0,154.0,179.0,175.0,214.0,206.0,183.0,176.0,166.0,225.0,248.0,159.0,131.0,308.0,313.0,405.0,408.0,531.0,481.0,357.0,320.0,145.0,102.0,100.0,269.0,314.0,303.0,304.0,382.0,321.0,362.0,326.0,345.0,344.0,312.0,288.0,329.0,339.0,313.0,222.0,225.0,235.0,214.0,225.0,259.0,211.0,216.0,208.0,387.0,384.0,188.0,249.0,273.0,278.0,279.0,225.0,245.0,331.0,245.0,251.0,254.0,213.0,219.0,267.0,246.0,232.0,230.0,246.0,240.0,240.0,228.0,240.0,234.0,222.0,269.0,268.0,255.0,230.0
66,254.0,253.0,243.0,306.0,323.0,490.0,525.0,239.0,261.0,286.0,459.0,547.0,373.0,278.0,263.0,268.0,288.0,309.0,373.0,390.0,329.0,311.0,408.0,550.0,463.0,431.0,454.0,493.0,536.0,541.0,471.0,570.0,549.0,447.0,452.0,419.0,398.0,456.0,477.0,131.0,154.0,154.0,179.0,175.0,214.0,206.0,183.0,176.0,166.0,225.0,248.0,198.0,314.0,308.0,313.0,405.0,408.0,531.0,481.0,357.0,320.0,145.0,102.0,100.0,426.0,313.0,303.0,304.0,382.0,321.0,362.0,326.0,345.0,344.0,312.0,288.0,329.0,251.0,249.0,222.0,225.0,235.0,214.0,225.0,259.0,211.0,216.0,208.0,387.0,384.0,418.0,246.0,273.0,278.0,279.0,225.0,245.0,331.0,245.0,251.0,254.0,213.0,219.0,261.0,230.0,232.0,230.0,246.0,240.0,240.0,228.0,240.0,234.0,222.0,269.0,268.0,238.0
67,373.0,254.0,253.0,243.0,306.0,323.0,490.0,525.0,239.0,261.0,286.0,459.0,303.0,431.0,278.0,263.0,268.0,288.0,309.0,373.0,390.0,329.0,311.0,408.0,550.0,378.0,477.0,454.0,493.0,536.0,541.0,471.0,570.0,549.0,447.0,452.0,419.0,398.0,444.0,198.0,131.0,154.0,154.0,179.0,175.0,214.0,206.0,183.0,176.0,166.0,225.0,188.0,426.0,314.0,308.0,313.0,405.0,408.0,531.0,481.0,357.0,320.0,145.0,102.0,340.0,251.0,313.0,303.0,304.0,382.0,321.0,362.0,326.0,345.0,344.0,312.0,288.0,258.0,418.0,249.0,222.0,225.0,235.0,214.0,225.0,259.0,211.0,216.0,208.0,387.0,379.0,261.0,246.0,273.0,278.0,279.0,225.0,245.0,331.0,245.0,251.0,254.0,213.0,216.0,238.0,230.0,232.0,230.0,246.0,240.0,240.0,228.0,240.0,234.0,222.0,269.0,244.0
68,303.0,373.0,254.0,253.0,243.0,306.0,323.0,490.0,525.0,239.0,261.0,286.0,252.0,378.0,431.0,278.0,263.0,268.0,288.0,309.0,373.0,390.0,329.0,311.0,408.0,282.0,444.0,477.0,454.0,493.0,536.0,541.0,471.0,570.0,549.0,447.0,452.0,419.0,405.0,188.0,198.0,131.0,154.0,154.0,179.0,175.0,214.0,206.0,183.0,176.0,166.0,144.0,340.0,426.0,314.0,308.0,313.0,405.0,408.0,531.0,481.0,357.0,320.0,145.0,300.0,258.0,251.0,313.0,303.0,304.0,382.0,321.0,362.0,326.0,345.0,344.0,312.0,298.0,379.0,418.0,249.0,222.0,225.0,235.0,214.0,225.0,259.0,211.0,216.0,208.0,259.0,216.0,261.0,246.0,273.0,278.0,279.0,225.0,245.0,331.0,245.0,251.0,254.0,241.0,244.0,238.0,230.0,232.0,230.0,246.0,240.0,240.0,228.0,240.0,234.0,222.0,213.0
69,252.0,303.0,373.0,254.0,253.0,243.0,306.0,323.0,490.0,525.0,239.0,261.0,228.0,282.0,378.0,431.0,278.0,263.0,268.0,288.0,309.0,373.0,390.0,329.0,311.0,282.0,405.0,444.0,477.0,454.0,493.0,536.0,541.0,471.0,570.0,549.0,447.0,452.0,393.0,144.0,188.0,198.0,131.0,154.0,154.0,179.0,175.0,214.0,206.0,183.0,176.0,170.0,300.0,340.0,426.0,314.0,308.0,313.0,405.0,408.0,531.0,481.0,357.0,320.0,343.0,298.0,258.0,251.0,313.0,303.0,304.0,382.0,321.0,362.0,326.0,345.0,344.0,332.0,259.0,379.0,418.0,249.0,222.0,225.0,235.0,214.0,225.0,259.0,211.0,216.0,257.0,241.0,216.0,261.0,246.0,273.0,278.0,279.0,225.0,245.0,331.0,245.0,251.0,290.0,213.0,244.0,238.0,230.0,232.0,230.0,246.0,240.0,240.0,228.0,240.0,234.0,269.0
70,228.0,252.0,303.0,373.0,254.0,253.0,243.0,306.0,323.0,490.0,525.0,239.0,216.0,282.0,282.0,378.0,431.0,278.0,263.0,268.0,288.0,309.0,373.0,390.0,329.0,263.0,393.0,405.0,444.0,477.0,454.0,493.0,536.0,541.0,471.0,570.0,549.0,447.0,432.0,170.0,144.0,188.0,198.0,131.0,154.0,154.0,179.0,175.0,214.0,206.0,183.0,174.0,343.0,300.0,340.0,426.0,314.0,308.0,313.0,405.0,408.0,531.0,481.0,357.0,377.0,332.0,298.0,258.0,251.0,313.0,303.0,304.0,382.0,321.0,362.0,326.0,345.0,365.0,257.0,259.0,379.0,418.0,249.0,222.0,225.0,235.0,214.0,225.0,259.0,211.0,253.0,290.0,241.0,216.0,261.0,246.0,273.0,278.0,279.0,225.0,245.0,331.0,245.0,298.0,269.0,213.0,244.0,238.0,230.0,232.0,230.0,246.0,240.0,240.0,228.0,240.0,300.0
71,216.0,228.0,252.0,303.0,373.0,254.0,253.0,243.0,306.0,323.0,490.0,525.0,471.0,263.0,282.0,282.0,378.0,431.0,278.0,263.0,268.0,288.0,309.0,373.0,390.0,290.0,432.0,393.0,405.0,444.0,477.0,454.0,493.0,536.0,541.0,471.0,570.0,549.0,471.0,174.0,170.0,144.0,188.0,198.0,131.0,154.0,154.0,179.0,175.0,214.0,206.0,197.0,377.0,343.0,300.0,340.0,426.0,314.0,308.0,313.0,405.0,408.0,531.0,481.0,524.0,365.0,332.0,298.0,258.0,251.0,313.0,303.0,304.0,382.0,321.0,362.0,326.0,419.0,253.0,257.0,259.0,379.0,418.0,249.0,222.0,225.0,235.0,214.0,225.0,259.0,389.0,298.0,290.0,241.0,216.0,261.0,246.0,273.0,278.0,279.0,225.0,245.0,331.0,405.0,300.0,269.0,213.0,244.0,238.0,230.0,232.0,230.0,246.0,240.0,240.0,228.0,347.0
72,471.0,216.0,228.0,252.0,303.0,373.0,254.0,253.0,243.0,306.0,323.0,490.0,436.0,290.0,263.0,282.0,282.0,378.0,431.0,278.0,263.0,268.0,288.0,309.0,373.0,461.0,471.0,432.0,393.0,405.0,444.0,477.0,454.0,493.0,536.0,541.0,471.0,570.0,486.0,197.0,174.0,170.0,144.0,188.0,198.0,131.0,154.0,154.0,179.0,175.0,214.0,229.0,524.0,377.0,343.0,300.0,340.0,426.0,314.0,308.0,313.0,405.0,408.0,531.0,595.0,419.0,365.0,332.0,298.0,258.0,251.0,313.0,303.0,304.0,382.0,321.0,362.0,425.0,389.0,253.0,257.0,259.0,379.0,418.0,249.0,222.0,225.0,235.0,214.0,225.0,387.0,405.0,298.0,290.0,241.0,216.0,261.0,246.0,273.0,278.0,279.0,225.0,245.0,354.0,347.0,300.0,269.0,213.0,244.0,238.0,230.0,232.0,230.0,246.0,240.0,240.0,404.0
73,436.0,471.0,216.0,228.0,252.0,303.0,373.0,254.0,253.0,243.0,306.0,323.0,299.0,461.0,290.0,263.0,282.0,282.0,378.0,431.0,278.0,263.0,268.0,288.0,309.0,284.0,486.0,471.0,432.0,393.0,405.0,444.0,477.0,454.0,493.0,536.0,541.0,471.0,370.0,229.0,197.0,174.0,170.0,144.0,188.0,198.0,131.0,154.0,154.0,179.0,175.0,202.0,595.0,524.0,377.0,343.0,300.0,340.0,426.0,314.0,308.0,313.0,405.0,408.0,415.0,425.0,419.0,365.0,332.0,298.0,258.0,251.0,313.0,303.0,304.0,382.0,321.0,320.0,387.0,389.0,253.0,257.0,259.0,379.0,418.0,249.0,222.0,225.0,235.0,214.0,244.0,354.0,405.0,298.0,290.0,241.0,216.0,261.0,246.0,273.0,278.0,279.0,225.0,276.0,404.0,347.0,300.0,269.0,213.0,244.0,238.0,230.0,232.0,230.0,246.0,240.0,381.0
74,299.0,436.0,471.0,216.0,228.0,252.0,303.0,373.0,254.0,253.0,243.0,306.0,296.0,284.0,461.0,290.0,263.0,282.0,282.0,378.0,431.0,278.0,263.0,268.0,288.0,290.0,370.0,486.0,471.0,432.0,393.0,405.0,444.0,477.0,454.0,493.0,536.0,541.0,436.0,202.0,229.0,197.0,174.0,170.0,144.0,188.0,198.0,131.0,154.0,154.0,179.0,201.0,415.0,595.0,524.0,377.0,343.0,300.0,340.0,426.0,314.0,308.0,313.0,405.0,375.0,320.0,425.0,419.0,365.0,332.0,298.0,258.0,251.0,313.0,303.0,304.0,382.0,337.0,244.0,387.0,389.0,253.0,257.0,259.0,379.0,418.0,249.0,222.0,225.0,235.0,296.0,276.0,354.0,405.0,298.0,290.0,241.0,216.0,261.0,246.0,273.0,278.0,279.0,318.0,381.0,404.0,347.0,300.0,269.0,213.0,244.0,238.0,230.0,232.0,230.0,246.0,391.0
75,296.0,299.0,436.0,471.0,216.0,228.0,252.0,303.0,373.0,254.0,253.0,243.0,277.0,290.0,284.0,461.0,290.0,263.0,282.0,282.0,378.0,431.0,278.0,263.0,268.0,289.0,436.0,370.0,486.0,471.0,432.0,393.0,405.0,444.0,477.0,454.0,493.0,536.0,317.0,201.0,202.0,229.0,197.0,174.0,170.0,144.0,188.0,198.0,131.0,154.0,154.0,172.0,375.0,415.0,595.0,524.0,377.0,343.0,300.0,340.0,426.0,314.0,308.0,313.0,324.0,337.0,320.0,425.0,419.0,365.0,332.0,298.0,258.0,251.0,313.0,303.0,304.0,321.0,296.0,244.0,387.0,389.0,253.0,257.0,259.0,379.0,418.0,249.0,222.0,225.0,267.0,318.0,276.0,354.0,405.0,298.0,290.0,241.0,216.0,261.0,246.0,273.0,278.0,300.0,391.0,381.0,404.0,347.0,300.0,269.0,213.0,244.0,238.0,230.0,232.0,230.0,370.0
76,277.0,296.0,299.0,436.0,471.0,216.0,228.0,252.0,303.0,373.0,254.0,253.0,259.0,289.0,290.0,284.0,461.0,290.0,263.0,282.0,282.0,378.0,431.0,278.0,263.0,310.0,317.0,436.0,370.0,486.0,471.0,432.0,393.0,405.0,444.0,477.0,454.0,493.0,332.0,172.0,201.0,202.0,229.0,197.0,174.0,170.0,144.0,188.0,198.0,131.0,154.0,169.0,324.0,375.0,415.0,595.0,524.0,377.0,343.0,300.0,340.0,426.0,314.0,308.0,285.0,321.0,337.0,320.0,425.0,419.0,365.0,332.0,298.0,258.0,251.0,313.0,303.0,303.0,267.0,296.0,244.0,387.0,389.0,253.0,257.0,259.0,379.0,418.0,249.0,222.0,256.0,300.0,318.0,276.0,354.0,405.0,298.0,290.0,241.0,216.0,261.0,246.0,273.0,292.0,370.0,391.0,381.0,404.0,347.0,300.0,269.0,213.0,244.0,238.0,230.0,232.0,333.0
77,259.0,277.0,296.0,299.0,436.0,471.0,216.0,228.0,252.0,303.0,373.0,254.0,396.0,310.0,289.0,290.0,284.0,461.0,290.0,263.0,282.0,282.0,378.0,431.0,278.0,344.0,332.0,317.0,436.0,370.0,486.0,471.0,432.0,393.0,405.0,444.0,477.0,454.0,336.0,169.0,172.0,201.0,202.0,229.0,197.0,174.0,170.0,144.0,188.0,198.0,131.0,151.0,285.0,324.0,375.0,415.0,595.0,524.0,377.0,343.0,300.0,340.0,426.0,314.0,316.0,303.0,321.0,337.0,320.0,425.0,419.0,365.0,332.0,298.0,258.0,251.0,313.0,268.0,256.0,267.0,296.0,244.0,387.0,389.0,253.0,257.0,259.0,379.0,418.0,249.0,339.0,292.0,300.0,318.0,276.0,354.0,405.0,298.0,290.0,241.0,216.0,261.0,246.0,277.0,333.0,370.0,391.0,381.0,404.0,347.0,300.0,269.0,213.0,244.0,238.0,230.0,357.0
78,396.0,259.0,277.0,296.0,299.0,436.0,471.0,216.0,228.0,252.0,303.0,373.0,494.0,344.0,310.0,289.0,290.0,284.0,461.0,290.0,263.0,282.0,282.0,378.0,431.0,416.0,336.0,332.0,317.0,436.0,370.0,486.0,471.0,432.0,393.0,405.0,444.0,477.0,337.0,151.0,169.0,172.0,201.0,202.0,229.0,197.0,174.0,170.0,144.0,188.0,198.0,234.0,316.0,285.0,324.0,375.0,415.0,595.0,524.0,377.0,343.0,300.0,340.0,426.0,439.0,268.0,303.0,321.0,337.0,320.0,425.0,419.0,365.0,332.0,298.0,258.0,251.0,242.0,339.0,256.0,267.0,296.0,244.0,387.0,389.0,253.0,257.0,259.0,379.0,418.0,433.0,277.0,292.0,300.0,318.0,276.0,354.0,405.0,298.0,290.0,241.0,216.0,261.0,279.0,357.0,333.0,370.0,391.0,381.0,404.0,347.0,300.0,269.0,213.0,244.0,238.0,346.0
79,494.0,396.0,259.0,277.0,296.0,299.0,436.0,471.0,216.0,228.0,252.0,303.0,479.0,416.0,344.0,310.0,289.0,290.0,284.0,461.0,290.0,263.0,282.0,282.0,378.0,371.0,337.0,336.0,332.0,317.0,436.0,370.0,486.0,471.0,432.0,393.0,405.0,444.0,285.0,234.0,151.0,169.0,172.0,201.0,202.0,229.0,197.0,174.0,170.0,144.0,188.0,243.0,439.0,316.0,285.0,324.0,375.0,415.0,595.0,524.0,377.0,343.0,300.0,340.0,460.0,242.0,268.0,303.0,321.0,337.0,320.0,425.0,419.0,365.0,332.0,298.0,258.0,207.0,433.0,339.0,256.0,267.0,296.0,244.0,387.0,389.0,253.0,257.0,259.0,379.0,442.0,279.0,277.0,292.0,300.0,318.0,276.0,354.0,405.0,298.0,290.0,241.0,216.0,281.0,346.0,357.0,333.0,370.0,391.0,381.0,404.0,347.0,300.0,269.0,213.0,244.0,346.0
80,479.0,494.0,396.0,259.0,277.0,296.0,299.0,436.0,471.0,216.0,228.0,252.0,228.0,371.0,416.0,344.0,310.0,289.0,290.0,284.0,461.0,290.0,263.0,282.0,282.0,257.0,285.0,337.0,336.0,332.0,317.0,436.0,370.0,486.0,471.0,432.0,393.0,405.0,237.0,243.0,234.0,151.0,169.0,172.0,201.0,202.0,229.0,197.0,174.0,170.0,144.0,141.0,460.0,439.0,316.0,285.0,324.0,375.0,415.0,595.0,524.0,377.0,343.0,300.0,252.0,207.0,242.0,268.0,303.0,321.0,337.0,320.0,425.0,419.0,365.0,332.0,298.0,264.0,442.0,433.0,339.0,256.0,267.0,296.0,244.0,387.0,389.0,253.0,257.0,259.0,229.0,281.0,279.0,277.0,292.0,300.0,318.0,276.0,354.0,405.0,298.0,290.0,241.0,269.0,346.0,346.0,357.0,333.0,370.0,391.0,381.0,404.0,347.0,300.0,269.0,213.0,280.0
81,228.0,479.0,494.0,396.0,259.0,277.0,296.0,299.0,436.0,471.0,216.0,228.0,437.0,257.0,371.0,416.0,344.0,310.0,289.0,290.0,284.0,461.0,290.0,263.0,282.0,277.0,237.0,285.0,337.0,336.0,332.0,317.0,436.0,370.0,486.0,471.0,432.0,393.0,317.0,141.0,243.0,234.0,151.0,169.0,172.0,201.0,202.0,229.0,197.0,174.0,170.0,184.0,252.0,460.0,439.0,316.0,285.0,324.0,375.0,415.0,595.0,524.0,377.0,343.0,301.0,264.0,207.0,242.0,268.0,303.0,321.0,337.0,320.0,425.0,419.0,365.0,332.0,269.0,229.0,442.0,433.0,339.0,256.0,267.0,296.0,244.0,387.0,389.0,253.0,257.0,271.0,269.0,281.0,279.0,277.0,292.0,300.0,318.0,276.0,354.0,405.0,298.0,290.0,265.0,280.0,346.0,346.0,357.0,333.0,370.0,391.0,381.0,404.0,347.0,300.0,269.0,330.0
82,437.0,228.0,479.0,494.0,396.0,259.0,277.0,296.0,299.0,436.0,471.0,216.0,273.0,277.0,257.0,371.0,416.0,344.0,310.0,289.0,290.0,284.0,461.0,290.0,263.0,297.0,317.0,237.0,285.0,337.0,336.0,332.0,317.0,436.0,370.0,486.0,471.0,432.0,324.0,184.0,141.0,243.0,234.0,151.0,169.0,172.0,201.0,202.0,229.0,197.0,174.0,198.0,301.0,252.0,460.0,439.0,316.0,285.0,324.0,375.0,415.0,595.0,524.0,377.0,418.0,269.0,264.0,207.0,242.0,268.0,303.0,321.0,337.0,320.0,425.0,419.0,365.0,353.0,271.0,229.0,442.0,433.0,339.0,256.0,267.0,296.0,244.0,387.0,389.0,253.0,288.0,265.0,269.0,281.0,279.0,277.0,292.0,300.0,318.0,276.0,354.0,405.0,298.0,248.0,330.0,280.0,346.0,346.0,357.0,333.0,370.0,391.0,381.0,404.0,347.0,300.0,353.0
83,273.0,437.0,228.0,479.0,494.0,396.0,259.0,277.0,296.0,299.0,436.0,471.0,460.0,297.0,277.0,257.0,371.0,416.0,344.0,310.0,289.0,290.0,284.0,461.0,290.0,374.0,324.0,317.0,237.0,285.0,337.0,336.0,332.0,317.0,436.0,370.0,486.0,471.0,349.0,198.0,184.0,141.0,243.0,234.0,151.0,169.0,172.0,201.0,202.0,229.0,197.0,366.0,418.0,301.0,252.0,460.0,439.0,316.0,285.0,324.0,375.0,415.0,595.0,524.0,509.0,353.0,269.0,264.0,207.0,242.0,268.0,303.0,321.0,337.0,320.0,425.0,419.0,409.0,288.0,271.0,229.0,442.0,433.0,339.0,256.0,267.0,296.0,244.0,387.0,389.0,309.0,248.0,265.0,269.0,281.0,279.0,277.0,292.0,300.0,318.0,276.0,354.0,405.0,433.0,353.0,330.0,280.0,346.0,346.0,357.0,333.0,370.0,391.0,381.0,404.0,347.0,368.0
84,460.0,273.0,437.0,228.0,479.0,494.0,396.0,259.0,277.0,296.0,299.0,436.0,393.0,374.0,297.0,277.0,257.0,371.0,416.0,344.0,310.0,289.0,290.0,284.0,461.0,341.0,349.0,324.0,317.0,237.0,285.0,337.0,336.0,332.0,317.0,436.0,370.0,486.0,302.0,366.0,198.0,184.0,141.0,243.0,234.0,151.0,169.0,172.0,201.0,202.0,229.0,562.0,509.0,418.0,301.0,252.0,460.0,439.0,316.0,285.0,324.0,375.0,415.0,595.0,522.0,409.0,353.0,269.0,264.0,207.0,242.0,268.0,303.0,321.0,337.0,320.0,425.0,344.0,309.0,288.0,271.0,229.0,442.0,433.0,339.0,256.0,267.0,296.0,244.0,387.0,325.0,433.0,248.0,265.0,269.0,281.0,279.0,277.0,292.0,300.0,318.0,276.0,354.0,309.0,368.0,353.0,330.0,280.0,346.0,346.0,357.0,333.0,370.0,391.0,381.0,404.0,393.0
85,393.0,460.0,273.0,437.0,228.0,479.0,494.0,396.0,259.0,277.0,296.0,299.0,323.0,341.0,374.0,297.0,277.0,257.0,371.0,416.0,344.0,310.0,289.0,290.0,284.0,336.0,302.0,349.0,324.0,317.0,237.0,285.0,337.0,336.0,332.0,317.0,436.0,370.0,163.0,562.0,366.0,198.0,184.0,141.0,243.0,234.0,151.0,169.0,172.0,201.0,202.0,508.0,522.0,509.0,418.0,301.0,252.0,460.0,439.0,316.0,285.0,324.0,375.0,415.0,479.0,344.0,409.0,353.0,269.0,264.0,207.0,242.0,268.0,303.0,321.0,337.0,320.0,343.0,325.0,309.0,288.0,271.0,229.0,442.0,433.0,339.0,256.0,267.0,296.0,244.0,283.0,309.0,433.0,248.0,265.0,269.0,281.0,279.0,277.0,292.0,300.0,318.0,276.0,286.0,393.0,368.0,353.0,330.0,280.0,346.0,346.0,357.0,333.0,370.0,391.0,381.0,354.0
86,323.0,393.0,460.0,273.0,437.0,228.0,479.0,494.0,396.0,259.0,277.0,296.0,310.0,336.0,341.0,374.0,297.0,277.0,257.0,371.0,416.0,344.0,310.0,289.0,290.0,335.0,163.0,302.0,349.0,324.0,317.0,237.0,285.0,337.0,336.0,332.0,317.0,436.0,188.0,508.0,562.0,366.0,198.0,184.0,141.0,243.0,234.0,151.0,169.0,172.0,201.0,539.0,479.0,522.0,509.0,418.0,301.0,252.0,460.0,439.0,316.0,285.0,324.0,375.0,432.0,343.0,344.0,409.0,353.0,269.0,264.0,207.0,242.0,268.0,303.0,321.0,337.0,322.0,283.0,325.0,309.0,288.0,271.0,229.0,442.0,433.0,339.0,256.0,267.0,296.0,284.0,286.0,309.0,433.0,248.0,265.0,269.0,281.0,279.0,277.0,292.0,300.0,318.0,343.0,354.0,393.0,368.0,353.0,330.0,280.0,346.0,346.0,357.0,333.0,370.0,391.0,365.0
87,310.0,323.0,393.0,460.0,273.0,437.0,228.0,479.0,494.0,396.0,259.0,277.0,235.0,335.0,336.0,341.0,374.0,297.0,277.0,257.0,371.0,416.0,344.0,310.0,289.0,281.0,188.0,163.0,302.0,349.0,324.0,317.0,237.0,285.0,337.0,336.0,332.0,317.0,214.0,539.0,508.0,562.0,366.0,198.0,184.0,141.0,243.0,234.0,151.0,169.0,172.0,494.0,432.0,479.0,522.0,509.0,418.0,301.0,252.0,460.0,439.0,316.0,285.0,324.0,267.0,322.0,343.0,344.0,409.0,353.0,269.0,264.0,207.0,242.0,268.0,303.0,321.0,255.0,284.0,283.0,325.0,309.0,288.0,271.0,229.0,442.0,433.0,339.0,256.0,267.0,249.0,343.0,286.0,309.0,433.0,248.0,265.0,269.0,281.0,279.0,277.0,292.0,300.0,302.0,365.0,354.0,393.0,368.0,353.0,330.0,280.0,346.0,346.0,357.0,333.0,370.0,357.0
88,235.0,310.0,323.0,393.0,460.0,273.0,437.0,228.0,479.0,494.0,396.0,259.0,235.0,281.0,335.0,336.0,341.0,374.0,297.0,277.0,257.0,371.0,416.0,344.0,310.0,279.0,214.0,188.0,163.0,302.0,349.0,324.0,317.0,237.0,285.0,337.0,336.0,332.0,214.0,494.0,539.0,508.0,562.0,366.0,198.0,184.0,141.0,243.0,234.0,151.0,169.0,440.0,267.0,432.0,479.0,522.0,509.0,418.0,301.0,252.0,460.0,439.0,316.0,285.0,202.0,255.0,322.0,343.0,344.0,409.0,353.0,269.0,264.0,207.0,242.0,268.0,303.0,231.0,249.0,284.0,283.0,325.0,309.0,288.0,271.0,229.0,442.0,433.0,339.0,256.0,229.0,302.0,343.0,286.0,309.0,433.0,248.0,265.0,269.0,281.0,279.0,277.0,292.0,278.0,357.0,365.0,354.0,393.0,368.0,353.0,330.0,280.0,346.0,346.0,357.0,333.0,329.0
89,235.0,235.0,310.0,323.0,393.0,460.0,273.0,437.0,228.0,479.0,494.0,396.0,307.0,279.0,281.0,335.0,336.0,341.0,374.0,297.0,277.0,257.0,371.0,416.0,344.0,273.0,214.0,214.0,188.0,163.0,302.0,349.0,324.0,317.0,237.0,285.0,337.0,336.0,246.0,440.0,494.0,539.0,508.0,562.0,366.0,198.0,184.0,141.0,243.0,234.0,151.0,432.0,202.0,267.0,432.0,479.0,522.0,509.0,418.0,301.0,252.0,460.0,439.0,316.0,193.0,231.0,255.0,322.0,343.0,344.0,409.0,353.0,269.0,264.0,207.0,242.0,268.0,221.0,229.0,249.0,284.0,283.0,325.0,309.0,288.0,271.0,229.0,442.0,433.0,339.0,235.0,278.0,302.0,343.0,286.0,309.0,433.0,248.0,265.0,269.0,281.0,279.0,277.0,285.0,329.0,357.0,365.0,354.0,393.0,368.0,353.0,330.0,280.0,346.0,346.0,357.0,311.0
90,307.0,235.0,235.0,310.0,323.0,393.0,460.0,273.0,437.0,228.0,479.0,494.0,202.0,273.0,279.0,281.0,335.0,336.0,341.0,374.0,297.0,277.0,257.0,371.0,416.0,299.0,246.0,214.0,214.0,188.0,163.0,302.0,349.0,324.0,317.0,237.0,285.0,337.0,337.0,432.0,440.0,494.0,539.0,508.0,562.0,366.0,198.0,184.0,141.0,243.0,234.0,481.153,193.0,202.0,267.0,432.0,479.0,522.0,509.0,418.0,301.0,252.0,460.0,439.0,236.0,221.0,231.0,255.0,322.0,343.0,344.0,409.0,353.0,269.0,264.0,207.0,242.0,218.0,235.0,229.0,249.0,284.0,283.0,325.0,309.0,288.0,271.0,229.0,442.0,433.0,388.0,285.0,278.0,302.0,343.0,286.0,309.0,433.0,248.0,265.0,269.0,281.0,279.0,251.0,311.0,329.0,357.0,365.0,354.0,393.0,368.0,353.0,330.0,280.0,346.0,346.0,342.0
91,202.0,307.0,235.0,235.0,310.0,323.0,393.0,460.0,273.0,437.0,228.0,479.0,196.0,299.0,273.0,279.0,281.0,335.0,336.0,341.0,374.0,297.0,277.0,257.0,371.0,304.0,337.0,246.0,214.0,214.0,188.0,163.0,302.0,349.0,324.0,317.0,237.0,285.0,323.0,481.153,432.0,440.0,494.0,539.0,508.0,562.0,366.0,198.0,184.0,141.0,243.0,481.154,236.0,193.0,202.0,267.0,432.0,479.0,522.0,509.0,418.0,301.0,252.0,460.0,371.0,218.0,221.0,231.0,255.0,322.0,343.0,344.0,409.0,353.0,269.0,264.0,207.0,207.0,388.0,235.0,229.0,249.0,284.0,283.0,325.0,309.0,288.0,271.0,229.0,442.0,415.0,251.0,285.0,278.0,302.0,343.0,286.0,309.0,433.0,248.0,265.0,269.0,281.0,253.0,342.0,311.0,329.0,357.0,365.0,354.0,393.0,368.0,353.0,330.0,280.0,346.0,372.0
92,196.0,202.0,307.0,235.0,235.0,310.0,323.0,393.0,460.0,273.0,437.0,228.0,97.0,304.0,299.0,273.0,279.0,281.0,335.0,336.0,341.0,374.0,297.0,277.0,257.0,280.0,323.0,337.0,246.0,214.0,214.0,188.0,163.0,302.0,349.0,324.0,317.0,237.0,232.0,481.154,481.153,432.0,440.0,494.0,539.0,508.0,562.0,366.0,198.0,184.0,141.0,465.633,371.0,236.0,193.0,202.0,267.0,432.0,479.0,522.0,509.0,418.0,301.0,252.0,256.0,207.0,218.0,221.0,231.0,255.0,322.0,343.0,344.0,409.0,353.0,269.0,264.0,245.0,415.0,388.0,235.0,229.0,249.0,284.0,283.0,325.0,309.0,288.0,271.0,229.0,271.0,253.0,251.0,285.0,278.0,302.0,343.0,286.0,309.0,433.0,248.0,265.0,269.0,246.0,372.0,342.0,311.0,329.0,357.0,365.0,354.0,393.0,368.0,353.0,330.0,280.0,312.0
93,97.0,196.0,202.0,307.0,235.0,235.0,310.0,323.0,393.0,460.0,273.0,437.0,92.313,280.0,304.0,299.0,273.0,279.0,281.0,335.0,336.0,341.0,374.0,297.0,277.0,292.418,232.0,323.0,337.0,246.0,214.0,214.0,188.0,163.0,302.0,349.0,324.0,317.0,208.138,465.633,481.154,481.153,432.0,440.0,494.0,539.0,508.0,562.0,366.0,198.0,184.0,481.154,256.0,371.0,236.0,193.0,202.0,267.0,432.0,479.0,522.0,509.0,418.0,301.0,290.38100000000003,245.0,207.0,218.0,221.0,231.0,255.0,322.0,343.0,344.0,409.0,353.0,269.0,262.118,271.0,415.0,388.0,235.0,229.0,249.0,284.0,283.0,325.0,309.0,288.0,271.0,233.985,246.0,253.0,251.0,285.0,278.0,302.0,343.0,286.0,309.0,433.0,248.0,265.0,379.39,312.0,372.0,342.0,311.0,329.0,357.0,365.0,354.0,393.0,368.0,353.0,330.0,341.856
94,92.313,97.0,196.0,202.0,307.0,235.0,235.0,310.0,323.0,393.0,460.0,273.0,242.742,292.418,280.0,304.0,299.0,273.0,279.0,281.0,335.0,336.0,341.0,374.0,297.0,295.078,208.138,232.0,323.0,337.0,246.0,214.0,214.0,188.0,163.0,302.0,349.0,324.0,288.166,481.154,465.633,481.154,481.153,432.0,440.0,494.0,539.0,508.0,562.0,366.0,198.0,465.634,290.38100000000003,256.0,371.0,236.0,193.0,202.0,267.0,432.0,479.0,522.0,509.0,418.0,317.906,262.118,245.0,207.0,218.0,221.0,231.0,255.0,322.0,343.0,344.0,409.0,353.0,306.064,233.985,271.0,415.0,388.0,235.0,229.0,249.0,284.0,283.0,325.0,309.0,288.0,267.266,379.39,246.0,253.0,251.0,285.0,278.0,302.0,343.0,286.0,309.0,433.0,248.0,419.893,341.856,312.0,372.0,342.0,311.0,329.0,357.0,365.0,354.0,393.0,368.0,353.0,345.565
95,242.742,92.313,97.0,196.0,202.0,307.0,235.0,235.0,310.0,323.0,393.0,460.0,446.343,295.078,292.418,280.0,304.0,299.0,273.0,279.0,281.0,335.0,336.0,341.0,374.0,366.12,288.166,208.138,232.0,323.0,337.0,246.0,214.0,214.0,188.0,163.0,302.0,349.0,370.44,465.634,481.154,465.633,481.154,481.153,432.0,440.0,494.0,539.0,508.0,562.0,366.0,481.154,317.906,290.38100000000003,256.0,371.0,236.0,193.0,202.0,267.0,432.0,479.0,522.0,509.0,451.954,306.064,262.118,245.0,207.0,218.0,221.0,231.0,255.0,322.0,343.0,344.0,409.0,448.035,267.266,233.985,271.0,415.0,388.0,235.0,229.0,249.0,284.0,283.0,325.0,309.0,302.675,419.893,379.39,246.0,253.0,251.0,285.0,278.0,302.0,343.0,286.0,309.0,433.0,588.729,345.565,341.856,312.0,372.0,342.0,311.0,329.0,357.0,365.0,354.0,393.0,368.0,404.57
