,Unnamed: 0,0,1,2,3,4,5,6,7,8,9,10,11,12
0,0,57.540980000000005,61.0,65.0,75.0,68.0,43.0,66.0,49.0,20.0,21.0,18.0,23.0,59.45902
1,1,59.45902,57.540980000000005,61.0,65.0,75.0,68.0,43.0,66.0,49.0,20.0,21.0,18.0,53.0
2,2,53.0,59.45902,57.540980000000005,61.0,65.0,75.0,68.0,43.0,66.0,49.0,20.0,21.0,62.0
3,3,62.0,53.0,59.45902,57.540980000000005,61.0,65.0,75.0,68.0,43.0,66.0,49.0,20.0,66.0
4,4,66.0,62.0,53.0,59.45902,57.540980000000005,61.0,65.0,75.0,68.0,43.0,66.0,49.0,70.0
5,5,70.0,66.0,62.0,53.0,59.45902,57.540980000000005,61.0,65.0,75.0,68.0,43.0,66.0,75.0
6,6,75.0,70.0,66.0,62.0,53.0,59.45902,57.540980000000005,61.0,65.0,75.0,68.0,43.0,85.0
7,7,85.0,75.0,70.0,66.0,62.0,53.0,59.45902,57.540980000000005,61.0,65.0,75.0,68.0,84.0
8,8,84.0,85.0,75.0,70.0,66.0,62.0,53.0,59.45902,57.540980000000005,61.0,65.0,75.0,64.16949
9,9,64.16949,84.0,85.0,75.0,70.0,66.0,62.0,53.0,59.45902,57.540980000000005,61.0,65.0,68.83051
10,10,68.83051,64.16949,84.0,85.0,75.0,70.0,66.0,62.0,53.0,59.45902,57.540980000000005,61.0,62.0
11,11,62.0,68.83051,64.16949,84.0,85.0,75.0,70.0,66.0,62.0,53.0,59.45902,57.540980000000005,57.0
12,12,57.0,62.0,68.83051,64.16949,84.0,85.0,75.0,70.0,66.0,62.0,53.0,59.45902,55.0
13,13,55.0,57.0,62.0,68.83051,64.16949,84.0,85.0,75.0,70.0,66.0,62.0,53.0,50.0
14,14,50.0,55.0,57.0,62.0,68.83051,64.16949,84.0,85.0,75.0,70.0,66.0,62.0,59.0
15,15,59.0,50.0,55.0,57.0,62.0,68.83051,64.16949,84.0,85.0,75.0,70.0,66.0,63.0
16,16,63.0,59.0,50.0,55.0,57.0,62.0,68.83051,64.16949,84.0,85.0,75.0,70.0,75.0
17,17,75.0,63.0,59.0,50.0,55.0,57.0,62.0,68.83051,64.16949,84.0,85.0,75.0,80.0
18,18,80.0,75.0,63.0,59.0,50.0,55.0,57.0,62.0,68.83051,64.16949,84.0,85.0,94.0
19,19,94.0,80.0,75.0,63.0,59.0,50.0,55.0,57.0,62.0,68.83051,64.16949,84.0,90.0
20,20,90.0,94.0,80.0,75.0,63.0,59.0,50.0,55.0,57.0,62.0,68.83051,64.16949,78.0
21,21,78.0,90.0,94.0,80.0,75.0,63.0,59.0,50.0,55.0,57.0,62.0,68.83051,77.0
22,22,77.0,78.0,90.0,94.0,80.0,75.0,63.0,59.0,50.0,55.0,57.0,62.0,66.0
23,23,66.0,77.0,78.0,90.0,94.0,80.0,75.0,63.0,59.0,50.0,55.0,57.0,63.0
24,24,63.0,66.0,77.0,78.0,90.0,94.0,80.0,75.0,63.0,59.0,50.0,55.0,56.0
25,25,56.0,63.0,66.0,77.0,78.0,90.0,94.0,80.0,75.0,63.0,59.0,50.0,53.0
26,26,53.0,56.0,63.0,66.0,77.0,78.0,90.0,94.0,80.0,75.0,63.0,59.0,90.0
27,27,90.0,53.0,56.0,63.0,66.0,77.0,78.0,90.0,94.0,80.0,75.0,63.0,103.0
28,28,103.0,90.0,53.0,56.0,63.0,66.0,77.0,78.0,90.0,94.0,80.0,75.0,114.0
29,29,114.0,103.0,90.0,53.0,56.0,63.0,66.0,77.0,78.0,90.0,94.0,80.0,110.0
30,30,110.0,114.0,103.0,90.0,53.0,56.0,63.0,66.0,77.0,78.0,90.0,94.0,114.0
31,31,114.0,110.0,114.0,103.0,90.0,53.0,56.0,63.0,66.0,77.0,78.0,90.0,113.0
32,32,113.0,114.0,110.0,114.0,103.0,90.0,53.0,56.0,63.0,66.0,77.0,78.0,111.0
33,33,111.0,113.0,114.0,110.0,114.0,103.0,90.0,53.0,56.0,63.0,66.0,77.0,104.0
34,34,104.0,111.0,113.0,114.0,110.0,114.0,103.0,90.0,53.0,56.0,63.0,66.0,85.0
35,35,85.0,104.0,111.0,113.0,114.0,110.0,114.0,103.0,90.0,53.0,56.0,63.0,76.0
36,36,76.0,85.0,104.0,111.0,113.0,114.0,110.0,114.0,103.0,90.0,53.0,56.0,79.0
37,37,79.0,76.0,85.0,104.0,111.0,113.0,114.0,110.0,114.0,103.0,90.0,53.0,69.0
38,38,69.0,79.0,76.0,85.0,104.0,111.0,113.0,114.0,110.0,114.0,103.0,90.0,74.0
39,39,74.0,69.0,79.0,76.0,85.0,104.0,111.0,113.0,114.0,110.0,114.0,103.0,78.0
40,40,78.0,74.0,69.0,79.0,76.0,85.0,104.0,111.0,113.0,114.0,110.0,114.0,72.0
41,41,72.0,78.0,74.0,69.0,79.0,76.0,85.0,104.0,111.0,113.0,114.0,110.0,67.0
42,42,67.0,72.0,78.0,74.0,69.0,79.0,76.0,85.0,104.0,111.0,113.0,114.0,115.0
43,43,115.0,67.0,72.0,78.0,74.0,69.0,79.0,76.0,85.0,104.0,111.0,113.0,117.0
44,44,117.0,115.0,67.0,72.0,78.0,74.0,69.0,79.0,76.0,85.0,104.0,111.0,115.0
45,45,115.0,117.0,115.0,67.0,72.0,78.0,74.0,69.0,79.0,76.0,85.0,104.0,114.0
46,46,114.0,115.0,117.0,115.0,67.0,72.0,78.0,74.0,69.0,79.0,76.0,85.0,63.0
47,47,63.0,114.0,115.0,117.0,115.0,67.0,72.0,78.0,74.0,69.0,79.0,76.0,61.0
48,48,61.0,63.0,114.0,115.0,117.0,115.0,67.0,72.0,78.0,74.0,69.0,79.0,64.0
49,49,64.0,61.0,63.0,114.0,115.0,117.0,115.0,67.0,72.0,78.0,74.0,69.0,50.0
50,50,50.0,64.0,61.0,63.0,114.0,115.0,117.0,115.0,67.0,72.0,78.0,74.0,68.0
51,51,68.0,50.0,64.0,61.0,63.0,114.0,115.0,117.0,115.0,67.0,72.0,78.0,87.0
52,52,87.0,68.0,50.0,64.0,61.0,63.0,114.0,115.0,117.0,115.0,67.0,72.0,76.0
53,53,76.0,87.0,68.0,50.0,64.0,61.0,63.0,114.0,115.0,117.0,115.0,67.0,12.0
54,54,12.0,76.0,87.0,68.0,50.0,64.0,61.0,63.0,114.0,115.0,117.0,115.0,218.0
55,55,218.0,12.0,76.0,87.0,68.0,50.0,64.0,61.0,63.0,114.0,115.0,117.0,129.0
56,56,129.0,218.0,12.0,76.0,87.0,68.0,50.0,64.0,61.0,63.0,114.0,115.0,220.0
57,57,220.0,129.0,218.0,12.0,76.0,87.0,68.0,50.0,64.0,61.0,63.0,114.0,236.0
58,58,236.0,220.0,129.0,218.0,12.0,76.0,87.0,68.0,50.0,64.0,61.0,63.0,193.0
59,59,193.0,236.0,220.0,129.0,218.0,12.0,76.0,87.0,68.0,50.0,64.0,61.0,61.0
60,60,61.0,193.0,236.0,220.0,129.0,218.0,12.0,76.0,87.0,68.0,50.0,64.0,166.0
61,61,166.0,61.0,193.0,236.0,220.0,129.0,218.0,12.0,76.0,87.0,68.0,50.0,152.0
62,62,152.0,166.0,61.0,193.0,236.0,220.0,129.0,218.0,12.0,76.0,87.0,68.0,197.0
63,63,197.0,152.0,166.0,61.0,193.0,236.0,220.0,129.0,218.0,12.0,76.0,87.0,211.0
64,64,211.0,197.0,152.0,166.0,61.0,193.0,236.0,220.0,129.0,218.0,12.0,76.0,228.0
65,65,228.0,211.0,197.0,152.0,166.0,61.0,193.0,236.0,220.0,129.0,218.0,12.0,222.0
66,66,222.0,228.0,211.0,197.0,152.0,166.0,61.0,193.0,236.0,220.0,129.0,218.0,222.0
67,67,222.0,222.0,228.0,211.0,197.0,152.0,166.0,61.0,193.0,236.0,220.0,129.0,151.0
68,68,151.0,222.0,222.0,228.0,211.0,197.0,152.0,166.0,61.0,193.0,236.0,220.0,91.0
69,69,91.0,151.0,222.0,222.0,228.0,211.0,197.0,152.0,166.0,61.0,193.0,236.0,23.0
70,70,23.0,91.0,151.0,222.0,222.0,228.0,211.0,197.0,152.0,166.0,61.0,193.0,160.0
71,71,160.0,23.0,91.0,151.0,222.0,222.0,228.0,211.0,197.0,152.0,166.0,61.0,179.0
72,72,179.0,160.0,23.0,91.0,151.0,222.0,222.0,228.0,211.0,197.0,152.0,166.0,172.0
73,73,172.0,179.0,160.0,23.0,91.0,151.0,222.0,222.0,228.0,211.0,197.0,152.0,164.0
74,74,164.0,172.0,179.0,160.0,23.0,91.0,151.0,222.0,222.0,228.0,211.0,197.0,189.0
75,75,189.0,164.0,172.0,179.0,160.0,23.0,91.0,151.0,222.0,222.0,228.0,211.0,190.0
76,76,190.0,189.0,164.0,172.0,179.0,160.0,23.0,91.0,151.0,222.0,222.0,228.0,206.0
77,77,206.0,190.0,189.0,164.0,172.0,179.0,160.0,23.0,91.0,151.0,222.0,222.0,196.0
78,78,196.0,206.0,190.0,189.0,164.0,172.0,179.0,160.0,23.0,91.0,151.0,222.0,202.0
79,79,202.0,196.0,206.0,190.0,189.0,164.0,172.0,179.0,160.0,23.0,91.0,151.0,201.0
80,80,201.0,202.0,196.0,206.0,190.0,189.0,164.0,172.0,179.0,160.0,23.0,91.0,199.0
81,81,199.0,201.0,202.0,196.0,206.0,190.0,189.0,164.0,172.0,179.0,160.0,23.0,211.0
82,82,211.0,199.0,201.0,202.0,196.0,206.0,190.0,189.0,164.0,172.0,179.0,160.0,210.0
83,83,210.0,211.0,199.0,201.0,202.0,196.0,206.0,190.0,189.0,164.0,172.0,179.0,210.0
84,84,210.0,210.0,211.0,199.0,201.0,202.0,196.0,206.0,190.0,189.0,164.0,172.0,206.0
85,85,206.0,210.0,210.0,211.0,199.0,201.0,202.0,196.0,206.0,190.0,189.0,164.0,183.0
86,86,183.0,206.0,210.0,210.0,211.0,199.0,201.0,202.0,196.0,206.0,190.0,189.0,210.0
87,87,210.0,183.0,206.0,210.0,210.0,211.0,199.0,201.0,202.0,196.0,206.0,190.0,207.0
88,88,207.0,210.0,183.0,206.0,210.0,210.0,211.0,199.0,201.0,202.0,196.0,206.0,210.0
89,89,210.0,207.0,210.0,183.0,206.0,210.0,210.0,211.0,199.0,201.0,202.0,196.0,156.0
90,90,156.0,210.0,207.0,210.0,183.0,206.0,210.0,210.0,211.0,199.0,201.0,202.0,201.0
91,91,201.0,156.0,210.0,207.0,210.0,183.0,206.0,210.0,210.0,211.0,199.0,201.0,195.0
92,92,195.0,201.0,156.0,210.0,207.0,210.0,183.0,206.0,210.0,210.0,211.0,199.0,196.0
93,93,196.0,195.0,201.0,156.0,210.0,207.0,210.0,183.0,206.0,210.0,210.0,211.0,207.558
94,94,207.558,196.0,195.0,201.0,156.0,210.0,207.0,210.0,183.0,206.0,210.0,210.0,196.563
95,95,196.563,207.558,196.0,195.0,201.0,156.0,210.0,207.0,210.0,183.0,206.0,210.0,200.17
96,0,184.0,179.0,185.0,178.0,185.0,184.0,178.0,184.0,179.0,184.0,167.0,184.0,185.0
97,1,185.0,184.0,179.0,185.0,178.0,185.0,184.0,178.0,184.0,179.0,184.0,167.0,166.0
98,2,166.0,185.0,184.0,179.0,185.0,178.0,185.0,184.0,178.0,184.0,179.0,184.0,185.0
99,3,185.0,166.0,185.0,184.0,179.0,185.0,178.0,185.0,184.0,178.0,184.0,179.0,179.0
100,4,179.0,185.0,166.0,185.0,184.0,179.0,185.0,178.0,185.0,184.0,178.0,184.0,184.0
101,5,184.0,179.0,185.0,166.0,185.0,184.0,179.0,185.0,178.0,185.0,184.0,178.0,179.0
102,6,179.0,184.0,179.0,185.0,166.0,185.0,184.0,179.0,185.0,178.0,185.0,184.0,185.0
103,7,185.0,179.0,184.0,179.0,185.0,166.0,185.0,184.0,179.0,185.0,178.0,185.0,184.0
104,8,184.0,185.0,179.0,184.0,179.0,185.0,166.0,185.0,184.0,179.0,185.0,178.0,179.0
105,9,179.0,184.0,185.0,179.0,184.0,179.0,185.0,166.0,185.0,184.0,179.0,185.0,184.0
106,10,184.0,179.0,184.0,185.0,179.0,184.0,179.0,185.0,166.0,185.0,184.0,179.0,178.0
107,11,178.0,184.0,179.0,184.0,185.0,179.0,184.0,179.0,185.0,166.0,185.0,184.0,184.0
108,12,184.0,178.0,184.0,179.0,184.0,185.0,179.0,184.0,179.0,185.0,166.0,185.0,185.0
109,13,185.0,184.0,178.0,184.0,179.0,184.0,185.0,179.0,184.0,179.0,185.0,166.0,173.0
110,14,173.0,185.0,184.0,178.0,184.0,179.0,184.0,185.0,179.0,184.0,179.0,185.0,184.0
111,15,184.0,173.0,185.0,184.0,178.0,184.0,179.0,184.0,185.0,179.0,184.0,179.0,179.0
112,16,179.0,184.0,173.0,185.0,184.0,178.0,184.0,179.0,184.0,185.0,179.0,184.0,184.0
113,17,184.0,179.0,184.0,173.0,185.0,184.0,178.0,184.0,179.0,184.0,185.0,179.0,178.0
114,18,178.0,184.0,179.0,184.0,173.0,185.0,184.0,178.0,184.0,179.0,184.0,185.0,187.0
115,19,187.0,178.0,184.0,179.0,184.0,173.0,185.0,184.0,178.0,184.0,179.0,184.0,601.0
116,20,601.0,187.0,178.0,184.0,179.0,184.0,173.0,185.0,184.0,178.0,184.0,179.0,585.0
117,21,585.0,601.0,187.0,178.0,184.0,179.0,184.0,173.0,185.0,184.0,178.0,184.0,603.0
118,22,603.0,585.0,601.0,187.0,178.0,184.0,179.0,184.0,173.0,185.0,184.0,178.0,583.0
119,23,583.0,603.0,585.0,601.0,187.0,178.0,184.0,179.0,184.0,173.0,185.0,184.0,604.0
120,24,604.0,583.0,603.0,585.0,601.0,187.0,178.0,184.0,179.0,184.0,173.0,185.0,603.0
121,25,603.0,604.0,583.0,603.0,585.0,601.0,187.0,178.0,184.0,179.0,184.0,173.0,544.0
122,26,544.0,603.0,604.0,583.0,603.0,585.0,601.0,187.0,178.0,184.0,179.0,184.0,553.0
123,27,553.0,544.0,603.0,604.0,583.0,603.0,585.0,601.0,187.0,178.0,184.0,179.0,369.0
124,28,369.0,553.0,544.0,603.0,604.0,583.0,603.0,585.0,601.0,187.0,178.0,184.0,342.0
125,29,342.0,369.0,553.0,544.0,603.0,604.0,583.0,603.0,585.0,601.0,187.0,178.0,307.0
126,30,307.0,342.0,369.0,553.0,544.0,603.0,604.0,583.0,603.0,585.0,601.0,187.0,278.0
127,31,278.0,307.0,342.0,369.0,553.0,544.0,603.0,604.0,583.0,603.0,585.0,601.0,263.0
128,32,263.0,278.0,307.0,342.0,369.0,553.0,544.0,603.0,604.0,583.0,603.0,585.0,316.0
129,33,316.0,263.0,278.0,307.0,342.0,369.0,553.0,544.0,603.0,604.0,583.0,603.0,370.0
130,34,370.0,316.0,263.0,278.0,307.0,342.0,369.0,553.0,544.0,603.0,604.0,583.0,395.0
131,35,395.0,370.0,316.0,263.0,278.0,307.0,342.0,369.0,553.0,544.0,603.0,604.0,426.0
132,36,426.0,395.0,370.0,316.0,263.0,278.0,307.0,342.0,369.0,553.0,544.0,603.0,427.0
133,37,427.0,426.0,395.0,370.0,316.0,263.0,278.0,307.0,342.0,369.0,553.0,544.0,409.0
134,38,409.0,427.0,426.0,395.0,370.0,316.0,263.0,278.0,307.0,342.0,369.0,553.0,428.0
135,39,428.0,409.0,427.0,426.0,395.0,370.0,316.0,263.0,278.0,307.0,342.0,369.0,377.0
136,40,377.0,428.0,409.0,427.0,426.0,395.0,370.0,316.0,263.0,278.0,307.0,342.0,384.0
137,41,384.0,377.0,428.0,409.0,427.0,426.0,395.0,370.0,316.0,263.0,278.0,307.0,265.0
138,42,265.0,384.0,377.0,428.0,409.0,427.0,426.0,395.0,370.0,316.0,263.0,278.0,211.0
139,43,211.0,265.0,384.0,377.0,428.0,409.0,427.0,426.0,395.0,370.0,316.0,263.0,171.0
140,44,171.0,211.0,265.0,384.0,377.0,428.0,409.0,427.0,426.0,395.0,370.0,316.0,288.0
141,45,288.0,171.0,211.0,265.0,384.0,377.0,428.0,409.0,427.0,426.0,395.0,370.0,315.0
142,46,315.0,288.0,171.0,211.0,265.0,384.0,377.0,428.0,409.0,427.0,426.0,395.0,310.0
143,47,310.0,315.0,288.0,171.0,211.0,265.0,384.0,377.0,428.0,409.0,427.0,426.0,404.0
144,48,404.0,310.0,315.0,288.0,171.0,211.0,265.0,384.0,377.0,428.0,409.0,427.0,433.0
145,49,433.0,404.0,310.0,315.0,288.0,171.0,211.0,265.0,384.0,377.0,428.0,409.0,386.0
146,50,386.0,433.0,404.0,310.0,315.0,288.0,171.0,211.0,265.0,384.0,377.0,428.0,355.0
147,51,355.0,386.0,433.0,404.0,310.0,315.0,288.0,171.0,211.0,265.0,384.0,377.0,262.0
148,52,262.0,355.0,386.0,433.0,404.0,310.0,315.0,288.0,171.0,211.0,265.0,384.0,268.0
149,53,268.0,262.0,355.0,386.0,433.0,404.0,310.0,315.0,288.0,171.0,211.0,265.0,236.0
150,54,236.0,268.0,262.0,355.0,386.0,433.0,404.0,310.0,315.0,288.0,171.0,211.0,225.0
151,55,225.0,236.0,268.0,262.0,355.0,386.0,433.0,404.0,310.0,315.0,288.0,171.0,203.0
152,56,203.0,225.0,236.0,268.0,262.0,355.0,386.0,433.0,404.0,310.0,315.0,288.0,226.0
153,57,226.0,203.0,225.0,236.0,268.0,262.0,355.0,386.0,433.0,404.0,310.0,315.0,258.0
154,58,258.0,226.0,203.0,225.0,236.0,268.0,262.0,355.0,386.0,433.0,404.0,310.0,313.0
155,59,313.0,258.0,226.0,203.0,225.0,236.0,268.0,262.0,355.0,386.0,433.0,404.0,377.0
156,60,377.0,313.0,258.0,226.0,203.0,225.0,236.0,268.0,262.0,355.0,386.0,433.0,364.0
157,61,364.0,377.0,313.0,258.0,226.0,203.0,225.0,236.0,268.0,262.0,355.0,386.0,354.0
158,62,354.0,364.0,377.0,313.0,258.0,226.0,203.0,225.0,236.0,268.0,262.0,355.0,383.0
159,63,383.0,354.0,364.0,377.0,313.0,258.0,226.0,203.0,225.0,236.0,268.0,262.0,290.0
160,64,290.0,383.0,354.0,364.0,377.0,313.0,258.0,226.0,203.0,225.0,236.0,268.0,278.0
161,65,278.0,290.0,383.0,354.0,364.0,377.0,313.0,258.0,226.0,203.0,225.0,236.0,247.0
162,66,247.0,278.0,290.0,383.0,354.0,364.0,377.0,313.0,258.0,226.0,203.0,225.0,141.0
163,67,141.0,247.0,278.0,290.0,383.0,354.0,364.0,377.0,313.0,258.0,226.0,203.0,193.0
164,68,193.0,141.0,247.0,278.0,290.0,383.0,354.0,364.0,377.0,313.0,258.0,226.0,172.0
165,69,172.0,193.0,141.0,247.0,278.0,290.0,383.0,354.0,364.0,377.0,313.0,258.0,223.0
166,70,223.0,172.0,193.0,141.0,247.0,278.0,290.0,383.0,354.0,364.0,377.0,313.0,204.0
167,71,204.0,223.0,172.0,193.0,141.0,247.0,278.0,290.0,383.0,354.0,364.0,377.0,298.0
168,72,298.0,204.0,223.0,172.0,193.0,141.0,247.0,278.0,290.0,383.0,354.0,364.0,270.0
169,73,270.0,298.0,204.0,223.0,172.0,193.0,141.0,247.0,278.0,290.0,383.0,354.0,709.0
170,74,709.0,270.0,298.0,204.0,223.0,172.0,193.0,141.0,247.0,278.0,290.0,383.0,809.0
171,75,809.0,709.0,270.0,298.0,204.0,223.0,172.0,193.0,141.0,247.0,278.0,290.0,785.0
172,76,785.0,809.0,709.0,270.0,298.0,204.0,223.0,172.0,193.0,141.0,247.0,278.0,848.0
173,77,848.0,785.0,809.0,709.0,270.0,298.0,204.0,223.0,172.0,193.0,141.0,247.0,807.0
174,78,807.0,848.0,785.0,809.0,709.0,270.0,298.0,204.0,223.0,172.0,193.0,141.0,776.0
175,79,776.0,807.0,848.0,785.0,809.0,709.0,270.0,298.0,204.0,223.0,172.0,193.0,743.0
176,80,743.0,776.0,807.0,848.0,785.0,809.0,709.0,270.0,298.0,204.0,223.0,172.0,756.0
177,81,756.0,743.0,776.0,807.0,848.0,785.0,809.0,709.0,270.0,298.0,204.0,223.0,805.0
178,82,805.0,756.0,743.0,776.0,807.0,848.0,785.0,809.0,709.0,270.0,298.0,204.0,794.0
179,83,794.0,805.0,756.0,743.0,776.0,807.0,848.0,785.0,809.0,709.0,270.0,298.0,796.0
180,84,796.0,794.0,805.0,756.0,743.0,776.0,807.0,848.0,785.0,809.0,709.0,270.0,807.0
181,85,807.0,796.0,794.0,805.0,756.0,743.0,776.0,807.0,848.0,785.0,809.0,709.0,764.0
182,86,764.0,807.0,796.0,794.0,805.0,756.0,743.0,776.0,807.0,848.0,785.0,809.0,672.0
183,87,672.0,764.0,807.0,796.0,794.0,805.0,756.0,743.0,776.0,807.0,848.0,785.0,756.0
184,88,756.0,672.0,764.0,807.0,796.0,794.0,805.0,756.0,743.0,776.0,807.0,848.0,895.0
185,89,895.0,756.0,672.0,764.0,807.0,796.0,794.0,805.0,756.0,743.0,776.0,807.0,633.0
186,90,633.0,895.0,756.0,672.0,764.0,807.0,796.0,794.0,805.0,756.0,743.0,776.0,811.0
187,91,811.0,633.0,895.0,756.0,672.0,764.0,807.0,796.0,794.0,805.0,756.0,743.0,342.0
188,92,342.0,811.0,633.0,895.0,756.0,672.0,764.0,807.0,796.0,794.0,805.0,756.0,268.0
189,93,268.0,342.0,811.0,633.0,895.0,756.0,672.0,764.0,807.0,796.0,794.0,805.0,338.222
190,94,338.222,268.0,342.0,811.0,633.0,895.0,756.0,672.0,764.0,807.0,796.0,794.0,327.632
191,95,327.632,338.222,268.0,342.0,811.0,633.0,895.0,756.0,672.0,764.0,807.0,796.0,382.493
192,0,1720.0,1850.0,1882.0,2051.0,2105.0,1904.0,1618.0,1183.0,256.0,256.0,369.0,681.0,2081.0
193,1,2081.0,1720.0,1850.0,1882.0,2051.0,2105.0,1904.0,1618.0,1183.0,256.0,256.0,369.0,2357.0
194,2,2357.0,2081.0,1720.0,1850.0,1882.0,2051.0,2105.0,1904.0,1618.0,1183.0,256.0,256.0,2318.0
195,3,2318.0,2357.0,2081.0,1720.0,1850.0,1882.0,2051.0,2105.0,1904.0,1618.0,1183.0,256.0,1775.0
196,4,1775.0,2318.0,2357.0,2081.0,1720.0,1850.0,1882.0,2051.0,2105.0,1904.0,1618.0,1183.0,1902.0
197,5,1902.0,1775.0,2318.0,2357.0,2081.0,1720.0,1850.0,1882.0,2051.0,2105.0,1904.0,1618.0,2054.0
198,6,2054.0,1902.0,1775.0,2318.0,2357.0,2081.0,1720.0,1850.0,1882.0,2051.0,2105.0,1904.0,2834.0
199,7,2834.0,2054.0,1902.0,1775.0,2318.0,2357.0,2081.0,1720.0,1850.0,1882.0,2051.0,2105.0,2046.0
200,8,2046.0,2834.0,2054.0,1902.0,1775.0,2318.0,2357.0,2081.0,1720.0,1850.0,1882.0,2051.0,2309.0
201,9,2309.0,2046.0,2834.0,2054.0,1902.0,1775.0,2318.0,2357.0,2081.0,1720.0,1850.0,1882.0,2295.0
202,10,2295.0,2309.0,2046.0,2834.0,2054.0,1902.0,1775.0,2318.0,2357.0,2081.0,1720.0,1850.0,2296.0
203,11,2296.0,2295.0,2309.0,2046.0,2834.0,2054.0,1902.0,1775.0,2318.0,2357.0,2081.0,1720.0,2502.0
204,12,2502.0,2296.0,2295.0,2309.0,2046.0,2834.0,2054.0,1902.0,1775.0,2318.0,2357.0,2081.0,1393.0
205,13,1393.0,2502.0,2296.0,2295.0,2309.0,2046.0,2834.0,2054.0,1902.0,1775.0,2318.0,2357.0,1493.0
206,14,1493.0,1393.0,2502.0,2296.0,2295.0,2309.0,2046.0,2834.0,2054.0,1902.0,1775.0,2318.0,2092.0
207,15,2092.0,1493.0,1393.0,2502.0,2296.0,2295.0,2309.0,2046.0,2834.0,2054.0,1902.0,1775.0,1306.0
208,16,1306.0,2092.0,1493.0,1393.0,2502.0,2296.0,2295.0,2309.0,2046.0,2834.0,2054.0,1902.0,1218.0
209,17,1218.0,1306.0,2092.0,1493.0,1393.0,2502.0,2296.0,2295.0,2309.0,2046.0,2834.0,2054.0,1658.0
210,18,1658.0,1218.0,1306.0,2092.0,1493.0,1393.0,2502.0,2296.0,2295.0,2309.0,2046.0,2834.0,2132.0
211,19,2132.0,1658.0,1218.0,1306.0,2092.0,1493.0,1393.0,2502.0,2296.0,2295.0,2309.0,2046.0,1949.0
212,20,1949.0,2132.0,1658.0,1218.0,1306.0,2092.0,1493.0,1393.0,2502.0,2296.0,2295.0,2309.0,2010.0
213,21,2010.0,1949.0,2132.0,1658.0,1218.0,1306.0,2092.0,1493.0,1393.0,2502.0,2296.0,2295.0,1943.0
214,22,1943.0,2010.0,1949.0,2132.0,1658.0,1218.0,1306.0,2092.0,1493.0,1393.0,2502.0,2296.0,1789.0
215,23,1789.0,1943.0,2010.0,1949.0,2132.0,1658.0,1218.0,1306.0,2092.0,1493.0,1393.0,2502.0,1790.0
216,24,1790.0,1789.0,1943.0,2010.0,1949.0,2132.0,1658.0,1218.0,1306.0,2092.0,1493.0,1393.0,1536.0
217,25,1536.0,1790.0,1789.0,1943.0,2010.0,1949.0,2132.0,1658.0,1218.0,1306.0,2092.0,1493.0,662.0
218,26,662.0,1536.0,1790.0,1789.0,1943.0,2010.0,1949.0,2132.0,1658.0,1218.0,1306.0,2092.0,1324.0
219,27,1324.0,662.0,1536.0,1790.0,1789.0,1943.0,2010.0,1949.0,2132.0,1658.0,1218.0,1306.0,820.0
220,28,820.0,1324.0,662.0,1536.0,1790.0,1789.0,1943.0,2010.0,1949.0,2132.0,1658.0,1218.0,375.0
221,29,375.0,820.0,1324.0,662.0,1536.0,1790.0,1789.0,1943.0,2010.0,1949.0,2132.0,1658.0,1695.0
222,30,1695.0,375.0,820.0,1324.0,662.0,1536.0,1790.0,1789.0,1943.0,2010.0,1949.0,2132.0,2207.0
223,31,2207.0,1695.0,375.0,820.0,1324.0,662.0,1536.0,1790.0,1789.0,1943.0,2010.0,1949.0,2307.0
224,32,2307.0,2207.0,1695.0,375.0,820.0,1324.0,662.0,1536.0,1790.0,1789.0,1943.0,2010.0,2071.0
225,33,2071.0,2307.0,2207.0,1695.0,375.0,820.0,1324.0,662.0,1536.0,1790.0,1789.0,1943.0,2017.0
226,34,2017.0,2071.0,2307.0,2207.0,1695.0,375.0,820.0,1324.0,662.0,1536.0,1790.0,1789.0,1818.0
227,35,1818.0,2017.0,2071.0,2307.0,2207.0,1695.0,375.0,820.0,1324.0,662.0,1536.0,1790.0,2017.0
228,36,2017.0,1818.0,2017.0,2071.0,2307.0,2207.0,1695.0,375.0,820.0,1324.0,662.0,1536.0,2354.0
229,37,2354.0,2017.0,1818.0,2017.0,2071.0,2307.0,2207.0,1695.0,375.0,820.0,1324.0,662.0,2249.0
230,38,2249.0,2354.0,2017.0,1818.0,2017.0,2071.0,2307.0,2207.0,1695.0,375.0,820.0,1324.0,2338.0
231,39,2338.0,2249.0,2354.0,2017.0,1818.0,2017.0,2071.0,2307.0,2207.0,1695.0,375.0,820.0,1418.0
232,40,1418.0,2338.0,2249.0,2354.0,2017.0,1818.0,2017.0,2071.0,2307.0,2207.0,1695.0,375.0,1408.0
233,41,1408.0,1418.0,2338.0,2249.0,2354.0,2017.0,1818.0,2017.0,2071.0,2307.0,2207.0,1695.0,1894.0
234,42,1894.0,1408.0,1418.0,2338.0,2249.0,2354.0,2017.0,1818.0,2017.0,2071.0,2307.0,2207.0,2354.0
235,43,2354.0,1894.0,1408.0,1418.0,2338.0,2249.0,2354.0,2017.0,1818.0,2017.0,2071.0,2307.0,1910.0
236,44,1910.0,2354.0,1894.0,1408.0,1418.0,2338.0,2249.0,2354.0,2017.0,1818.0,2017.0,2071.0,1876.0
237,45,1876.0,1910.0,2354.0,1894.0,1408.0,1418.0,2338.0,2249.0,2354.0,2017.0,1818.0,2017.0,2118.0
238,46,2118.0,1876.0,1910.0,2354.0,1894.0,1408.0,1418.0,2338.0,2249.0,2354.0,2017.0,1818.0,1795.0
239,47,1795.0,2118.0,1876.0,1910.0,2354.0,1894.0,1408.0,1418.0,2338.0,2249.0,2354.0,2017.0,1784.0
240,48,1784.0,1795.0,2118.0,1876.0,1910.0,2354.0,1894.0,1408.0,1418.0,2338.0,2249.0,2354.0,2138.0
241,49,2138.0,1784.0,1795.0,2118.0,1876.0,1910.0,2354.0,1894.0,1408.0,1418.0,2338.0,2249.0,1664.0
242,50,1664.0,2138.0,1784.0,1795.0,2118.0,1876.0,1910.0,2354.0,1894.0,1408.0,1418.0,2338.0,1228.0
243,51,1228.0,1664.0,2138.0,1784.0,1795.0,2118.0,1876.0,1910.0,2354.0,1894.0,1408.0,1418.0,987.0
244,52,987.0,1228.0,1664.0,2138.0,1784.0,1795.0,2118.0,1876.0,1910.0,2354.0,1894.0,1408.0,1257.0
245,53,1257.0,987.0,1228.0,1664.0,2138.0,1784.0,1795.0,2118.0,1876.0,1910.0,2354.0,1894.0,1856.0
246,54,1856.0,1257.0,987.0,1228.0,1664.0,2138.0,1784.0,1795.0,2118.0,1876.0,1910.0,2354.0,2216.0
247,55,2216.0,1856.0,1257.0,987.0,1228.0,1664.0,2138.0,1784.0,1795.0,2118.0,1876.0,1910.0,1505.0
248,56,1505.0,2216.0,1856.0,1257.0,987.0,1228.0,1664.0,2138.0,1784.0,1795.0,2118.0,1876.0,2028.0
249,57,2028.0,1505.0,2216.0,1856.0,1257.0,987.0,1228.0,1664.0,2138.0,1784.0,1795.0,2118.0,1982.0
250,58,1982.0,2028.0,1505.0,2216.0,1856.0,1257.0,987.0,1228.0,1664.0,2138.0,1784.0,1795.0,2154.0
251,59,2154.0,1982.0,2028.0,1505.0,2216.0,1856.0,1257.0,987.0,1228.0,1664.0,2138.0,1784.0,2272.0
252,60,2272.0,2154.0,1982.0,2028.0,1505.0,2216.0,1856.0,1257.0,987.0,1228.0,1664.0,2138.0,2181.0
253,61,2181.0,2272.0,2154.0,1982.0,2028.0,1505.0,2216.0,1856.0,1257.0,987.0,1228.0,1664.0,2351.0
254,62,2351.0,2181.0,2272.0,2154.0,1982.0,2028.0,1505.0,2216.0,1856.0,1257.0,987.0,1228.0,1777.0
255,63,1777.0,2351.0,2181.0,2272.0,2154.0,1982.0,2028.0,1505.0,2216.0,1856.0,1257.0,987.0,1967.0
256,64,1967.0,1777.0,2351.0,2181.0,2272.0,2154.0,1982.0,2028.0,1505.0,2216.0,1856.0,1257.0,2064.0
257,65,2064.0,1967.0,1777.0,2351.0,2181.0,2272.0,2154.0,1982.0,2028.0,1505.0,2216.0,1856.0,2042.0
258,66,2042.0,2064.0,1967.0,1777.0,2351.0,2181.0,2272.0,2154.0,1982.0,2028.0,1505.0,2216.0,2671.0
259,67,2671.0,2042.0,2064.0,1967.0,1777.0,2351.0,2181.0,2272.0,2154.0,1982.0,2028.0,1505.0,2102.0
260,68,2102.0,2671.0,2042.0,2064.0,1967.0,1777.0,2351.0,2181.0,2272.0,2154.0,1982.0,2028.0,2433.0
261,69,2433.0,2102.0,2671.0,2042.0,2064.0,1967.0,1777.0,2351.0,2181.0,2272.0,2154.0,1982.0,1973.0
262,70,1973.0,2433.0,2102.0,2671.0,2042.0,2064.0,1967.0,1777.0,2351.0,2181.0,2272.0,2154.0,2152.0
263,71,2152.0,1973.0,2433.0,2102.0,2671.0,2042.0,2064.0,1967.0,1777.0,2351.0,2181.0,2272.0,2249.0
264,72,2249.0,2152.0,1973.0,2433.0,2102.0,2671.0,2042.0,2064.0,1967.0,1777.0,2351.0,2181.0,1934.0
265,73,1934.0,2249.0,2152.0,1973.0,2433.0,2102.0,2671.0,2042.0,2064.0,1967.0,1777.0,2351.0,2079.0
266,74,2079.0,1934.0,2249.0,2152.0,1973.0,2433.0,2102.0,2671.0,2042.0,2064.0,1967.0,1777.0,2325.0
267,75,2325.0,2079.0,1934.0,2249.0,2152.0,1973.0,2433.0,2102.0,2671.0,2042.0,2064.0,1967.0,1972.0
268,76,1972.0,2325.0,2079.0,1934.0,2249.0,2152.0,1973.0,2433.0,2102.0,2671.0,2042.0,2064.0,2228.0
269,77,2228.0,1972.0,2325.0,2079.0,1934.0,2249.0,2152.0,1973.0,2433.0,2102.0,2671.0,2042.0,2387.0
270,78,2387.0,2228.0,1972.0,2325.0,2079.0,1934.0,2249.0,2152.0,1973.0,2433.0,2102.0,2671.0,3063.0
271,79,3063.0,2387.0,2228.0,1972.0,2325.0,2079.0,1934.0,2249.0,2152.0,1973.0,2433.0,2102.0,2326.0
272,80,2326.0,3063.0,2387.0,2228.0,1972.0,2325.0,2079.0,1934.0,2249.0,2152.0,1973.0,2433.0,2285.0
273,81,2285.0,2326.0,3063.0,2387.0,2228.0,1972.0,2325.0,2079.0,1934.0,2249.0,2152.0,1973.0,2427.0
274,82,2427.0,2285.0,2326.0,3063.0,2387.0,2228.0,1972.0,2325.0,2079.0,1934.0,2249.0,2152.0,2538.0
275,83,2538.0,2427.0,2285.0,2326.0,3063.0,2387.0,2228.0,1972.0,2325.0,2079.0,1934.0,2249.0,1771.0
276,84,1771.0,2538.0,2427.0,2285.0,2326.0,3063.0,2387.0,2228.0,1972.0,2325.0,2079.0,1934.0,2518.0
277,85,2518.0,1771.0,2538.0,2427.0,2285.0,2326.0,3063.0,2387.0,2228.0,1972.0,2325.0,2079.0,1749.0
278,86,1749.0,2518.0,1771.0,2538.0,2427.0,2285.0,2326.0,3063.0,2387.0,2228.0,1972.0,2325.0,2170.0
279,87,2170.0,1749.0,2518.0,1771.0,2538.0,2427.0,2285.0,2326.0,3063.0,2387.0,2228.0,1972.0,2017.0
280,88,2017.0,2170.0,1749.0,2518.0,1771.0,2538.0,2427.0,2285.0,2326.0,3063.0,2387.0,2228.0,2199.0
281,89,2199.0,2017.0,2170.0,1749.0,2518.0,1771.0,2538.0,2427.0,2285.0,2326.0,3063.0,2387.0,2382.0
282,90,2382.0,2199.0,2017.0,2170.0,1749.0,2518.0,1771.0,2538.0,2427.0,2285.0,2326.0,3063.0,2794.0
283,91,2794.0,2382.0,2199.0,2017.0,2170.0,1749.0,2518.0,1771.0,2538.0,2427.0,2285.0,2326.0,2153.0
284,92,2153.0,2794.0,2382.0,2199.0,2017.0,2170.0,1749.0,2518.0,1771.0,2538.0,2427.0,2285.0,2178.0
285,93,2178.0,2153.0,2794.0,2382.0,2199.0,2017.0,2170.0,1749.0,2518.0,1771.0,2538.0,2427.0,2457.311
286,94,2457.311,2178.0,2153.0,2794.0,2382.0,2199.0,2017.0,2170.0,1749.0,2518.0,1771.0,2538.0,2277.88
287,95,2277.88,2457.311,2178.0,2153.0,2794.0,2382.0,2199.0,2017.0,2170.0,1749.0,2518.0,1771.0,2316.728
