,0,1,2,3,4,5,6,7,8,9,10,11,12,13,14,15,16,17,18,19,20,21,22,23,24,25,26,27,28,29,30,31,32,33,34,35,36,37,38,39,40,41,42,43,44,45,46,47,48,49,50,51,52,53,54,55,56,57,58,59,60,61,62,63,64,65,66,67,68,69,70,71,72,73,74,75,76,77,78,79,80,81,82,83,84,85,86,87,88,89,90,91,92,93,94,95,96,97,98,99,100,101,102,103,104,105,106,107,108,109,110,111,112,113,114,115,116,117,118,119,120,121,122,123,124,125,126,127,128,129
0,381.0,285.0,278.0,264.0,267.0,278.0,220.0,209.0,232.0,303.16949,273.83051,439.53333,310.94117,513.0,417.0,546.5434700000001,513.4565299999999,509.0,430.0,365.0,374.0,367.0,436.62712,394.37288,562.88889,458.0,0.0,0.0,0.0,0.0,0.0,0.0,0.0,0.0,0.0,0.0,0.0,0.0,0.0,15.0,77.0,117.0,13.0,13.0,13.0,63.0,14.0,13.0,14.18643,12.81357,13.83871,15.0,0.0,2.0,0.0,6.0,4.0,4.0,15.0,14.0,39.0,10.50847,9.49153,27.5,0.0,0.0,0.0,0.0,0.0,0.0,0.0,0.0,0.0,0.0,0.0,0.0,0.0,0.0,190.4589,184.31507,129.73288,36.92307,38.15384,38.15384,34.76923,32.0,23.0,434.52542,392.47458,302.12264,190.4589,516.06507,499.41780000000006,468.29795,617.01922,637.5865299999999,637.5865299999999,562.80769,418.0,494.64407,549.59322,535.98852,795.0,516.06507,238.0,147.0,157.0,142.0,160.0,169.0,161.0,144.0,153.0,266.38982,240.61018,266.27273,240.0,564.0,388.0,391.0,336.0,376.0,353.0,355.0,379.0,385.0,515.0,334.0,571.0,455.0
1,310.94117,381.0,285.0,278.0,264.0,267.0,278.0,220.0,209.0,232.0,303.16949,273.83051,275.05883,458.0,513.0,417.0,546.5434700000001,513.4565299999999,509.0,430.0,365.0,374.0,367.0,436.62712,394.37288,273.0,0.0,0.0,0.0,0.0,0.0,0.0,0.0,0.0,0.0,0.0,0.0,0.0,0.0,15.0,15.0,77.0,117.0,13.0,13.0,13.0,63.0,14.0,13.0,14.18643,12.81357,13.0,0.0,0.0,2.0,0.0,6.0,4.0,4.0,15.0,14.0,39.0,10.50847,9.49153,7.0,0.0,0.0,0.0,0.0,0.0,0.0,0.0,0.0,0.0,0.0,0.0,0.0,0.0,190.4589,190.4589,184.31507,129.73288,36.92307,38.15384,38.15384,34.76923,32.0,23.0,434.52542,392.47458,172.02741,516.06507,516.06507,499.41780000000006,468.29795,617.01922,637.5865299999999,637.5865299999999,562.80769,418.0,494.64407,549.59322,535.98852,466.12328,240.0,238.0,147.0,157.0,142.0,160.0,169.0,161.0,144.0,153.0,266.38982,240.61018,224.0,455.0,564.0,388.0,391.0,336.0,376.0,353.0,355.0,379.0,385.0,515.0,334.0,476.0
2,275.05883,310.94117,381.0,285.0,278.0,264.0,267.0,278.0,220.0,209.0,232.0,303.16949,228.0,273.0,458.0,513.0,417.0,546.5434700000001,513.4565299999999,509.0,430.0,365.0,374.0,367.0,436.62712,196.0,0.0,0.0,0.0,0.0,0.0,0.0,0.0,0.0,0.0,0.0,0.0,0.0,0.0,13.0,15.0,15.0,77.0,117.0,13.0,13.0,13.0,63.0,14.0,13.0,14.18643,15.0,7.0,0.0,0.0,2.0,0.0,6.0,4.0,4.0,15.0,14.0,39.0,10.50847,0.0,0.0,0.0,0.0,0.0,0.0,0.0,0.0,0.0,0.0,0.0,0.0,0.0,0.0,172.02741,190.4589,190.4589,184.31507,129.73288,36.92307,38.15384,38.15384,34.76923,32.0,23.0,434.52542,190.4589,466.12328,516.06507,516.06507,499.41780000000006,468.29795,617.01922,637.5865299999999,637.5865299999999,562.80769,418.0,494.64407,549.59322,516.06507,224.0,240.0,238.0,147.0,157.0,142.0,160.0,169.0,161.0,144.0,153.0,266.38982,227.0,476.0,455.0,564.0,388.0,391.0,336.0,376.0,353.0,355.0,379.0,385.0,515.0,407.0
3,228.0,275.05883,310.94117,381.0,285.0,278.0,264.0,267.0,278.0,220.0,209.0,232.0,169.0,196.0,273.0,458.0,513.0,417.0,546.5434700000001,513.4565299999999,509.0,430.0,365.0,374.0,367.0,183.0,0.0,0.0,0.0,0.0,0.0,0.0,0.0,0.0,0.0,0.0,0.0,0.0,0.0,15.0,13.0,15.0,15.0,77.0,117.0,13.0,13.0,13.0,63.0,14.0,13.0,13.0,0.0,7.0,0.0,0.0,2.0,0.0,6.0,4.0,4.0,15.0,14.0,39.0,0.0,0.0,0.0,0.0,0.0,0.0,0.0,0.0,0.0,0.0,0.0,0.0,0.0,0.0,190.4589,172.02741,190.4589,190.4589,184.31507,129.73288,36.92307,38.15384,38.15384,34.76923,32.0,23.0,184.31507,516.06507,466.12328,516.06507,516.06507,499.41780000000006,468.29795,617.01922,637.5865299999999,637.5865299999999,562.80769,418.0,494.64407,499.41780000000006,227.0,224.0,240.0,238.0,147.0,157.0,142.0,160.0,169.0,161.0,144.0,153.0,162.0,407.0,476.0,455.0,564.0,388.0,391.0,336.0,376.0,353.0,355.0,379.0,385.0,334.0
4,169.0,228.0,275.05883,310.94117,381.0,285.0,278.0,264.0,267.0,278.0,220.0,209.0,178.0,183.0,196.0,273.0,458.0,513.0,417.0,546.5434700000001,513.4565299999999,509.0,430.0,365.0,374.0,196.0,0.0,0.0,0.0,0.0,0.0,0.0,0.0,0.0,0.0,0.0,0.0,0.0,0.0,13.0,15.0,13.0,15.0,15.0,77.0,117.0,13.0,13.0,13.0,63.0,14.0,14.0,0.0,0.0,7.0,0.0,0.0,2.0,0.0,6.0,4.0,4.0,15.0,14.0,0.0,0.0,0.0,0.0,0.0,0.0,0.0,0.0,0.0,0.0,0.0,0.0,0.0,0.0,184.31507,190.4589,172.02741,190.4589,190.4589,184.31507,129.73288,36.92307,38.15384,38.15384,34.76923,32.0,190.4589,499.41780000000006,516.06507,466.12328,516.06507,516.06507,499.41780000000006,468.29795,617.01922,637.5865299999999,637.5865299999999,562.80769,418.0,516.06507,162.0,227.0,224.0,240.0,238.0,147.0,157.0,142.0,160.0,169.0,161.0,144.0,187.88135,334.0,407.0,476.0,455.0,564.0,388.0,391.0,336.0,376.0,353.0,355.0,379.0,333.0
5,178.0,169.0,228.0,275.05883,310.94117,381.0,285.0,278.0,264.0,267.0,278.0,220.0,159.0,196.0,183.0,196.0,273.0,458.0,513.0,417.0,546.5434700000001,513.4565299999999,509.0,430.0,365.0,196.0,0.0,0.0,0.0,0.0,0.0,0.0,0.0,0.0,0.0,0.0,0.0,0.0,0.0,14.0,13.0,15.0,13.0,15.0,15.0,77.0,117.0,13.0,13.0,13.0,63.0,13.0,0.0,0.0,0.0,7.0,0.0,0.0,2.0,0.0,6.0,4.0,4.0,15.0,0.0,0.0,0.0,0.0,0.0,0.0,0.0,0.0,0.0,0.0,0.0,0.0,0.0,0.0,190.4589,184.31507,190.4589,172.02741,190.4589,190.4589,184.31507,129.73288,36.92307,38.15384,38.15384,34.76923,184.31507,516.06507,499.41780000000006,516.06507,466.12328,516.06507,516.06507,499.41780000000006,468.29795,617.01922,637.5865299999999,637.5865299999999,562.80769,499.41780000000006,187.88135,162.0,227.0,224.0,240.0,238.0,147.0,157.0,142.0,160.0,169.0,161.0,187.11865,333.0,334.0,407.0,476.0,455.0,564.0,388.0,391.0,336.0,376.0,353.0,355.0,362.0
6,159.0,178.0,169.0,228.0,275.05883,310.94117,381.0,285.0,278.0,264.0,267.0,278.0,215.0,196.0,196.0,183.0,196.0,273.0,458.0,513.0,417.0,546.5434700000001,513.4565299999999,509.0,430.0,272.0,0.0,0.0,0.0,0.0,0.0,0.0,0.0,0.0,0.0,0.0,0.0,0.0,0.0,13.0,14.0,13.0,15.0,13.0,15.0,15.0,77.0,117.0,13.0,13.0,13.0,13.0,0.0,0.0,0.0,0.0,7.0,0.0,0.0,2.0,0.0,6.0,4.0,4.0,9.0,0.0,0.0,0.0,0.0,0.0,0.0,0.0,0.0,0.0,0.0,0.0,0.0,0.0,184.31507,190.4589,184.31507,190.4589,172.02741,190.4589,190.4589,184.31507,129.73288,36.92307,38.15384,38.15384,190.4589,499.41780000000006,516.06507,499.41780000000006,516.06507,466.12328,516.06507,516.06507,499.41780000000006,468.29795,617.01922,637.5865299999999,637.5865299999999,516.06507,187.11865,187.88135,162.0,227.0,224.0,240.0,238.0,147.0,157.0,142.0,160.0,169.0,224.0,362.0,333.0,334.0,407.0,476.0,455.0,564.0,388.0,391.0,336.0,376.0,353.0,396.0
7,215.0,159.0,178.0,169.0,228.0,275.05883,310.94117,381.0,285.0,278.0,264.0,267.0,238.0,272.0,196.0,196.0,183.0,196.0,273.0,458.0,513.0,417.0,546.5434700000001,513.4565299999999,509.0,298.0,0.0,0.0,0.0,0.0,0.0,0.0,0.0,0.0,0.0,0.0,0.0,0.0,0.0,13.0,13.0,14.0,13.0,15.0,13.0,15.0,15.0,77.0,117.0,13.0,13.0,13.0,9.0,0.0,0.0,0.0,0.0,7.0,0.0,0.0,2.0,0.0,6.0,4.0,33.0,0.0,0.0,0.0,0.0,0.0,0.0,0.0,0.0,0.0,0.0,0.0,0.0,0.0,190.4589,184.31507,190.4589,184.31507,190.4589,172.02741,190.4589,190.4589,184.31507,129.73288,36.92307,38.15384,33.0,516.06507,499.41780000000006,516.06507,499.41780000000006,516.06507,466.12328,516.06507,516.06507,499.41780000000006,468.29795,617.01922,637.5865299999999,871.0,224.0,187.11865,187.88135,162.0,227.0,224.0,240.0,238.0,147.0,157.0,142.0,160.0,241.0,396.0,362.0,333.0,334.0,407.0,476.0,455.0,564.0,388.0,391.0,336.0,376.0,399.5
8,238.0,215.0,159.0,178.0,169.0,228.0,275.05883,310.94117,381.0,285.0,278.0,264.0,228.2069,298.0,272.0,196.0,196.0,183.0,196.0,273.0,458.0,513.0,417.0,546.5434700000001,513.4565299999999,237.32758,0.0,0.0,0.0,0.0,0.0,0.0,0.0,0.0,0.0,0.0,0.0,0.0,0.0,13.0,13.0,13.0,14.0,13.0,15.0,13.0,15.0,15.0,77.0,117.0,13.0,13.03448,33.0,9.0,0.0,0.0,0.0,0.0,7.0,0.0,0.0,2.0,0.0,6.0,62.65517,0.0,0.0,0.0,0.0,0.0,0.0,0.0,0.0,0.0,0.0,0.0,0.0,0.0,33.0,190.4589,184.31507,190.4589,184.31507,190.4589,172.02741,190.4589,190.4589,184.31507,129.73288,36.92307,40.0,871.0,516.06507,499.41780000000006,516.06507,499.41780000000006,516.06507,466.12328,516.06507,516.06507,499.41780000000006,468.29795,617.01922,721.0,241.0,224.0,187.11865,187.88135,162.0,227.0,224.0,240.0,238.0,147.0,157.0,142.0,205.99999000000005,399.5,396.0,362.0,333.0,334.0,407.0,476.0,455.0,564.0,388.0,391.0,336.0,397.5
9,228.2069,238.0,215.0,159.0,178.0,169.0,228.0,275.05883,310.94117,381.0,285.0,278.0,244.7931,237.32758,298.0,272.0,196.0,196.0,183.0,196.0,273.0,458.0,513.0,417.0,546.5434700000001,250.67242,0.0,0.0,0.0,0.0,0.0,0.0,0.0,0.0,0.0,0.0,0.0,0.0,0.0,13.03448,13.0,13.0,13.0,14.0,13.0,15.0,13.0,15.0,15.0,77.0,117.0,14.96552,62.65517,33.0,9.0,0.0,0.0,0.0,0.0,7.0,0.0,0.0,2.0,0.0,67.34483,0.0,0.0,0.0,0.0,0.0,0.0,0.0,0.0,0.0,0.0,0.0,0.0,2.0,40.0,33.0,190.4589,184.31507,190.4589,184.31507,190.4589,172.02741,190.4589,190.4589,184.31507,129.73288,48.0,721.0,871.0,516.06507,499.41780000000006,516.06507,499.41780000000006,516.06507,466.12328,516.06507,516.06507,499.41780000000006,468.29795,791.0,205.99999000000005,241.0,224.0,187.11865,187.88135,162.0,227.0,224.0,240.0,238.0,147.0,157.0,217.00001000000003,397.5,399.5,396.0,362.0,333.0,334.0,407.0,476.0,455.0,564.0,388.0,391.0,385.0
10,244.7931,228.2069,238.0,215.0,159.0,178.0,169.0,228.0,275.05883,310.94117,381.0,285.0,226.0,250.67242,237.32758,298.0,272.0,196.0,196.0,183.0,196.0,273.0,458.0,513.0,417.0,199.0,0.0,0.0,0.0,0.0,0.0,0.0,0.0,0.0,0.0,0.0,0.0,0.0,0.0,14.96552,13.03448,13.0,13.0,13.0,14.0,13.0,15.0,13.0,15.0,15.0,77.0,14.0,67.34483,62.65517,33.0,9.0,0.0,0.0,0.0,0.0,7.0,0.0,0.0,2.0,98.0,2.0,0.0,0.0,0.0,0.0,0.0,0.0,0.0,0.0,0.0,0.0,0.0,4.0,48.0,40.0,33.0,190.4589,184.31507,190.4589,184.31507,190.4589,172.02741,190.4589,190.4589,184.31507,44.0,791.0,721.0,871.0,516.06507,499.41780000000006,516.06507,499.41780000000006,516.06507,466.12328,516.06507,516.06507,499.41780000000006,767.0,217.00001000000003,205.99999000000005,241.0,224.0,187.11865,187.88135,162.0,227.0,224.0,240.0,238.0,147.0,275.0,385.0,397.5,399.5,396.0,362.0,333.0,334.0,407.0,476.0,455.0,564.0,388.0,378.0
11,226.0,244.7931,228.2069,238.0,215.0,159.0,178.0,169.0,228.0,275.05883,310.94117,381.0,278.0,199.0,250.67242,237.32758,298.0,272.0,196.0,196.0,183.0,196.0,273.0,458.0,513.0,251.0,0.0,0.0,0.0,0.0,0.0,0.0,0.0,0.0,0.0,0.0,0.0,0.0,0.0,14.0,14.96552,13.03448,13.0,13.0,13.0,14.0,13.0,15.0,13.0,15.0,15.0,13.0,98.0,67.34483,62.65517,33.0,9.0,0.0,0.0,0.0,0.0,7.0,0.0,0.0,144.0,4.0,2.0,0.0,0.0,0.0,0.0,0.0,0.0,0.0,0.0,0.0,0.0,4.0,44.0,48.0,40.0,33.0,190.4589,184.31507,190.4589,184.31507,190.4589,172.02741,190.4589,190.4589,46.0,767.0,791.0,721.0,871.0,516.06507,499.41780000000006,516.06507,499.41780000000006,516.06507,466.12328,516.06507,516.06507,793.0,275.0,217.00001000000003,205.99999000000005,241.0,224.0,187.11865,187.88135,162.0,227.0,224.0,240.0,238.0,434.0,378.0,385.0,397.5,399.5,396.0,362.0,333.0,334.0,407.0,476.0,455.0,564.0,678.0
12,278.0,226.0,244.7931,228.2069,238.0,215.0,159.0,178.0,169.0,228.0,275.05883,310.94117,266.0,251.0,199.0,250.67242,237.32758,298.0,272.0,196.0,196.0,183.0,196.0,273.0,458.0,208.0,0.0,0.0,0.0,0.0,0.0,0.0,0.0,0.0,0.0,0.0,0.0,0.0,0.0,13.0,14.0,14.96552,13.03448,13.0,13.0,13.0,14.0,13.0,15.0,13.0,15.0,14.0,144.0,98.0,67.34483,62.65517,33.0,9.0,0.0,0.0,0.0,0.0,7.0,0.0,151.0,4.0,4.0,2.0,0.0,0.0,0.0,0.0,0.0,0.0,0.0,0.0,0.0,3.0,46.0,44.0,48.0,40.0,33.0,190.4589,184.31507,190.4589,184.31507,190.4589,172.02741,190.4589,48.0,793.0,767.0,791.0,721.0,871.0,516.06507,499.41780000000006,516.06507,499.41780000000006,516.06507,466.12328,516.06507,791.0,434.0,275.0,217.00001000000003,205.99999000000005,241.0,224.0,187.11865,187.88135,162.0,227.0,224.0,240.0,505.0,678.0,378.0,385.0,397.5,399.5,396.0,362.0,333.0,334.0,407.0,476.0,455.0,525.0
13,266.0,278.0,226.0,244.7931,228.2069,238.0,215.0,159.0,178.0,169.0,228.0,275.05883,233.0,208.0,251.0,199.0,250.67242,237.32758,298.0,272.0,196.0,196.0,183.0,196.0,273.0,173.0,0.0,0.0,0.0,0.0,0.0,0.0,0.0,0.0,0.0,0.0,0.0,0.0,0.0,14.0,13.0,14.0,14.96552,13.03448,13.0,13.0,13.0,14.0,13.0,15.0,13.0,31.0,151.0,144.0,98.0,67.34483,62.65517,33.0,9.0,0.0,0.0,0.0,0.0,7.0,122.0,3.0,4.0,4.0,2.0,0.0,0.0,0.0,0.0,0.0,0.0,0.0,0.0,2.0,48.0,46.0,44.0,48.0,40.0,33.0,190.4589,184.31507,190.4589,184.31507,190.4589,172.02741,44.0,791.0,793.0,767.0,791.0,721.0,871.0,516.06507,499.41780000000006,516.06507,499.41780000000006,516.06507,466.12328,740.0,505.0,434.0,275.0,217.00001000000003,205.99999000000005,241.0,224.0,187.11865,187.88135,162.0,227.0,224.0,410.0,525.0,678.0,378.0,385.0,397.5,399.5,396.0,362.0,333.0,334.0,407.0,476.0,473.0
14,233.0,266.0,278.0,226.0,244.7931,228.2069,238.0,215.0,159.0,178.0,169.0,228.0,231.0,173.0,208.0,251.0,199.0,250.67242,237.32758,298.0,272.0,196.0,196.0,183.0,196.0,206.0,0.0,0.0,0.0,0.0,0.0,0.0,0.0,0.0,0.0,0.0,0.0,0.0,0.0,31.0,14.0,13.0,14.0,14.96552,13.03448,13.0,13.0,13.0,14.0,13.0,15.0,40.0,122.0,151.0,144.0,98.0,67.34483,62.65517,33.0,9.0,0.0,0.0,0.0,0.0,91.0,2.0,3.0,4.0,4.0,2.0,0.0,0.0,0.0,0.0,0.0,0.0,0.0,4.0,44.0,48.0,46.0,44.0,48.0,40.0,33.0,190.4589,184.31507,190.4589,184.31507,190.4589,46.0,740.0,791.0,793.0,767.0,791.0,721.0,871.0,516.06507,499.41780000000006,516.06507,499.41780000000006,516.06507,792.0,410.0,505.0,434.0,275.0,217.00001000000003,205.99999000000005,241.0,224.0,187.11865,187.88135,162.0,227.0,236.0,473.0,525.0,678.0,378.0,385.0,397.5,399.5,396.0,362.0,333.0,334.0,407.0,421.0
15,231.0,233.0,266.0,278.0,226.0,244.7931,228.2069,238.0,215.0,159.0,178.0,169.0,231.0,206.0,173.0,208.0,251.0,199.0,250.67242,237.32758,298.0,272.0,196.0,196.0,183.0,209.0,0.0,0.0,0.0,0.0,0.0,0.0,0.0,0.0,0.0,0.0,0.0,0.0,0.0,40.0,31.0,14.0,13.0,14.0,14.96552,13.03448,13.0,13.0,13.0,14.0,13.0,40.0,91.0,122.0,151.0,144.0,98.0,67.34483,62.65517,33.0,9.0,0.0,0.0,0.0,94.0,4.0,2.0,3.0,4.0,4.0,2.0,0.0,0.0,0.0,0.0,0.0,0.0,2.0,46.0,44.0,48.0,46.0,44.0,48.0,40.0,33.0,190.4589,184.31507,190.4589,184.31507,45.0,792.0,740.0,791.0,793.0,767.0,791.0,721.0,871.0,516.06507,499.41780000000006,516.06507,499.41780000000006,766.0,236.0,410.0,505.0,434.0,275.0,217.00001000000003,205.99999000000005,241.0,224.0,187.11865,187.88135,162.0,230.0,421.0,473.0,525.0,678.0,378.0,385.0,397.5,399.5,396.0,362.0,333.0,334.0,339.0
16,231.0,231.0,233.0,266.0,278.0,226.0,244.7931,228.2069,238.0,215.0,159.0,178.0,239.0,209.0,206.0,173.0,208.0,251.0,199.0,250.67242,237.32758,298.0,272.0,196.0,196.0,218.0,0.0,0.0,0.0,0.0,0.0,0.0,0.0,0.0,0.0,0.0,0.0,0.0,0.0,40.0,40.0,31.0,14.0,13.0,14.0,14.96552,13.03448,13.0,13.0,13.0,14.0,39.0,94.0,91.0,122.0,151.0,144.0,98.0,67.34483,62.65517,33.0,9.0,0.0,0.0,98.0,2.0,4.0,2.0,3.0,4.0,4.0,2.0,0.0,0.0,0.0,0.0,0.0,4.0,45.0,46.0,44.0,48.0,46.0,44.0,48.0,40.0,33.0,190.4589,184.31507,190.4589,48.0,766.0,792.0,740.0,791.0,793.0,767.0,791.0,721.0,871.0,516.06507,499.41780000000006,516.06507,792.0,230.0,236.0,410.0,505.0,434.0,275.0,217.00001000000003,205.99999000000005,241.0,224.0,187.11865,187.88135,238.0,339.0,421.0,473.0,525.0,678.0,378.0,385.0,397.5,399.5,396.0,362.0,333.0,340.0
17,239.0,231.0,231.0,233.0,266.0,278.0,226.0,244.7931,228.2069,238.0,215.0,159.0,232.0,218.0,209.0,206.0,173.0,208.0,251.0,199.0,250.67242,237.32758,298.0,272.0,196.0,209.0,0.0,0.0,0.0,0.0,0.0,0.0,0.0,0.0,0.0,0.0,0.0,0.0,0.0,39.0,40.0,40.0,31.0,14.0,13.0,14.0,14.96552,13.03448,13.0,13.0,13.0,39.0,98.0,94.0,91.0,122.0,151.0,144.0,98.0,67.34483,62.65517,33.0,9.0,0.0,93.0,4.0,2.0,4.0,2.0,3.0,4.0,4.0,2.0,0.0,0.0,0.0,0.0,3.0,48.0,45.0,46.0,44.0,48.0,46.0,44.0,48.0,40.0,33.0,190.4589,184.31507,45.0,792.0,766.0,792.0,740.0,791.0,793.0,767.0,791.0,721.0,871.0,516.06507,499.41780000000006,767.0,238.0,230.0,236.0,410.0,505.0,434.0,275.0,217.00001000000003,205.99999000000005,241.0,224.0,187.11865,230.0,340.0,339.0,421.0,473.0,525.0,678.0,378.0,385.0,397.5,399.5,396.0,362.0,366.0
18,232.0,239.0,231.0,231.0,233.0,266.0,278.0,226.0,244.7931,228.2069,238.0,215.0,238.0,209.0,218.0,209.0,206.0,173.0,208.0,251.0,199.0,250.67242,237.32758,298.0,272.0,218.0,0.0,0.0,0.0,0.0,0.0,0.0,0.0,0.0,0.0,0.0,0.0,0.0,0.0,39.0,39.0,40.0,40.0,31.0,14.0,13.0,14.0,14.96552,13.03448,13.0,13.0,39.0,93.0,98.0,94.0,91.0,122.0,151.0,144.0,98.0,67.34483,62.65517,33.0,9.0,97.0,3.0,4.0,2.0,4.0,2.0,3.0,4.0,4.0,2.0,0.0,0.0,0.0,3.0,45.0,48.0,45.0,46.0,44.0,48.0,46.0,44.0,48.0,40.0,33.0,190.4589,45.0,767.0,792.0,766.0,792.0,740.0,791.0,793.0,767.0,791.0,721.0,871.0,516.06507,790.0,230.0,238.0,230.0,236.0,410.0,505.0,434.0,275.0,217.00001000000003,205.99999000000005,241.0,224.0,238.0,366.0,340.0,339.0,421.0,473.0,525.0,678.0,378.0,385.0,397.5,399.5,396.0,411.0
19,238.0,232.0,239.0,231.0,231.0,233.0,266.0,278.0,226.0,244.7931,228.2069,238.0,239.0,218.0,209.0,218.0,209.0,206.0,173.0,208.0,251.0,199.0,250.67242,237.32758,298.0,217.0,0.0,0.0,0.0,0.0,0.0,0.0,0.0,0.0,0.0,0.0,0.0,0.0,0.0,39.0,39.0,39.0,40.0,40.0,31.0,14.0,13.0,14.0,14.96552,13.03448,13.0,41.0,97.0,93.0,98.0,94.0,91.0,122.0,151.0,144.0,98.0,67.34483,62.65517,33.0,98.0,3.0,3.0,4.0,2.0,4.0,2.0,3.0,4.0,4.0,2.0,0.0,0.0,3.0,45.0,45.0,48.0,45.0,46.0,44.0,48.0,46.0,44.0,48.0,40.0,33.0,0.0,790.0,767.0,792.0,766.0,792.0,740.0,791.0,793.0,767.0,791.0,721.0,871.0,792.0,238.0,230.0,238.0,230.0,236.0,410.0,505.0,434.0,275.0,217.00001000000003,205.99999000000005,241.0,238.0,411.0,366.0,340.0,339.0,421.0,473.0,525.0,678.0,378.0,385.0,397.5,399.5,415.0
20,239.0,238.0,232.0,239.0,231.0,231.0,233.0,266.0,278.0,226.0,244.7931,228.2069,232.0,217.0,218.0,209.0,218.0,209.0,206.0,173.0,208.0,251.0,199.0,250.67242,237.32758,210.0,0.0,0.0,0.0,0.0,0.0,0.0,0.0,0.0,0.0,0.0,0.0,0.0,0.0,41.0,39.0,39.0,39.0,40.0,40.0,31.0,14.0,13.0,14.0,14.96552,13.03448,38.0,98.0,97.0,93.0,98.0,94.0,91.0,122.0,151.0,144.0,98.0,67.34483,62.65517,95.0,3.0,3.0,3.0,4.0,2.0,4.0,2.0,3.0,4.0,4.0,2.0,0.0,3.0,0.0,45.0,45.0,48.0,45.0,46.0,44.0,48.0,46.0,44.0,48.0,40.0,0.0,792.0,790.0,767.0,792.0,766.0,792.0,740.0,791.0,793.0,767.0,791.0,721.0,592.0,238.0,238.0,230.0,238.0,230.0,236.0,410.0,505.0,434.0,275.0,217.00001000000003,205.99999000000005,230.0,415.0,411.0,366.0,340.0,339.0,421.0,473.0,525.0,678.0,378.0,385.0,397.5,411.0
21,232.0,239.0,238.0,232.0,239.0,231.0,231.0,233.0,266.0,278.0,226.0,244.7931,238.0,210.0,217.0,218.0,209.0,218.0,209.0,206.0,173.0,208.0,251.0,199.0,250.67242,217.0,0.0,0.0,0.0,0.0,0.0,0.0,0.0,0.0,0.0,0.0,0.0,0.0,0.0,38.0,41.0,39.0,39.0,39.0,40.0,40.0,31.0,14.0,13.0,14.0,14.96552,40.0,95.0,98.0,97.0,93.0,98.0,94.0,91.0,122.0,151.0,144.0,98.0,67.34483,96.0,3.0,3.0,3.0,3.0,4.0,2.0,4.0,2.0,3.0,4.0,4.0,2.0,5.0,0.0,0.0,45.0,45.0,48.0,45.0,46.0,44.0,48.0,46.0,44.0,48.0,0.0,592.0,792.0,790.0,767.0,792.0,766.0,792.0,740.0,791.0,793.0,767.0,791.0,572.0,230.0,238.0,238.0,230.0,238.0,230.0,236.0,410.0,505.0,434.0,275.0,217.00001000000003,238.0,411.0,415.0,411.0,366.0,340.0,339.0,421.0,473.0,525.0,678.0,378.0,385.0,409.0
22,238.0,232.0,239.0,238.0,232.0,239.0,231.0,231.0,233.0,266.0,278.0,226.0,232.0,217.0,210.0,217.0,218.0,209.0,218.0,209.0,206.0,173.0,208.0,251.0,199.0,210.0,0.0,0.0,0.0,0.0,0.0,0.0,0.0,0.0,0.0,0.0,0.0,0.0,0.0,40.0,38.0,41.0,39.0,39.0,39.0,40.0,40.0,31.0,14.0,13.0,14.0,38.0,96.0,95.0,98.0,97.0,93.0,98.0,94.0,91.0,122.0,151.0,144.0,98.0,95.0,5.0,3.0,3.0,3.0,3.0,4.0,2.0,4.0,2.0,3.0,4.0,4.0,7.0,0.0,0.0,0.0,45.0,45.0,48.0,45.0,46.0,44.0,48.0,46.0,44.0,0.0,572.0,592.0,792.0,790.0,767.0,792.0,766.0,792.0,740.0,791.0,793.0,767.0,613.0,238.0,230.0,238.0,238.0,230.0,238.0,230.0,236.0,410.0,505.0,434.0,275.0,229.0,409.0,411.0,415.0,411.0,366.0,340.0,339.0,421.0,473.0,525.0,678.0,378.0,404.0
23,232.0,238.0,232.0,239.0,238.0,232.0,239.0,231.0,231.0,233.0,266.0,278.0,249.0,210.0,217.0,210.0,217.0,218.0,209.0,218.0,209.0,206.0,173.0,208.0,251.0,229.0,0.0,0.0,0.0,0.0,0.0,0.0,0.0,0.0,0.0,0.0,0.0,0.0,0.0,38.0,40.0,38.0,41.0,39.0,39.0,39.0,40.0,40.0,31.0,14.0,13.0,24.0,95.0,96.0,95.0,98.0,97.0,93.0,98.0,94.0,91.0,122.0,151.0,144.0,120.0,7.0,5.0,3.0,3.0,3.0,3.0,4.0,2.0,4.0,2.0,3.0,4.0,6.0,0.0,0.0,0.0,0.0,45.0,45.0,48.0,45.0,46.0,44.0,48.0,46.0,0.0,613.0,572.0,592.0,792.0,790.0,767.0,792.0,766.0,792.0,740.0,791.0,793.0,854.0,229.0,238.0,230.0,238.0,238.0,230.0,238.0,230.0,236.0,410.0,505.0,434.0,274.0,404.0,409.0,411.0,415.0,411.0,366.0,340.0,339.0,421.0,473.0,525.0,678.0,697.0
24,249.0,232.0,238.0,232.0,239.0,238.0,232.0,239.0,231.0,231.0,233.0,266.0,231.0,229.0,210.0,217.0,210.0,217.0,218.0,209.0,218.0,209.0,206.0,173.0,208.0,166.0,0.0,0.0,0.0,0.0,0.0,0.0,0.0,0.0,0.0,0.0,0.0,0.0,0.0,24.0,38.0,40.0,38.0,41.0,39.0,39.0,39.0,40.0,40.0,31.0,14.0,12.0,120.0,95.0,96.0,95.0,98.0,97.0,93.0,98.0,94.0,91.0,122.0,151.0,126.0,6.0,7.0,5.0,3.0,3.0,3.0,3.0,4.0,2.0,4.0,2.0,3.0,5.0,0.0,0.0,0.0,0.0,0.0,45.0,45.0,48.0,45.0,46.0,44.0,48.0,132.0,854.0,613.0,572.0,592.0,792.0,790.0,767.0,792.0,766.0,792.0,740.0,791.0,929.0,274.0,229.0,238.0,230.0,238.0,238.0,230.0,238.0,230.0,236.0,410.0,505.0,234.0,697.0,404.0,409.0,411.0,415.0,411.0,366.0,340.0,339.0,421.0,473.0,525.0,545.0
25,231.0,249.0,232.0,238.0,232.0,239.0,238.0,232.0,239.0,231.0,231.0,233.0,181.0,166.0,229.0,210.0,217.0,210.0,217.0,218.0,209.0,218.0,209.0,206.0,173.0,124.0,0.0,0.0,0.0,0.0,0.0,0.0,0.0,0.0,0.0,0.0,0.0,0.0,0.0,12.0,24.0,38.0,40.0,38.0,41.0,39.0,39.0,39.0,40.0,40.0,31.0,11.0,126.0,120.0,95.0,96.0,95.0,98.0,97.0,93.0,98.0,94.0,91.0,122.0,130.0,5.0,6.0,7.0,5.0,3.0,3.0,3.0,3.0,4.0,2.0,4.0,2.0,7.0,132.0,0.0,0.0,0.0,0.0,0.0,45.0,45.0,48.0,45.0,46.0,44.0,314.0,929.0,854.0,613.0,572.0,592.0,792.0,790.0,767.0,792.0,766.0,792.0,740.0,813.0,234.0,274.0,229.0,238.0,230.0,238.0,238.0,230.0,238.0,230.0,236.0,410.0,153.0,545.0,697.0,404.0,409.0,411.0,415.0,411.0,366.0,340.0,339.0,421.0,473.0,490.0
26,181.0,231.0,249.0,232.0,238.0,232.0,239.0,238.0,232.0,239.0,231.0,231.0,153.0,124.0,166.0,229.0,210.0,217.0,210.0,217.0,218.0,209.0,218.0,209.0,206.0,133.0,0.0,0.0,0.0,0.0,0.0,0.0,0.0,0.0,0.0,0.0,0.0,0.0,0.0,11.0,12.0,24.0,38.0,40.0,38.0,41.0,39.0,39.0,39.0,40.0,40.0,14.0,130.0,126.0,120.0,95.0,96.0,95.0,98.0,97.0,93.0,98.0,94.0,91.0,74.0,7.0,5.0,6.0,7.0,5.0,3.0,3.0,3.0,3.0,4.0,2.0,4.0,6.0,314.0,132.0,0.0,0.0,0.0,0.0,0.0,45.0,45.0,48.0,45.0,46.0,334.0,813.0,929.0,854.0,613.0,572.0,592.0,792.0,790.0,767.0,792.0,766.0,792.0,798.0,153.0,234.0,274.0,229.0,238.0,230.0,238.0,238.0,230.0,238.0,230.0,236.0,174.0,490.0,545.0,697.0,404.0,409.0,411.0,415.0,411.0,366.0,340.0,339.0,421.0,446.0
27,153.0,181.0,231.0,249.0,232.0,238.0,232.0,239.0,238.0,232.0,239.0,231.0,133.0,133.0,124.0,166.0,229.0,210.0,217.0,210.0,217.0,218.0,209.0,218.0,209.0,133.0,0.0,0.0,0.0,0.0,0.0,0.0,0.0,0.0,0.0,0.0,0.0,0.0,0.0,14.0,11.0,12.0,24.0,38.0,40.0,38.0,41.0,39.0,39.0,39.0,40.0,14.0,74.0,130.0,126.0,120.0,95.0,96.0,95.0,98.0,97.0,93.0,98.0,94.0,83.0,6.0,7.0,5.0,6.0,7.0,5.0,3.0,3.0,3.0,3.0,4.0,2.0,5.0,334.0,314.0,132.0,0.0,0.0,0.0,0.0,0.0,45.0,45.0,48.0,45.0,218.0,798.0,813.0,929.0,854.0,613.0,572.0,592.0,792.0,790.0,767.0,792.0,766.0,702.0,174.0,153.0,234.0,274.0,229.0,238.0,230.0,238.0,238.0,230.0,238.0,230.0,176.0,446.0,490.0,545.0,697.0,404.0,409.0,411.0,415.0,411.0,366.0,340.0,339.0,316.0
28,133.0,153.0,181.0,231.0,249.0,232.0,238.0,232.0,239.0,238.0,232.0,239.0,145.0,133.0,133.0,124.0,166.0,229.0,210.0,217.0,210.0,217.0,218.0,209.0,218.0,158.0,0.0,0.0,0.0,0.0,0.0,0.0,0.0,0.0,0.0,0.0,0.0,0.0,0.0,14.0,14.0,11.0,12.0,24.0,38.0,40.0,38.0,41.0,39.0,39.0,39.0,13.0,83.0,74.0,130.0,126.0,120.0,95.0,96.0,95.0,98.0,97.0,93.0,98.0,87.0,5.0,6.0,7.0,5.0,6.0,7.0,5.0,3.0,3.0,3.0,3.0,4.0,6.0,218.0,334.0,314.0,132.0,0.0,0.0,0.0,0.0,0.0,45.0,45.0,48.0,162.0,702.0,798.0,813.0,929.0,854.0,613.0,572.0,592.0,792.0,790.0,767.0,792.0,604.0,176.0,174.0,153.0,234.0,274.0,229.0,238.0,230.0,238.0,238.0,230.0,238.0,186.0,316.0,446.0,490.0,545.0,697.0,404.0,409.0,411.0,415.0,411.0,366.0,340.0,266.0
29,145.0,133.0,153.0,181.0,231.0,249.0,232.0,238.0,232.0,239.0,238.0,232.0,164.0,158.0,133.0,133.0,124.0,166.0,229.0,210.0,217.0,210.0,217.0,218.0,209.0,158.0,0.0,0.0,0.0,0.0,0.0,0.0,0.0,0.0,0.0,0.0,0.0,0.0,0.0,13.0,14.0,14.0,11.0,12.0,24.0,38.0,40.0,38.0,41.0,39.0,39.0,13.0,87.0,83.0,74.0,130.0,126.0,120.0,95.0,96.0,95.0,98.0,97.0,93.0,101.0,6.0,5.0,6.0,7.0,5.0,6.0,7.0,5.0,3.0,3.0,3.0,3.0,6.0,162.0,218.0,334.0,314.0,132.0,0.0,0.0,0.0,0.0,0.0,45.0,45.0,230.0,604.0,702.0,798.0,813.0,929.0,854.0,613.0,572.0,592.0,792.0,790.0,767.0,657.0,186.0,176.0,174.0,153.0,234.0,274.0,229.0,238.0,230.0,238.0,238.0,230.0,179.0,266.0,316.0,446.0,490.0,545.0,697.0,404.0,409.0,411.0,415.0,411.0,366.0,255.0
30,164.0,145.0,133.0,153.0,181.0,231.0,249.0,232.0,238.0,232.0,239.0,238.0,213.0,158.0,158.0,133.0,133.0,124.0,166.0,229.0,210.0,217.0,210.0,217.0,218.0,205.0,0.0,0.0,0.0,0.0,0.0,0.0,0.0,0.0,0.0,0.0,0.0,0.0,0.0,13.0,13.0,14.0,14.0,11.0,12.0,24.0,38.0,40.0,38.0,41.0,39.0,96.0,101.0,87.0,83.0,74.0,130.0,126.0,120.0,95.0,96.0,95.0,98.0,97.0,152.0,6.0,6.0,5.0,6.0,7.0,5.0,6.0,7.0,5.0,3.0,3.0,3.0,2.0,230.0,162.0,218.0,334.0,314.0,132.0,0.0,0.0,0.0,0.0,0.0,45.0,274.0,657.0,604.0,702.0,798.0,813.0,929.0,854.0,613.0,572.0,592.0,792.0,790.0,945.0,179.0,186.0,176.0,174.0,153.0,234.0,274.0,229.0,238.0,230.0,238.0,238.0,187.0,255.0,266.0,316.0,446.0,490.0,545.0,697.0,404.0,409.0,411.0,415.0,411.0,227.0
31,213.0,164.0,145.0,133.0,153.0,181.0,231.0,249.0,232.0,238.0,232.0,239.0,219.0,205.0,158.0,158.0,133.0,133.0,124.0,166.0,229.0,210.0,217.0,210.0,217.0,241.0,0.0,0.0,0.0,0.0,0.0,0.0,0.0,0.0,0.0,0.0,0.0,0.0,0.0,96.0,13.0,13.0,14.0,14.0,11.0,12.0,24.0,38.0,40.0,38.0,41.0,189.0,152.0,101.0,87.0,83.0,74.0,130.0,126.0,120.0,95.0,96.0,95.0,98.0,156.0,2.0,6.0,6.0,5.0,6.0,7.0,5.0,6.0,7.0,5.0,3.0,3.0,7.0,274.0,230.0,162.0,218.0,334.0,314.0,132.0,0.0,0.0,0.0,0.0,0.0,286.0,945.0,657.0,604.0,702.0,798.0,813.0,929.0,854.0,613.0,572.0,592.0,792.0,1010.0,187.0,179.0,186.0,176.0,174.0,153.0,234.0,274.0,229.0,238.0,230.0,238.0,180.0,227.0,255.0,266.0,316.0,446.0,490.0,545.0,697.0,404.0,409.0,411.0,415.0,232.0
32,219.0,213.0,164.0,145.0,133.0,153.0,181.0,231.0,249.0,232.0,238.0,232.0,168.0,241.0,205.0,158.0,158.0,133.0,133.0,124.0,166.0,229.0,210.0,217.0,210.0,214.0,0.0,0.0,0.0,0.0,0.0,0.0,0.0,0.0,0.0,0.0,0.0,0.0,0.0,189.0,96.0,13.0,13.0,14.0,14.0,11.0,12.0,24.0,38.0,40.0,38.0,12.0,156.0,152.0,101.0,87.0,83.0,74.0,130.0,126.0,120.0,95.0,96.0,95.0,104.0,7.0,2.0,6.0,6.0,5.0,6.0,7.0,5.0,6.0,7.0,5.0,3.0,8.0,286.0,274.0,230.0,162.0,218.0,334.0,314.0,132.0,0.0,0.0,0.0,0.0,267.0,1010.0,945.0,657.0,604.0,702.0,798.0,813.0,929.0,854.0,613.0,572.0,592.0,561.0,180.0,187.0,179.0,186.0,176.0,174.0,153.0,234.0,274.0,229.0,238.0,230.0,177.0,232.0,227.0,255.0,266.0,316.0,446.0,490.0,545.0,697.0,404.0,409.0,411.0,231.0
33,168.0,219.0,213.0,164.0,145.0,133.0,153.0,181.0,231.0,249.0,232.0,238.0,141.0,214.0,241.0,205.0,158.0,158.0,133.0,133.0,124.0,166.0,229.0,210.0,217.0,207.0,0.0,0.0,0.0,0.0,0.0,0.0,0.0,0.0,0.0,0.0,0.0,0.0,0.0,12.0,189.0,96.0,13.0,13.0,14.0,14.0,11.0,12.0,24.0,38.0,40.0,13.0,104.0,156.0,152.0,101.0,87.0,83.0,74.0,130.0,126.0,120.0,95.0,96.0,96.0,8.0,7.0,2.0,6.0,6.0,5.0,6.0,7.0,5.0,6.0,7.0,5.0,12.0,267.0,286.0,274.0,230.0,162.0,218.0,334.0,314.0,132.0,0.0,0.0,0.0,263.0,561.0,1010.0,945.0,657.0,604.0,702.0,798.0,813.0,929.0,854.0,613.0,572.0,599.0,177.0,180.0,187.0,179.0,186.0,176.0,174.0,153.0,234.0,274.0,229.0,238.0,184.0,231.0,232.0,227.0,255.0,266.0,316.0,446.0,490.0,545.0,697.0,404.0,409.0,264.0
34,141.0,168.0,219.0,213.0,164.0,145.0,133.0,153.0,181.0,231.0,249.0,232.0,137.0,207.0,214.0,241.0,205.0,158.0,158.0,133.0,133.0,124.0,166.0,229.0,210.0,184.0,0.0,0.0,0.0,0.0,0.0,0.0,0.0,0.0,0.0,0.0,0.0,0.0,387.0,13.0,12.0,189.0,96.0,13.0,13.0,14.0,14.0,11.0,12.0,24.0,38.0,12.0,96.0,104.0,156.0,152.0,101.0,87.0,83.0,74.0,130.0,126.0,120.0,95.0,86.0,12.0,8.0,7.0,2.0,6.0,6.0,5.0,6.0,7.0,5.0,6.0,7.0,8.0,263.0,267.0,286.0,274.0,230.0,162.0,218.0,334.0,314.0,132.0,0.0,0.0,291.0,599.0,561.0,1010.0,945.0,657.0,604.0,702.0,798.0,813.0,929.0,854.0,613.0,360.0,184.0,177.0,180.0,187.0,179.0,186.0,176.0,174.0,153.0,234.0,274.0,229.0,175.0,264.0,231.0,232.0,227.0,255.0,266.0,316.0,446.0,490.0,545.0,697.0,404.0,326.0
35,137.0,141.0,168.0,219.0,213.0,164.0,145.0,133.0,153.0,181.0,231.0,249.0,198.0,184.0,207.0,214.0,241.0,205.0,158.0,158.0,133.0,133.0,124.0,166.0,229.0,242.0,387.0,0.0,0.0,0.0,0.0,0.0,0.0,0.0,0.0,0.0,0.0,0.0,381.0,12.0,13.0,12.0,189.0,96.0,13.0,13.0,14.0,14.0,11.0,12.0,24.0,14.0,86.0,96.0,104.0,156.0,152.0,101.0,87.0,83.0,74.0,130.0,126.0,120.0,103.0,8.0,12.0,8.0,7.0,2.0,6.0,6.0,5.0,6.0,7.0,5.0,6.0,5.0,291.0,263.0,267.0,286.0,274.0,230.0,162.0,218.0,334.0,314.0,132.0,0.0,344.0,360.0,599.0,561.0,1010.0,945.0,657.0,604.0,702.0,798.0,813.0,929.0,854.0,307.0,175.0,184.0,177.0,180.0,187.0,179.0,186.0,176.0,174.0,153.0,234.0,274.0,236.0,326.0,264.0,231.0,232.0,227.0,255.0,266.0,316.0,446.0,490.0,545.0,697.0,436.0
36,198.0,137.0,141.0,168.0,219.0,213.0,164.0,145.0,133.0,153.0,181.0,231.0,209.0,242.0,184.0,207.0,214.0,241.0,205.0,158.0,158.0,133.0,133.0,124.0,166.0,155.0,381.0,387.0,0.0,0.0,0.0,0.0,0.0,0.0,0.0,0.0,0.0,0.0,286.0,14.0,12.0,13.0,12.0,189.0,96.0,13.0,13.0,14.0,14.0,11.0,12.0,12.0,103.0,86.0,96.0,104.0,156.0,152.0,101.0,87.0,83.0,74.0,130.0,126.0,113.0,5.0,8.0,12.0,8.0,7.0,2.0,6.0,6.0,5.0,6.0,7.0,5.0,7.0,344.0,291.0,263.0,267.0,286.0,274.0,230.0,162.0,218.0,334.0,314.0,132.0,260.0,307.0,360.0,599.0,561.0,1010.0,945.0,657.0,604.0,702.0,798.0,813.0,929.0,286.0,236.0,175.0,184.0,177.0,180.0,187.0,179.0,186.0,176.0,174.0,153.0,234.0,205.0,436.0,326.0,264.0,231.0,232.0,227.0,255.0,266.0,316.0,446.0,490.0,545.0,382.0
37,209.0,198.0,137.0,141.0,168.0,219.0,213.0,164.0,145.0,133.0,153.0,181.0,239.0,155.0,242.0,184.0,207.0,214.0,241.0,205.0,158.0,158.0,133.0,133.0,124.0,131.0,286.0,381.0,387.0,0.0,0.0,0.0,0.0,0.0,0.0,0.0,0.0,0.0,194.0,12.0,14.0,12.0,13.0,12.0,189.0,96.0,13.0,13.0,14.0,14.0,11.0,11.0,113.0,103.0,86.0,96.0,104.0,156.0,152.0,101.0,87.0,83.0,74.0,130.0,102.0,7.0,5.0,8.0,12.0,8.0,7.0,2.0,6.0,6.0,5.0,6.0,7.0,8.0,260.0,344.0,291.0,263.0,267.0,286.0,274.0,230.0,162.0,218.0,334.0,314.0,142.0,286.0,307.0,360.0,599.0,561.0,1010.0,945.0,657.0,604.0,702.0,798.0,813.0,259.0,205.0,236.0,175.0,184.0,177.0,180.0,187.0,179.0,186.0,176.0,174.0,153.0,178.0,382.0,436.0,326.0,264.0,231.0,232.0,227.0,255.0,266.0,316.0,446.0,490.0,326.0
38,239.0,209.0,198.0,137.0,141.0,168.0,219.0,213.0,164.0,145.0,133.0,153.0,241.0,131.0,155.0,242.0,184.0,207.0,214.0,241.0,205.0,158.0,158.0,133.0,133.0,127.0,194.0,286.0,381.0,387.0,0.0,0.0,0.0,0.0,0.0,0.0,0.0,0.0,210.0,11.0,12.0,14.0,12.0,13.0,12.0,189.0,96.0,13.0,13.0,14.0,14.0,13.0,102.0,113.0,103.0,86.0,96.0,104.0,156.0,152.0,101.0,87.0,83.0,74.0,114.0,8.0,7.0,5.0,8.0,12.0,8.0,7.0,2.0,6.0,6.0,5.0,6.0,6.0,142.0,260.0,344.0,291.0,263.0,267.0,286.0,274.0,230.0,162.0,218.0,334.0,201.0,259.0,286.0,307.0,360.0,599.0,561.0,1010.0,945.0,657.0,604.0,702.0,798.0,279.0,178.0,205.0,236.0,175.0,184.0,177.0,180.0,187.0,179.0,186.0,176.0,174.0,192.0,326.0,382.0,436.0,326.0,264.0,231.0,232.0,227.0,255.0,266.0,316.0,446.0,348.0
39,241.0,239.0,209.0,198.0,137.0,141.0,168.0,219.0,213.0,164.0,145.0,133.0,196.0,127.0,131.0,155.0,242.0,184.0,207.0,214.0,241.0,205.0,158.0,158.0,133.0,113.0,210.0,194.0,286.0,381.0,387.0,0.0,0.0,0.0,0.0,0.0,0.0,0.0,168.0,13.0,11.0,12.0,14.0,12.0,13.0,12.0,189.0,96.0,13.0,13.0,14.0,13.0,114.0,102.0,113.0,103.0,86.0,96.0,104.0,156.0,152.0,101.0,87.0,83.0,95.0,6.0,8.0,7.0,5.0,8.0,12.0,8.0,7.0,2.0,6.0,6.0,5.0,6.0,201.0,142.0,260.0,344.0,291.0,263.0,267.0,286.0,274.0,230.0,162.0,218.0,192.0,279.0,259.0,286.0,307.0,360.0,599.0,561.0,1010.0,945.0,657.0,604.0,702.0,265.0,192.0,178.0,205.0,236.0,175.0,184.0,177.0,180.0,187.0,179.0,186.0,176.0,170.0,348.0,326.0,382.0,436.0,326.0,264.0,231.0,232.0,227.0,255.0,266.0,316.0,304.0
40,196.0,241.0,239.0,209.0,198.0,137.0,141.0,168.0,219.0,213.0,164.0,145.0,196.0,113.0,127.0,131.0,155.0,242.0,184.0,207.0,214.0,241.0,205.0,158.0,158.0,153.0,168.0,210.0,194.0,286.0,381.0,387.0,0.0,0.0,0.0,0.0,0.0,0.0,388.0,13.0,13.0,11.0,12.0,14.0,12.0,13.0,12.0,189.0,96.0,13.0,13.0,13.0,95.0,114.0,102.0,113.0,103.0,86.0,96.0,104.0,156.0,152.0,101.0,87.0,97.0,6.0,6.0,8.0,7.0,5.0,8.0,12.0,8.0,7.0,2.0,6.0,6.0,4.0,192.0,201.0,142.0,260.0,344.0,291.0,263.0,267.0,286.0,274.0,230.0,162.0,234.0,265.0,279.0,259.0,286.0,307.0,360.0,599.0,561.0,1010.0,945.0,657.0,604.0,260.0,170.0,192.0,178.0,205.0,236.0,175.0,184.0,177.0,180.0,187.0,179.0,186.0,176.0,304.0,348.0,326.0,382.0,436.0,326.0,264.0,231.0,232.0,227.0,255.0,266.0,312.0
41,196.0,196.0,241.0,239.0,209.0,198.0,137.0,141.0,168.0,219.0,213.0,164.0,194.0,153.0,113.0,127.0,131.0,155.0,242.0,184.0,207.0,214.0,241.0,205.0,158.0,174.0,388.0,168.0,210.0,194.0,286.0,381.0,387.0,0.0,0.0,0.0,0.0,0.0,372.0,13.0,13.0,13.0,11.0,12.0,14.0,12.0,13.0,12.0,189.0,96.0,13.0,13.0,97.0,95.0,114.0,102.0,113.0,103.0,86.0,96.0,104.0,156.0,152.0,101.0,91.0,4.0,6.0,6.0,8.0,7.0,5.0,8.0,12.0,8.0,7.0,2.0,6.0,5.0,234.0,192.0,201.0,142.0,260.0,344.0,291.0,263.0,267.0,286.0,274.0,230.0,290.0,260.0,265.0,279.0,259.0,286.0,307.0,360.0,599.0,561.0,1010.0,945.0,657.0,386.0,176.0,170.0,192.0,178.0,205.0,236.0,175.0,184.0,177.0,180.0,187.0,179.0,164.0,312.0,304.0,348.0,326.0,382.0,436.0,326.0,264.0,231.0,232.0,227.0,255.0,286.0
42,194.0,196.0,196.0,241.0,239.0,209.0,198.0,137.0,141.0,168.0,219.0,213.0,243.0,174.0,153.0,113.0,127.0,131.0,155.0,242.0,184.0,207.0,214.0,241.0,205.0,236.0,372.0,388.0,168.0,210.0,194.0,286.0,381.0,387.0,0.0,0.0,0.0,0.0,292.0,13.0,13.0,13.0,13.0,11.0,12.0,14.0,12.0,13.0,12.0,189.0,96.0,12.0,91.0,97.0,95.0,114.0,102.0,113.0,103.0,86.0,96.0,104.0,156.0,152.0,144.0,5.0,4.0,6.0,6.0,8.0,7.0,5.0,8.0,12.0,8.0,7.0,2.0,7.0,290.0,234.0,192.0,201.0,142.0,260.0,344.0,291.0,263.0,267.0,286.0,274.0,291.0,386.0,260.0,265.0,279.0,259.0,286.0,307.0,360.0,599.0,561.0,1010.0,945.0,460.0,164.0,176.0,170.0,192.0,178.0,205.0,236.0,175.0,184.0,177.0,180.0,187.0,186.0,286.0,312.0,304.0,348.0,326.0,382.0,436.0,326.0,264.0,231.0,232.0,227.0,223.0
43,243.0,194.0,196.0,196.0,241.0,239.0,209.0,198.0,137.0,141.0,168.0,219.0,239.0,236.0,174.0,153.0,113.0,127.0,131.0,155.0,242.0,184.0,207.0,214.0,241.0,273.0,292.0,372.0,388.0,168.0,210.0,194.0,286.0,381.0,387.0,0.0,0.0,0.0,434.0,12.0,13.0,13.0,13.0,13.0,11.0,12.0,14.0,12.0,13.0,12.0,189.0,13.0,144.0,91.0,97.0,95.0,114.0,102.0,113.0,103.0,86.0,96.0,104.0,156.0,155.0,7.0,5.0,4.0,6.0,6.0,8.0,7.0,5.0,8.0,12.0,8.0,7.0,4.0,291.0,290.0,234.0,192.0,201.0,142.0,260.0,344.0,291.0,263.0,267.0,286.0,303.0,460.0,386.0,260.0,265.0,279.0,259.0,286.0,307.0,360.0,599.0,561.0,1010.0,540.0,186.0,164.0,176.0,170.0,192.0,178.0,205.0,236.0,175.0,184.0,177.0,180.0,214.0,223.0,286.0,312.0,304.0,348.0,326.0,382.0,436.0,326.0,264.0,231.0,232.0,243.0
44,239.0,243.0,194.0,196.0,196.0,241.0,239.0,209.0,198.0,137.0,141.0,168.0,220.0,273.0,236.0,174.0,153.0,113.0,127.0,131.0,155.0,242.0,184.0,207.0,214.0,218.0,434.0,292.0,372.0,388.0,168.0,210.0,194.0,286.0,381.0,387.0,0.0,0.0,468.0,13.0,12.0,13.0,13.0,13.0,13.0,11.0,12.0,14.0,12.0,13.0,12.0,12.0,155.0,144.0,91.0,97.0,95.0,114.0,102.0,113.0,103.0,86.0,96.0,104.0,120.0,4.0,7.0,5.0,4.0,6.0,6.0,8.0,7.0,5.0,8.0,12.0,8.0,6.0,303.0,291.0,290.0,234.0,192.0,201.0,142.0,260.0,344.0,291.0,263.0,267.0,295.0,540.0,460.0,386.0,260.0,265.0,279.0,259.0,286.0,307.0,360.0,599.0,561.0,233.0,214.0,186.0,164.0,176.0,170.0,192.0,178.0,205.0,236.0,175.0,184.0,177.0,174.0,243.0,223.0,286.0,312.0,304.0,348.0,326.0,382.0,436.0,326.0,264.0,231.0,256.0
45,220.0,239.0,243.0,194.0,196.0,196.0,241.0,239.0,209.0,198.0,137.0,141.0,249.0,218.0,273.0,236.0,174.0,153.0,113.0,127.0,131.0,155.0,242.0,184.0,207.0,206.0,468.0,434.0,292.0,372.0,388.0,168.0,210.0,194.0,286.0,381.0,387.0,0.0,485.0,12.0,13.0,12.0,13.0,13.0,13.0,13.0,11.0,12.0,14.0,12.0,13.0,13.0,120.0,155.0,144.0,91.0,97.0,95.0,114.0,102.0,113.0,103.0,86.0,96.0,109.0,6.0,4.0,7.0,5.0,4.0,6.0,6.0,8.0,7.0,5.0,8.0,12.0,5.0,295.0,303.0,291.0,290.0,234.0,192.0,201.0,142.0,260.0,344.0,291.0,263.0,248.0,233.0,540.0,460.0,386.0,260.0,265.0,279.0,259.0,286.0,307.0,360.0,599.0,248.0,174.0,214.0,186.0,164.0,176.0,170.0,192.0,178.0,205.0,236.0,175.0,184.0,163.0,256.0,243.0,223.0,286.0,312.0,304.0,348.0,326.0,382.0,436.0,326.0,264.0,283.0
46,249.0,220.0,239.0,243.0,194.0,196.0,196.0,241.0,239.0,209.0,198.0,137.0,260.0,206.0,218.0,273.0,236.0,174.0,153.0,113.0,127.0,131.0,155.0,242.0,184.0,180.0,485.0,468.0,434.0,292.0,372.0,388.0,168.0,210.0,194.0,286.0,381.0,387.0,467.0,13.0,12.0,13.0,12.0,13.0,13.0,13.0,13.0,11.0,12.0,14.0,12.0,12.0,109.0,120.0,155.0,144.0,91.0,97.0,95.0,114.0,102.0,113.0,103.0,86.0,92.0,5.0,6.0,4.0,7.0,5.0,4.0,6.0,6.0,8.0,7.0,5.0,8.0,5.0,248.0,295.0,303.0,291.0,290.0,234.0,192.0,201.0,142.0,260.0,344.0,291.0,191.0,248.0,233.0,540.0,460.0,386.0,260.0,265.0,279.0,259.0,286.0,307.0,360.0,243.0,163.0,174.0,214.0,186.0,164.0,176.0,170.0,192.0,178.0,205.0,236.0,175.0,184.0,283.0,256.0,243.0,223.0,286.0,312.0,304.0,348.0,326.0,382.0,436.0,326.0,284.0
47,260.0,249.0,220.0,239.0,243.0,194.0,196.0,196.0,241.0,239.0,209.0,198.0,294.0,180.0,206.0,218.0,273.0,236.0,174.0,153.0,113.0,127.0,131.0,155.0,242.0,214.0,467.0,485.0,468.0,434.0,292.0,372.0,388.0,168.0,210.0,194.0,286.0,381.0,415.0,12.0,13.0,12.0,13.0,12.0,13.0,13.0,13.0,13.0,11.0,12.0,14.0,20.0,92.0,109.0,120.0,155.0,144.0,91.0,97.0,95.0,114.0,102.0,113.0,103.0,105.0,5.0,5.0,6.0,4.0,7.0,5.0,4.0,6.0,6.0,8.0,7.0,5.0,5.0,191.0,248.0,295.0,303.0,291.0,290.0,234.0,192.0,201.0,142.0,260.0,344.0,238.0,243.0,248.0,233.0,540.0,460.0,386.0,260.0,265.0,279.0,259.0,286.0,307.0,263.0,184.0,163.0,174.0,214.0,186.0,164.0,176.0,170.0,192.0,178.0,205.0,236.0,196.0,284.0,283.0,256.0,243.0,223.0,286.0,312.0,304.0,348.0,326.0,382.0,436.0,384.0
48,294.0,260.0,249.0,220.0,239.0,243.0,194.0,196.0,196.0,241.0,239.0,209.0,251.0,214.0,180.0,206.0,218.0,273.0,236.0,174.0,153.0,113.0,127.0,131.0,155.0,169.0,415.0,467.0,485.0,468.0,434.0,292.0,372.0,388.0,168.0,210.0,194.0,286.0,437.0,20.0,12.0,13.0,12.0,13.0,12.0,13.0,13.0,13.0,13.0,11.0,12.0,13.0,105.0,92.0,109.0,120.0,155.0,144.0,91.0,97.0,95.0,114.0,102.0,113.0,127.0,5.0,5.0,5.0,6.0,4.0,7.0,5.0,4.0,6.0,6.0,8.0,7.0,6.0,238.0,191.0,248.0,295.0,303.0,291.0,290.0,234.0,192.0,201.0,142.0,260.0,205.0,263.0,243.0,248.0,233.0,540.0,460.0,386.0,260.0,265.0,279.0,259.0,286.0,274.0,196.0,184.0,163.0,174.0,214.0,186.0,164.0,176.0,170.0,192.0,178.0,205.0,204.0,384.0,284.0,283.0,256.0,243.0,223.0,286.0,312.0,304.0,348.0,326.0,382.0,305.0
49,251.0,294.0,260.0,249.0,220.0,239.0,243.0,194.0,196.0,196.0,241.0,239.0,212.0,169.0,214.0,180.0,206.0,218.0,273.0,236.0,174.0,153.0,113.0,127.0,131.0,142.0,437.0,415.0,467.0,485.0,468.0,434.0,292.0,372.0,388.0,168.0,210.0,194.0,251.0,13.0,20.0,12.0,13.0,12.0,13.0,12.0,13.0,13.0,13.0,13.0,11.0,73.0,127.0,105.0,92.0,109.0,120.0,155.0,144.0,91.0,97.0,95.0,114.0,102.0,88.0,6.0,5.0,5.0,5.0,6.0,4.0,7.0,5.0,4.0,6.0,6.0,8.0,5.0,205.0,238.0,191.0,248.0,295.0,303.0,291.0,290.0,234.0,192.0,201.0,142.0,187.0,274.0,263.0,243.0,248.0,233.0,540.0,460.0,386.0,260.0,265.0,279.0,259.0,253.0,204.0,196.0,184.0,163.0,174.0,214.0,186.0,164.0,176.0,170.0,192.0,178.0,190.0,305.0,384.0,284.0,283.0,256.0,243.0,223.0,286.0,312.0,304.0,348.0,326.0,210.0
50,212.0,251.0,294.0,260.0,249.0,220.0,239.0,243.0,194.0,196.0,196.0,241.0,242.0,142.0,169.0,214.0,180.0,206.0,218.0,273.0,236.0,174.0,153.0,113.0,127.0,153.0,251.0,437.0,415.0,467.0,485.0,468.0,434.0,292.0,372.0,388.0,168.0,210.0,299.0,73.0,13.0,20.0,12.0,13.0,12.0,13.0,12.0,13.0,13.0,13.0,13.0,147.0,88.0,127.0,105.0,92.0,109.0,120.0,155.0,144.0,91.0,97.0,95.0,114.0,102.0,5.0,6.0,5.0,5.0,5.0,6.0,4.0,7.0,5.0,4.0,6.0,6.0,5.0,187.0,205.0,238.0,191.0,248.0,295.0,303.0,291.0,290.0,234.0,192.0,201.0,190.0,253.0,274.0,263.0,243.0,248.0,233.0,540.0,460.0,386.0,260.0,265.0,279.0,287.0,190.0,204.0,196.0,184.0,163.0,174.0,214.0,186.0,164.0,176.0,170.0,192.0,201.0,210.0,305.0,384.0,284.0,283.0,256.0,243.0,223.0,286.0,312.0,304.0,348.0,272.0
51,242.0,212.0,251.0,294.0,260.0,249.0,220.0,239.0,243.0,194.0,196.0,196.0,203.0,153.0,142.0,169.0,214.0,180.0,206.0,218.0,273.0,236.0,174.0,153.0,113.0,145.0,299.0,251.0,437.0,415.0,467.0,485.0,468.0,434.0,292.0,372.0,388.0,168.0,208.0,147.0,73.0,13.0,20.0,12.0,13.0,12.0,13.0,12.0,13.0,13.0,13.0,16.0,102.0,88.0,127.0,105.0,92.0,109.0,120.0,155.0,144.0,91.0,97.0,95.0,98.0,5.0,5.0,6.0,5.0,5.0,5.0,6.0,4.0,7.0,5.0,4.0,6.0,5.0,190.0,187.0,205.0,238.0,191.0,248.0,295.0,303.0,291.0,290.0,234.0,192.0,175.0,287.0,253.0,274.0,263.0,243.0,248.0,233.0,540.0,460.0,386.0,260.0,265.0,266.0,201.0,190.0,204.0,196.0,184.0,163.0,174.0,214.0,186.0,164.0,176.0,170.0,163.0,272.0,210.0,305.0,384.0,284.0,283.0,256.0,243.0,223.0,286.0,312.0,304.0,277.0
52,203.0,242.0,212.0,251.0,294.0,260.0,249.0,220.0,239.0,243.0,194.0,196.0,186.0,145.0,153.0,142.0,169.0,214.0,180.0,206.0,218.0,273.0,236.0,174.0,153.0,171.0,208.0,299.0,251.0,437.0,415.0,467.0,485.0,468.0,434.0,292.0,372.0,388.0,193.0,16.0,147.0,73.0,13.0,20.0,12.0,13.0,12.0,13.0,12.0,13.0,13.0,38.0,98.0,102.0,88.0,127.0,105.0,92.0,109.0,120.0,155.0,144.0,91.0,97.0,100.0,5.0,5.0,5.0,6.0,5.0,5.0,5.0,6.0,4.0,7.0,5.0,4.0,6.0,175.0,190.0,187.0,205.0,238.0,191.0,248.0,295.0,303.0,291.0,290.0,234.0,184.0,266.0,287.0,253.0,274.0,263.0,243.0,248.0,233.0,540.0,460.0,386.0,260.0,288.0,163.0,201.0,190.0,204.0,196.0,184.0,163.0,174.0,214.0,186.0,164.0,176.0,174.0,277.0,272.0,210.0,305.0,384.0,284.0,283.0,256.0,243.0,223.0,286.0,312.0,273.0
53,186.0,203.0,242.0,212.0,251.0,294.0,260.0,249.0,220.0,239.0,243.0,194.0,179.0,171.0,145.0,153.0,142.0,169.0,214.0,180.0,206.0,218.0,273.0,236.0,174.0,169.0,193.0,208.0,299.0,251.0,437.0,415.0,467.0,485.0,468.0,434.0,292.0,372.0,266.0,38.0,16.0,147.0,73.0,13.0,20.0,12.0,13.0,12.0,13.0,12.0,13.0,28.0,100.0,98.0,102.0,88.0,127.0,105.0,92.0,109.0,120.0,155.0,144.0,91.0,125.0,6.0,5.0,5.0,5.0,6.0,5.0,5.0,5.0,6.0,4.0,7.0,5.0,4.0,184.0,175.0,190.0,187.0,205.0,238.0,191.0,248.0,295.0,303.0,291.0,290.0,197.0,288.0,266.0,287.0,253.0,274.0,263.0,243.0,248.0,233.0,540.0,460.0,386.0,292.0,174.0,163.0,201.0,190.0,204.0,196.0,184.0,163.0,174.0,214.0,186.0,164.0,174.0,273.0,277.0,272.0,210.0,305.0,384.0,284.0,283.0,256.0,243.0,223.0,286.0,267.0
54,179.0,186.0,203.0,242.0,212.0,251.0,294.0,260.0,249.0,220.0,239.0,243.0,243.0,169.0,171.0,145.0,153.0,142.0,169.0,214.0,180.0,206.0,218.0,273.0,236.0,224.0,266.0,193.0,208.0,299.0,251.0,437.0,415.0,467.0,485.0,468.0,434.0,292.0,564.0,28.0,38.0,16.0,147.0,73.0,13.0,20.0,12.0,13.0,12.0,13.0,12.0,26.0,125.0,100.0,98.0,102.0,88.0,127.0,105.0,92.0,109.0,120.0,155.0,144.0,181.0,4.0,6.0,5.0,5.0,5.0,6.0,5.0,5.0,5.0,6.0,4.0,7.0,6.0,197.0,184.0,175.0,190.0,187.0,205.0,238.0,191.0,248.0,295.0,303.0,291.0,257.0,292.0,288.0,266.0,287.0,253.0,274.0,263.0,243.0,248.0,233.0,540.0,460.0,781.0,174.0,174.0,163.0,201.0,190.0,204.0,196.0,184.0,163.0,174.0,214.0,186.0,196.0,267.0,273.0,277.0,272.0,210.0,305.0,384.0,284.0,283.0,256.0,243.0,223.0,219.0
55,243.0,179.0,186.0,203.0,242.0,212.0,251.0,294.0,260.0,249.0,220.0,239.0,241.0,224.0,169.0,171.0,145.0,153.0,142.0,169.0,214.0,180.0,206.0,218.0,273.0,179.0,564.0,266.0,193.0,208.0,299.0,251.0,437.0,415.0,467.0,485.0,468.0,434.0,430.0,26.0,28.0,38.0,16.0,147.0,73.0,13.0,20.0,12.0,13.0,12.0,13.0,29.0,181.0,125.0,100.0,98.0,102.0,88.0,127.0,105.0,92.0,109.0,120.0,155.0,173.0,6.0,4.0,6.0,5.0,5.0,5.0,6.0,5.0,5.0,5.0,6.0,4.0,9.0,257.0,197.0,184.0,175.0,190.0,187.0,205.0,238.0,191.0,248.0,295.0,303.0,252.0,781.0,292.0,288.0,266.0,287.0,253.0,274.0,263.0,243.0,248.0,233.0,540.0,558.0,196.0,174.0,174.0,163.0,201.0,190.0,204.0,196.0,184.0,163.0,174.0,214.0,208.0,219.0,267.0,273.0,277.0,272.0,210.0,305.0,384.0,284.0,283.0,256.0,243.0,213.0
56,241.0,243.0,179.0,186.0,203.0,242.0,212.0,251.0,294.0,260.0,249.0,220.0,211.0,179.0,224.0,169.0,171.0,145.0,153.0,142.0,169.0,214.0,180.0,206.0,218.0,191.0,430.0,564.0,266.0,193.0,208.0,299.0,251.0,437.0,415.0,467.0,485.0,468.0,279.0,29.0,26.0,28.0,38.0,16.0,147.0,73.0,13.0,20.0,12.0,13.0,12.0,71.0,173.0,181.0,125.0,100.0,98.0,102.0,88.0,127.0,105.0,92.0,109.0,120.0,137.0,9.0,6.0,4.0,6.0,5.0,5.0,5.0,6.0,5.0,5.0,5.0,6.0,9.0,252.0,257.0,197.0,184.0,175.0,190.0,187.0,205.0,238.0,191.0,248.0,295.0,69.0,558.0,781.0,292.0,288.0,266.0,287.0,253.0,274.0,263.0,243.0,248.0,233.0,320.0,208.0,196.0,174.0,174.0,163.0,201.0,190.0,204.0,196.0,184.0,163.0,174.0,187.0,213.0,219.0,267.0,273.0,277.0,272.0,210.0,305.0,384.0,284.0,283.0,256.0,254.0
57,211.0,241.0,243.0,179.0,186.0,203.0,242.0,212.0,251.0,294.0,260.0,249.0,212.0,191.0,179.0,224.0,169.0,171.0,145.0,153.0,142.0,169.0,214.0,180.0,206.0,187.0,279.0,430.0,564.0,266.0,193.0,208.0,299.0,251.0,437.0,415.0,467.0,485.0,343.0,71.0,29.0,26.0,28.0,38.0,16.0,147.0,73.0,13.0,20.0,12.0,13.0,16.0,137.0,173.0,181.0,125.0,100.0,98.0,102.0,88.0,127.0,105.0,92.0,109.0,97.0,9.0,9.0,6.0,4.0,6.0,5.0,5.0,5.0,6.0,5.0,5.0,5.0,5.0,69.0,252.0,257.0,197.0,184.0,175.0,190.0,187.0,205.0,238.0,191.0,248.0,0.0,320.0,558.0,781.0,292.0,288.0,266.0,287.0,253.0,274.0,263.0,243.0,248.0,286.0,187.0,208.0,196.0,174.0,174.0,163.0,201.0,190.0,204.0,196.0,184.0,163.0,193.0,254.0,213.0,219.0,267.0,273.0,277.0,272.0,210.0,305.0,384.0,284.0,283.0,251.0
58,212.0,211.0,241.0,243.0,179.0,186.0,203.0,242.0,212.0,251.0,294.0,260.0,205.0,187.0,191.0,179.0,224.0,169.0,171.0,145.0,153.0,142.0,169.0,214.0,180.0,159.0,343.0,279.0,430.0,564.0,266.0,193.0,208.0,299.0,251.0,437.0,415.0,467.0,475.0,16.0,71.0,29.0,26.0,28.0,38.0,16.0,147.0,73.0,13.0,20.0,12.0,15.0,97.0,137.0,173.0,181.0,125.0,100.0,98.0,102.0,88.0,127.0,105.0,92.0,111.0,5.0,9.0,9.0,6.0,4.0,6.0,5.0,5.0,5.0,6.0,5.0,5.0,7.0,0.0,69.0,252.0,257.0,197.0,184.0,175.0,190.0,187.0,205.0,238.0,191.0,0.0,286.0,320.0,558.0,781.0,292.0,288.0,266.0,287.0,253.0,274.0,263.0,243.0,300.0,193.0,187.0,208.0,196.0,174.0,174.0,163.0,201.0,190.0,204.0,196.0,184.0,205.0,251.0,254.0,213.0,219.0,267.0,273.0,277.0,272.0,210.0,305.0,384.0,284.0,245.0
59,205.0,212.0,211.0,241.0,243.0,179.0,186.0,203.0,242.0,212.0,251.0,294.0,259.0,159.0,187.0,191.0,179.0,224.0,169.0,171.0,145.0,153.0,142.0,169.0,214.0,168.0,475.0,343.0,279.0,430.0,564.0,266.0,193.0,208.0,299.0,251.0,437.0,415.0,453.0,15.0,16.0,71.0,29.0,26.0,28.0,38.0,16.0,147.0,73.0,13.0,20.0,15.0,111.0,97.0,137.0,173.0,181.0,125.0,100.0,98.0,102.0,88.0,127.0,105.0,112.0,7.0,5.0,9.0,9.0,6.0,4.0,6.0,5.0,5.0,5.0,6.0,5.0,6.0,0.0,0.0,69.0,252.0,257.0,197.0,184.0,175.0,190.0,187.0,205.0,238.0,0.0,300.0,286.0,320.0,558.0,781.0,292.0,288.0,266.0,287.0,253.0,274.0,263.0,353.0,205.0,193.0,187.0,208.0,196.0,174.0,174.0,163.0,201.0,190.0,204.0,196.0,250.0,245.0,251.0,254.0,213.0,219.0,267.0,273.0,277.0,272.0,210.0,305.0,384.0,331.0
60,259.0,205.0,212.0,211.0,241.0,243.0,179.0,186.0,203.0,242.0,212.0,251.0,240.0,168.0,159.0,187.0,191.0,179.0,224.0,169.0,171.0,145.0,153.0,142.0,169.0,181.0,453.0,475.0,343.0,279.0,430.0,564.0,266.0,193.0,208.0,299.0,251.0,437.0,422.0,15.0,15.0,16.0,71.0,29.0,26.0,28.0,38.0,16.0,147.0,73.0,13.0,22.0,112.0,111.0,97.0,137.0,173.0,181.0,125.0,100.0,98.0,102.0,88.0,127.0,137.0,6.0,7.0,5.0,9.0,9.0,6.0,4.0,6.0,5.0,5.0,5.0,6.0,5.0,0.0,0.0,0.0,69.0,252.0,257.0,197.0,184.0,175.0,190.0,187.0,205.0,0.0,353.0,300.0,286.0,320.0,558.0,781.0,292.0,288.0,266.0,287.0,253.0,274.0,346.0,250.0,205.0,193.0,187.0,208.0,196.0,174.0,174.0,163.0,201.0,190.0,204.0,234.0,331.0,245.0,251.0,254.0,213.0,219.0,267.0,273.0,277.0,272.0,210.0,305.0,245.0
61,240.0,259.0,205.0,212.0,211.0,241.0,243.0,179.0,186.0,203.0,242.0,212.0,218.0,181.0,168.0,159.0,187.0,191.0,179.0,224.0,169.0,171.0,145.0,153.0,142.0,160.0,422.0,453.0,475.0,343.0,279.0,430.0,564.0,266.0,193.0,208.0,299.0,251.0,216.0,22.0,15.0,15.0,16.0,71.0,29.0,26.0,28.0,38.0,16.0,147.0,73.0,23.0,137.0,112.0,111.0,97.0,137.0,173.0,181.0,125.0,100.0,98.0,102.0,88.0,130.0,5.0,6.0,7.0,5.0,9.0,9.0,6.0,4.0,6.0,5.0,5.0,5.0,6.0,0.0,0.0,0.0,0.0,69.0,252.0,257.0,197.0,184.0,175.0,190.0,187.0,0.0,346.0,353.0,300.0,286.0,320.0,558.0,781.0,292.0,288.0,266.0,287.0,253.0,313.0,234.0,250.0,205.0,193.0,187.0,208.0,196.0,174.0,174.0,163.0,201.0,190.0,223.0,245.0,331.0,245.0,251.0,254.0,213.0,219.0,267.0,273.0,277.0,272.0,210.0,225.0
62,218.0,240.0,259.0,205.0,212.0,211.0,241.0,243.0,179.0,186.0,203.0,242.0,197.0,160.0,181.0,168.0,159.0,187.0,191.0,179.0,224.0,169.0,171.0,145.0,153.0,158.0,216.0,422.0,453.0,475.0,343.0,279.0,430.0,564.0,266.0,193.0,208.0,299.0,327.0,23.0,22.0,15.0,15.0,16.0,71.0,29.0,26.0,28.0,38.0,16.0,147.0,22.0,130.0,137.0,112.0,111.0,97.0,137.0,173.0,181.0,125.0,100.0,98.0,102.0,128.0,6.0,5.0,6.0,7.0,5.0,9.0,9.0,6.0,4.0,6.0,5.0,5.0,28.0,0.0,0.0,0.0,0.0,0.0,69.0,252.0,257.0,197.0,184.0,175.0,190.0,0.0,313.0,346.0,353.0,300.0,286.0,320.0,558.0,781.0,292.0,288.0,266.0,287.0,332.0,223.0,234.0,250.0,205.0,193.0,187.0,208.0,196.0,174.0,174.0,163.0,201.0,203.0,225.0,245.0,331.0,245.0,251.0,254.0,213.0,219.0,267.0,273.0,277.0,272.0,279.0
63,197.0,218.0,240.0,259.0,205.0,212.0,211.0,241.0,243.0,179.0,186.0,203.0,184.0,158.0,160.0,181.0,168.0,159.0,187.0,191.0,179.0,224.0,169.0,171.0,145.0,143.0,327.0,216.0,422.0,453.0,475.0,343.0,279.0,430.0,564.0,266.0,193.0,208.0,196.0,22.0,23.0,22.0,15.0,15.0,16.0,71.0,29.0,26.0,28.0,38.0,16.0,44.0,128.0,130.0,137.0,112.0,111.0,97.0,137.0,173.0,181.0,125.0,100.0,98.0,96.0,28.0,6.0,5.0,6.0,7.0,5.0,9.0,9.0,6.0,4.0,6.0,5.0,17.0,0.0,0.0,0.0,0.0,0.0,0.0,69.0,252.0,257.0,197.0,184.0,175.0,0.0,332.0,313.0,346.0,353.0,300.0,286.0,320.0,558.0,781.0,292.0,288.0,266.0,314.0,203.0,223.0,234.0,250.0,205.0,193.0,187.0,208.0,196.0,174.0,174.0,163.0,162.0,279.0,225.0,245.0,331.0,245.0,251.0,254.0,213.0,219.0,267.0,273.0,277.0,278.0
64,184.0,197.0,218.0,240.0,259.0,205.0,212.0,211.0,241.0,243.0,179.0,186.0,205.0,143.0,158.0,160.0,181.0,168.0,159.0,187.0,191.0,179.0,224.0,169.0,171.0,150.0,196.0,327.0,216.0,422.0,453.0,475.0,343.0,279.0,430.0,564.0,266.0,193.0,366.0,44.0,22.0,23.0,22.0,15.0,15.0,16.0,71.0,29.0,26.0,28.0,38.0,16.0,96.0,128.0,130.0,137.0,112.0,111.0,97.0,137.0,173.0,181.0,125.0,100.0,98.0,17.0,28.0,6.0,5.0,6.0,7.0,5.0,9.0,9.0,6.0,4.0,6.0,14.0,0.0,0.0,0.0,0.0,0.0,0.0,0.0,69.0,252.0,257.0,197.0,184.0,0.0,314.0,332.0,313.0,346.0,353.0,300.0,286.0,320.0,558.0,781.0,292.0,288.0,342.0,162.0,203.0,223.0,234.0,250.0,205.0,193.0,187.0,208.0,196.0,174.0,174.0,165.0,278.0,279.0,225.0,245.0,331.0,245.0,251.0,254.0,213.0,219.0,267.0,273.0,273.0
65,205.0,184.0,197.0,218.0,240.0,259.0,205.0,212.0,211.0,241.0,243.0,179.0,197.0,150.0,143.0,158.0,160.0,181.0,168.0,159.0,187.0,191.0,179.0,224.0,169.0,173.0,366.0,196.0,327.0,216.0,422.0,453.0,475.0,343.0,279.0,430.0,564.0,266.0,235.0,16.0,44.0,22.0,23.0,22.0,15.0,15.0,16.0,71.0,29.0,26.0,28.0,25.0,98.0,96.0,128.0,130.0,137.0,112.0,111.0,97.0,137.0,173.0,181.0,125.0,106.0,14.0,17.0,28.0,6.0,5.0,6.0,7.0,5.0,9.0,9.0,6.0,4.0,15.0,0.0,0.0,0.0,0.0,0.0,0.0,0.0,0.0,69.0,252.0,257.0,197.0,0.0,342.0,314.0,332.0,313.0,346.0,353.0,300.0,286.0,320.0,558.0,781.0,292.0,366.0,165.0,162.0,203.0,223.0,234.0,250.0,205.0,193.0,187.0,208.0,196.0,174.0,180.0,273.0,278.0,279.0,225.0,245.0,331.0,245.0,251.0,254.0,213.0,219.0,267.0,246.0
66,197.0,205.0,184.0,197.0,218.0,240.0,259.0,205.0,212.0,211.0,241.0,243.0,308.0,173.0,150.0,143.0,158.0,160.0,181.0,168.0,159.0,187.0,191.0,179.0,224.0,227.0,235.0,366.0,196.0,327.0,216.0,422.0,453.0,475.0,343.0,279.0,430.0,564.0,509.0,25.0,16.0,44.0,22.0,23.0,22.0,15.0,15.0,16.0,71.0,29.0,26.0,19.0,106.0,98.0,96.0,128.0,130.0,137.0,112.0,111.0,97.0,137.0,173.0,181.0,185.0,15.0,14.0,17.0,28.0,6.0,5.0,6.0,7.0,5.0,9.0,9.0,6.0,14.0,0.0,0.0,0.0,0.0,0.0,0.0,0.0,0.0,0.0,69.0,252.0,257.0,0.0,366.0,342.0,314.0,332.0,313.0,346.0,353.0,300.0,286.0,320.0,558.0,781.0,579.0,180.0,165.0,162.0,203.0,223.0,234.0,250.0,205.0,193.0,187.0,208.0,196.0,203.0,246.0,273.0,278.0,279.0,225.0,245.0,331.0,245.0,251.0,254.0,213.0,219.0,261.0
67,308.0,197.0,205.0,184.0,197.0,218.0,240.0,259.0,205.0,212.0,211.0,241.0,270.0,227.0,173.0,150.0,143.0,158.0,160.0,181.0,168.0,159.0,187.0,191.0,179.0,220.0,509.0,235.0,366.0,196.0,327.0,216.0,422.0,453.0,475.0,343.0,279.0,430.0,372.0,19.0,25.0,16.0,44.0,22.0,23.0,22.0,15.0,15.0,16.0,71.0,29.0,81.0,185.0,106.0,98.0,96.0,128.0,130.0,137.0,112.0,111.0,97.0,137.0,173.0,166.0,14.0,15.0,14.0,17.0,28.0,6.0,5.0,6.0,7.0,5.0,9.0,9.0,6.0,0.0,0.0,0.0,0.0,0.0,0.0,0.0,0.0,0.0,0.0,69.0,252.0,0.0,579.0,366.0,342.0,314.0,332.0,313.0,346.0,353.0,300.0,286.0,320.0,558.0,371.0,203.0,180.0,165.0,162.0,203.0,223.0,234.0,250.0,205.0,193.0,187.0,208.0,192.0,261.0,246.0,273.0,278.0,279.0,225.0,245.0,331.0,245.0,251.0,254.0,213.0,216.0
68,270.0,308.0,197.0,205.0,184.0,197.0,218.0,240.0,259.0,205.0,212.0,211.0,219.0,220.0,227.0,173.0,150.0,143.0,158.0,160.0,181.0,168.0,159.0,187.0,191.0,157.0,372.0,509.0,235.0,366.0,196.0,327.0,216.0,422.0,453.0,475.0,343.0,279.0,332.0,81.0,19.0,25.0,16.0,44.0,22.0,23.0,22.0,15.0,15.0,16.0,71.0,10.0,166.0,185.0,106.0,98.0,96.0,128.0,130.0,137.0,112.0,111.0,97.0,137.0,108.0,6.0,14.0,15.0,14.0,17.0,28.0,6.0,5.0,6.0,7.0,5.0,9.0,6.0,0.0,0.0,0.0,0.0,0.0,0.0,0.0,0.0,0.0,0.0,0.0,69.0,0.0,371.0,579.0,366.0,342.0,314.0,332.0,313.0,346.0,353.0,300.0,286.0,320.0,266.0,192.0,203.0,180.0,165.0,162.0,203.0,223.0,234.0,250.0,205.0,193.0,187.0,185.0,216.0,261.0,246.0,273.0,278.0,279.0,225.0,245.0,331.0,245.0,251.0,254.0,241.0
69,219.0,270.0,308.0,197.0,205.0,184.0,197.0,218.0,240.0,259.0,205.0,212.0,211.0,157.0,220.0,227.0,173.0,150.0,143.0,158.0,160.0,181.0,168.0,159.0,187.0,161.0,332.0,372.0,509.0,235.0,366.0,196.0,327.0,216.0,422.0,453.0,475.0,343.0,270.0,10.0,81.0,19.0,25.0,16.0,44.0,22.0,23.0,22.0,15.0,15.0,16.0,13.0,108.0,166.0,185.0,106.0,98.0,96.0,128.0,130.0,137.0,112.0,111.0,97.0,96.0,6.0,6.0,14.0,15.0,14.0,17.0,28.0,6.0,5.0,6.0,7.0,5.0,6.0,0.0,0.0,0.0,0.0,0.0,0.0,0.0,0.0,0.0,0.0,0.0,0.0,0.0,266.0,371.0,579.0,366.0,342.0,314.0,332.0,313.0,346.0,353.0,300.0,286.0,314.0,185.0,192.0,203.0,180.0,165.0,162.0,203.0,223.0,234.0,250.0,205.0,193.0,180.0,241.0,216.0,261.0,246.0,273.0,278.0,279.0,225.0,245.0,331.0,245.0,251.0,290.0
70,211.0,219.0,270.0,308.0,197.0,205.0,184.0,197.0,218.0,240.0,259.0,205.0,210.0,161.0,157.0,220.0,227.0,173.0,150.0,143.0,158.0,160.0,181.0,168.0,159.0,164.0,270.0,332.0,372.0,509.0,235.0,366.0,196.0,327.0,216.0,422.0,453.0,475.0,347.0,13.0,10.0,81.0,19.0,25.0,16.0,44.0,22.0,23.0,22.0,15.0,15.0,35.0,96.0,108.0,166.0,185.0,106.0,98.0,96.0,128.0,130.0,137.0,112.0,111.0,119.0,6.0,6.0,6.0,14.0,15.0,14.0,17.0,28.0,6.0,5.0,6.0,7.0,6.0,0.0,0.0,0.0,0.0,0.0,0.0,0.0,0.0,0.0,0.0,0.0,0.0,0.0,314.0,266.0,371.0,579.0,366.0,342.0,314.0,332.0,313.0,346.0,353.0,300.0,315.0,180.0,185.0,192.0,203.0,180.0,165.0,162.0,203.0,223.0,234.0,250.0,205.0,202.0,290.0,241.0,216.0,261.0,246.0,273.0,278.0,279.0,225.0,245.0,331.0,245.0,298.0
71,210.0,211.0,219.0,270.0,308.0,197.0,205.0,184.0,197.0,218.0,240.0,259.0,249.0,164.0,161.0,157.0,220.0,227.0,173.0,150.0,143.0,158.0,160.0,181.0,168.0,122.0,347.0,270.0,332.0,372.0,509.0,235.0,366.0,196.0,327.0,216.0,422.0,453.0,301.0,35.0,13.0,10.0,81.0,19.0,25.0,16.0,44.0,22.0,23.0,22.0,15.0,67.0,119.0,96.0,108.0,166.0,185.0,106.0,98.0,96.0,128.0,130.0,137.0,112.0,151.0,6.0,6.0,6.0,6.0,14.0,15.0,14.0,17.0,28.0,6.0,5.0,6.0,6.0,0.0,0.0,0.0,0.0,0.0,0.0,0.0,0.0,0.0,0.0,0.0,0.0,0.0,315.0,314.0,266.0,371.0,579.0,366.0,342.0,314.0,332.0,313.0,346.0,353.0,366.0,202.0,180.0,185.0,192.0,203.0,180.0,165.0,162.0,203.0,223.0,234.0,250.0,254.0,298.0,290.0,241.0,216.0,261.0,246.0,273.0,278.0,279.0,225.0,245.0,331.0,405.0
72,249.0,210.0,211.0,219.0,270.0,308.0,197.0,205.0,184.0,197.0,218.0,240.0,260.0,122.0,164.0,161.0,157.0,220.0,227.0,173.0,150.0,143.0,158.0,160.0,181.0,169.0,301.0,347.0,270.0,332.0,372.0,509.0,235.0,366.0,196.0,327.0,216.0,422.0,345.0,67.0,35.0,13.0,10.0,81.0,19.0,25.0,16.0,44.0,22.0,23.0,22.0,51.0,151.0,119.0,96.0,108.0,166.0,185.0,106.0,98.0,96.0,128.0,130.0,137.0,181.0,6.0,6.0,6.0,6.0,6.0,14.0,15.0,14.0,17.0,28.0,6.0,5.0,5.0,0.0,0.0,0.0,0.0,0.0,0.0,0.0,0.0,0.0,0.0,0.0,0.0,0.0,366.0,315.0,314.0,266.0,371.0,579.0,366.0,342.0,314.0,332.0,313.0,346.0,351.0,254.0,202.0,180.0,185.0,192.0,203.0,180.0,165.0,162.0,203.0,223.0,234.0,217.0,405.0,298.0,290.0,241.0,216.0,261.0,246.0,273.0,278.0,279.0,225.0,245.0,354.0
73,260.0,249.0,210.0,211.0,219.0,270.0,308.0,197.0,205.0,184.0,197.0,218.0,204.0,169.0,122.0,164.0,161.0,157.0,220.0,227.0,173.0,150.0,143.0,158.0,160.0,154.0,345.0,301.0,347.0,270.0,332.0,372.0,509.0,235.0,366.0,196.0,327.0,216.0,287.0,51.0,67.0,35.0,13.0,10.0,81.0,19.0,25.0,16.0,44.0,22.0,23.0,20.0,181.0,151.0,119.0,96.0,108.0,166.0,185.0,106.0,98.0,96.0,128.0,130.0,142.0,5.0,6.0,6.0,6.0,6.0,6.0,14.0,15.0,14.0,17.0,28.0,6.0,6.0,0.0,0.0,0.0,0.0,0.0,0.0,0.0,0.0,0.0,0.0,0.0,0.0,0.0,351.0,366.0,315.0,314.0,266.0,371.0,579.0,366.0,342.0,314.0,332.0,313.0,348.0,217.0,254.0,202.0,180.0,185.0,192.0,203.0,180.0,165.0,162.0,203.0,223.0,178.0,354.0,405.0,298.0,290.0,241.0,216.0,261.0,246.0,273.0,278.0,279.0,225.0,276.0
74,204.0,260.0,249.0,210.0,211.0,219.0,270.0,308.0,197.0,205.0,184.0,197.0,220.0,154.0,169.0,122.0,164.0,161.0,157.0,220.0,227.0,173.0,150.0,143.0,158.0,146.0,287.0,345.0,301.0,347.0,270.0,332.0,372.0,509.0,235.0,366.0,196.0,327.0,320.0,20.0,51.0,67.0,35.0,13.0,10.0,81.0,19.0,25.0,16.0,44.0,22.0,50.0,142.0,181.0,151.0,119.0,96.0,108.0,166.0,185.0,106.0,98.0,96.0,128.0,131.0,6.0,5.0,6.0,6.0,6.0,6.0,6.0,14.0,15.0,14.0,17.0,28.0,6.0,0.0,0.0,0.0,0.0,0.0,0.0,0.0,0.0,0.0,0.0,0.0,0.0,0.0,348.0,351.0,366.0,315.0,314.0,266.0,371.0,579.0,366.0,342.0,314.0,332.0,371.0,178.0,217.0,254.0,202.0,180.0,185.0,192.0,203.0,180.0,165.0,162.0,203.0,190.0,276.0,354.0,405.0,298.0,290.0,241.0,216.0,261.0,246.0,273.0,278.0,279.0,318.0
75,220.0,204.0,260.0,249.0,210.0,211.0,219.0,270.0,308.0,197.0,205.0,184.0,198.0,146.0,154.0,169.0,122.0,164.0,161.0,157.0,220.0,227.0,173.0,150.0,143.0,150.0,320.0,287.0,345.0,301.0,347.0,270.0,332.0,372.0,509.0,235.0,366.0,196.0,283.0,50.0,20.0,51.0,67.0,35.0,13.0,10.0,81.0,19.0,25.0,16.0,44.0,138.0,131.0,142.0,181.0,151.0,119.0,96.0,108.0,166.0,185.0,106.0,98.0,96.0,109.0,6.0,6.0,5.0,6.0,6.0,6.0,6.0,6.0,14.0,15.0,14.0,17.0,5.0,0.0,0.0,0.0,0.0,0.0,0.0,0.0,0.0,0.0,0.0,0.0,0.0,0.0,371.0,348.0,351.0,366.0,315.0,314.0,266.0,371.0,579.0,366.0,342.0,314.0,358.0,190.0,178.0,217.0,254.0,202.0,180.0,185.0,192.0,203.0,180.0,165.0,162.0,165.0,318.0,276.0,354.0,405.0,298.0,290.0,241.0,216.0,261.0,246.0,273.0,278.0,300.0
76,198.0,220.0,204.0,260.0,249.0,210.0,211.0,219.0,270.0,308.0,197.0,205.0,199.0,150.0,146.0,154.0,169.0,122.0,164.0,161.0,157.0,220.0,227.0,173.0,150.0,160.0,283.0,320.0,287.0,345.0,301.0,347.0,270.0,332.0,372.0,509.0,235.0,366.0,205.0,138.0,50.0,20.0,51.0,67.0,35.0,13.0,10.0,81.0,19.0,25.0,16.0,20.0,109.0,131.0,142.0,181.0,151.0,119.0,96.0,108.0,166.0,185.0,106.0,98.0,104.0,5.0,6.0,6.0,5.0,6.0,6.0,6.0,6.0,6.0,14.0,15.0,14.0,6.0,0.0,0.0,0.0,0.0,0.0,0.0,0.0,0.0,0.0,0.0,0.0,0.0,0.0,358.0,371.0,348.0,351.0,366.0,315.0,314.0,266.0,371.0,579.0,366.0,342.0,330.0,165.0,190.0,178.0,217.0,254.0,202.0,180.0,185.0,192.0,203.0,180.0,165.0,191.0,300.0,318.0,276.0,354.0,405.0,298.0,290.0,241.0,216.0,261.0,246.0,273.0,292.0
77,199.0,198.0,220.0,204.0,260.0,249.0,210.0,211.0,219.0,270.0,308.0,197.0,238.0,160.0,150.0,146.0,154.0,169.0,122.0,164.0,161.0,157.0,220.0,227.0,173.0,181.0,205.0,283.0,320.0,287.0,345.0,301.0,347.0,270.0,332.0,372.0,509.0,235.0,344.0,20.0,138.0,50.0,20.0,51.0,67.0,35.0,13.0,10.0,81.0,19.0,25.0,9.0,104.0,109.0,131.0,142.0,181.0,151.0,119.0,96.0,108.0,166.0,185.0,106.0,130.0,6.0,5.0,6.0,6.0,5.0,6.0,6.0,6.0,6.0,6.0,14.0,15.0,3.0,0.0,0.0,0.0,0.0,0.0,0.0,0.0,0.0,0.0,0.0,0.0,0.0,8.0,330.0,358.0,371.0,348.0,351.0,366.0,315.0,314.0,266.0,371.0,579.0,366.0,463.0,191.0,165.0,190.0,178.0,217.0,254.0,202.0,180.0,185.0,192.0,203.0,180.0,204.0,292.0,300.0,318.0,276.0,354.0,405.0,298.0,290.0,241.0,216.0,261.0,246.0,277.0
78,238.0,199.0,198.0,220.0,204.0,260.0,249.0,210.0,211.0,219.0,270.0,308.0,300.0,181.0,160.0,150.0,146.0,154.0,169.0,122.0,164.0,161.0,157.0,220.0,227.0,203.0,344.0,205.0,283.0,320.0,287.0,345.0,301.0,347.0,270.0,332.0,372.0,509.0,452.0,9.0,20.0,138.0,50.0,20.0,51.0,67.0,35.0,13.0,10.0,81.0,19.0,22.0,130.0,104.0,109.0,131.0,142.0,181.0,151.0,119.0,96.0,108.0,166.0,185.0,180.0,3.0,6.0,5.0,6.0,6.0,5.0,6.0,6.0,6.0,6.0,6.0,14.0,3.0,8.0,0.0,0.0,0.0,0.0,0.0,0.0,0.0,0.0,0.0,0.0,0.0,63.0,463.0,330.0,358.0,371.0,348.0,351.0,366.0,315.0,314.0,266.0,371.0,579.0,667.0,204.0,191.0,165.0,190.0,178.0,217.0,254.0,202.0,180.0,185.0,192.0,203.0,209.0,277.0,292.0,300.0,318.0,276.0,354.0,405.0,298.0,290.0,241.0,216.0,261.0,279.0
79,300.0,238.0,199.0,198.0,220.0,204.0,260.0,249.0,210.0,211.0,219.0,270.0,336.0,203.0,181.0,160.0,150.0,146.0,154.0,169.0,122.0,164.0,161.0,157.0,220.0,256.0,452.0,344.0,205.0,283.0,320.0,287.0,345.0,301.0,347.0,270.0,332.0,372.0,457.0,22.0,9.0,20.0,138.0,50.0,20.0,51.0,67.0,35.0,13.0,10.0,81.0,192.0,180.0,130.0,104.0,109.0,131.0,142.0,181.0,151.0,119.0,96.0,108.0,166.0,166.0,3.0,3.0,6.0,5.0,6.0,6.0,5.0,6.0,6.0,6.0,6.0,6.0,9.0,63.0,8.0,0.0,0.0,0.0,0.0,0.0,0.0,0.0,0.0,0.0,0.0,198.0,667.0,463.0,330.0,358.0,371.0,348.0,351.0,366.0,315.0,314.0,266.0,371.0,625.0,209.0,204.0,191.0,165.0,190.0,178.0,217.0,254.0,202.0,180.0,185.0,192.0,224.0,279.0,277.0,292.0,300.0,318.0,276.0,354.0,405.0,298.0,290.0,241.0,216.0,281.0
80,336.0,300.0,238.0,199.0,198.0,220.0,204.0,260.0,249.0,210.0,211.0,219.0,206.0,256.0,203.0,181.0,160.0,150.0,146.0,154.0,169.0,122.0,164.0,161.0,157.0,203.0,457.0,452.0,344.0,205.0,283.0,320.0,287.0,345.0,301.0,347.0,270.0,332.0,332.0,192.0,22.0,9.0,20.0,138.0,50.0,20.0,51.0,67.0,35.0,13.0,10.0,11.0,166.0,180.0,130.0,104.0,109.0,131.0,142.0,181.0,151.0,119.0,96.0,108.0,115.0,9.0,3.0,3.0,6.0,5.0,6.0,6.0,5.0,6.0,6.0,6.0,6.0,8.0,198.0,63.0,8.0,0.0,0.0,0.0,0.0,0.0,0.0,0.0,0.0,0.0,167.0,625.0,667.0,463.0,330.0,358.0,371.0,348.0,351.0,366.0,315.0,314.0,266.0,323.0,224.0,209.0,204.0,191.0,165.0,190.0,178.0,217.0,254.0,202.0,180.0,185.0,192.0,281.0,279.0,277.0,292.0,300.0,318.0,276.0,354.0,405.0,298.0,290.0,241.0,269.0
81,206.0,336.0,300.0,238.0,199.0,198.0,220.0,204.0,260.0,249.0,210.0,211.0,201.0,203.0,256.0,203.0,181.0,160.0,150.0,146.0,154.0,169.0,122.0,164.0,161.0,186.0,332.0,457.0,452.0,344.0,205.0,283.0,320.0,287.0,345.0,301.0,347.0,270.0,503.0,11.0,192.0,22.0,9.0,20.0,138.0,50.0,20.0,51.0,67.0,35.0,13.0,11.0,115.0,166.0,180.0,130.0,104.0,109.0,131.0,142.0,181.0,151.0,119.0,96.0,103.0,8.0,9.0,3.0,3.0,6.0,5.0,6.0,6.0,5.0,6.0,6.0,6.0,7.0,167.0,198.0,63.0,8.0,0.0,0.0,0.0,0.0,0.0,0.0,0.0,0.0,147.0,323.0,625.0,667.0,463.0,330.0,358.0,371.0,348.0,351.0,366.0,315.0,314.0,342.0,192.0,224.0,209.0,204.0,191.0,165.0,190.0,178.0,217.0,254.0,202.0,180.0,174.0,269.0,281.0,279.0,277.0,292.0,300.0,318.0,276.0,354.0,405.0,298.0,290.0,265.0
82,201.0,206.0,336.0,300.0,238.0,199.0,198.0,220.0,204.0,260.0,249.0,210.0,214.0,186.0,203.0,256.0,203.0,181.0,160.0,150.0,146.0,154.0,169.0,122.0,164.0,188.0,503.0,332.0,457.0,452.0,344.0,205.0,283.0,320.0,287.0,345.0,301.0,347.0,440.0,11.0,11.0,192.0,22.0,9.0,20.0,138.0,50.0,20.0,51.0,67.0,35.0,15.0,103.0,115.0,166.0,180.0,130.0,104.0,109.0,131.0,142.0,181.0,151.0,119.0,164.0,7.0,8.0,9.0,3.0,3.0,6.0,5.0,6.0,6.0,5.0,6.0,6.0,6.0,147.0,167.0,198.0,63.0,8.0,0.0,0.0,0.0,0.0,0.0,0.0,0.0,154.0,342.0,323.0,625.0,667.0,463.0,330.0,358.0,371.0,348.0,351.0,366.0,315.0,339.0,174.0,192.0,224.0,209.0,204.0,191.0,165.0,190.0,178.0,217.0,254.0,202.0,180.0,265.0,269.0,281.0,279.0,277.0,292.0,300.0,318.0,276.0,354.0,405.0,298.0,248.0
83,214.0,201.0,206.0,336.0,300.0,238.0,199.0,198.0,220.0,204.0,260.0,249.0,263.0,188.0,186.0,203.0,256.0,203.0,181.0,160.0,150.0,146.0,154.0,169.0,122.0,234.0,440.0,503.0,332.0,457.0,452.0,344.0,205.0,283.0,320.0,287.0,345.0,301.0,514.0,15.0,11.0,11.0,192.0,22.0,9.0,20.0,138.0,50.0,20.0,51.0,67.0,211.0,164.0,103.0,115.0,166.0,180.0,130.0,104.0,109.0,131.0,142.0,181.0,151.0,193.0,6.0,7.0,8.0,9.0,3.0,3.0,6.0,5.0,6.0,6.0,5.0,6.0,34.0,154.0,147.0,167.0,198.0,63.0,8.0,0.0,0.0,0.0,0.0,0.0,0.0,316.0,339.0,342.0,323.0,625.0,667.0,463.0,330.0,358.0,371.0,348.0,351.0,366.0,406.0,180.0,174.0,192.0,224.0,209.0,204.0,191.0,165.0,190.0,178.0,217.0,254.0,249.0,248.0,265.0,269.0,281.0,279.0,277.0,292.0,300.0,318.0,276.0,354.0,405.0,433.0
84,263.0,214.0,201.0,206.0,336.0,300.0,238.0,199.0,198.0,220.0,204.0,260.0,231.0,234.0,188.0,186.0,203.0,256.0,203.0,181.0,160.0,150.0,146.0,154.0,169.0,215.0,514.0,440.0,503.0,332.0,457.0,452.0,344.0,205.0,283.0,320.0,287.0,345.0,484.0,211.0,15.0,11.0,11.0,192.0,22.0,9.0,20.0,138.0,50.0,20.0,51.0,9.0,193.0,164.0,103.0,115.0,166.0,180.0,130.0,104.0,109.0,131.0,142.0,181.0,197.0,34.0,6.0,7.0,8.0,9.0,3.0,3.0,6.0,5.0,6.0,6.0,5.0,28.0,316.0,154.0,147.0,167.0,198.0,63.0,8.0,0.0,0.0,0.0,0.0,0.0,338.0,406.0,339.0,342.0,323.0,625.0,667.0,463.0,330.0,358.0,371.0,348.0,351.0,381.0,249.0,180.0,174.0,192.0,224.0,209.0,204.0,191.0,165.0,190.0,178.0,217.0,220.0,433.0,248.0,265.0,269.0,281.0,279.0,277.0,292.0,300.0,318.0,276.0,354.0,309.0
85,231.0,263.0,214.0,201.0,206.0,336.0,300.0,238.0,199.0,198.0,220.0,204.0,225.0,215.0,234.0,188.0,186.0,203.0,256.0,203.0,181.0,160.0,150.0,146.0,154.0,193.0,484.0,514.0,440.0,503.0,332.0,457.0,452.0,344.0,205.0,283.0,320.0,287.0,443.0,9.0,211.0,15.0,11.0,11.0,192.0,22.0,9.0,20.0,138.0,50.0,20.0,9.0,197.0,193.0,164.0,103.0,115.0,166.0,180.0,130.0,104.0,109.0,131.0,142.0,184.0,28.0,34.0,6.0,7.0,8.0,9.0,3.0,3.0,6.0,5.0,6.0,6.0,10.0,338.0,316.0,154.0,147.0,167.0,198.0,63.0,8.0,0.0,0.0,0.0,0.0,317.0,381.0,406.0,339.0,342.0,323.0,625.0,667.0,463.0,330.0,358.0,371.0,348.0,342.0,220.0,249.0,180.0,174.0,192.0,224.0,209.0,204.0,191.0,165.0,190.0,178.0,178.0,309.0,433.0,248.0,265.0,269.0,281.0,279.0,277.0,292.0,300.0,318.0,276.0,286.0
86,225.0,231.0,263.0,214.0,201.0,206.0,336.0,300.0,238.0,199.0,198.0,220.0,238.0,193.0,215.0,234.0,188.0,186.0,203.0,256.0,203.0,181.0,160.0,150.0,146.0,201.0,443.0,484.0,514.0,440.0,503.0,332.0,457.0,452.0,344.0,205.0,283.0,320.0,461.0,9.0,9.0,211.0,15.0,11.0,11.0,192.0,22.0,9.0,20.0,138.0,50.0,12.0,184.0,197.0,193.0,164.0,103.0,115.0,166.0,180.0,130.0,104.0,109.0,131.0,241.0,10.0,28.0,34.0,6.0,7.0,8.0,9.0,3.0,3.0,6.0,5.0,6.0,12.0,317.0,338.0,316.0,154.0,147.0,167.0,198.0,63.0,8.0,0.0,0.0,0.0,249.0,342.0,381.0,406.0,339.0,342.0,323.0,625.0,667.0,463.0,330.0,358.0,371.0,397.0,178.0,220.0,249.0,180.0,174.0,192.0,224.0,209.0,204.0,191.0,165.0,190.0,217.0,286.0,309.0,433.0,248.0,265.0,269.0,281.0,279.0,277.0,292.0,300.0,318.0,343.0
87,238.0,225.0,231.0,263.0,214.0,201.0,206.0,336.0,300.0,238.0,199.0,198.0,163.0,201.0,193.0,215.0,234.0,188.0,186.0,203.0,256.0,203.0,181.0,160.0,150.0,175.0,461.0,443.0,484.0,514.0,440.0,503.0,332.0,457.0,452.0,344.0,205.0,283.0,359.0,12.0,9.0,9.0,211.0,15.0,11.0,11.0,192.0,22.0,9.0,20.0,138.0,10.0,241.0,184.0,197.0,193.0,164.0,103.0,115.0,166.0,180.0,130.0,104.0,109.0,165.0,12.0,10.0,28.0,34.0,6.0,7.0,8.0,9.0,3.0,3.0,6.0,5.0,8.0,249.0,317.0,338.0,316.0,154.0,147.0,167.0,198.0,63.0,8.0,0.0,0.0,168.0,397.0,342.0,381.0,406.0,339.0,342.0,323.0,625.0,667.0,463.0,330.0,358.0,360.0,217.0,178.0,220.0,249.0,180.0,174.0,192.0,224.0,209.0,204.0,191.0,165.0,181.0,343.0,286.0,309.0,433.0,248.0,265.0,269.0,281.0,279.0,277.0,292.0,300.0,302.0
88,163.0,238.0,225.0,231.0,263.0,214.0,201.0,206.0,336.0,300.0,238.0,199.0,177.0,175.0,201.0,193.0,215.0,234.0,188.0,186.0,203.0,256.0,203.0,181.0,160.0,195.0,359.0,461.0,443.0,484.0,514.0,440.0,503.0,332.0,457.0,452.0,344.0,205.0,347.0,10.0,12.0,9.0,9.0,211.0,15.0,11.0,11.0,192.0,22.0,9.0,20.0,10.0,165.0,241.0,184.0,197.0,193.0,164.0,103.0,115.0,166.0,180.0,130.0,104.0,142.0,8.0,12.0,10.0,28.0,34.0,6.0,7.0,8.0,9.0,3.0,3.0,6.0,6.0,168.0,249.0,317.0,338.0,316.0,154.0,147.0,167.0,198.0,63.0,8.0,0.0,185.0,360.0,397.0,342.0,381.0,406.0,339.0,342.0,323.0,625.0,667.0,463.0,330.0,350.0,181.0,217.0,178.0,220.0,249.0,180.0,174.0,192.0,224.0,209.0,204.0,191.0,186.0,302.0,343.0,286.0,309.0,433.0,248.0,265.0,269.0,281.0,279.0,277.0,292.0,278.0
89,177.0,163.0,238.0,225.0,231.0,263.0,214.0,201.0,206.0,336.0,300.0,238.0,173.0,195.0,175.0,201.0,193.0,215.0,234.0,188.0,186.0,203.0,256.0,203.0,181.0,193.0,347.0,359.0,461.0,443.0,484.0,514.0,440.0,503.0,332.0,457.0,452.0,344.0,312.0,10.0,10.0,12.0,9.0,9.0,211.0,15.0,11.0,11.0,192.0,22.0,9.0,11.0,142.0,165.0,241.0,184.0,197.0,193.0,164.0,103.0,115.0,166.0,180.0,130.0,128.0,6.0,8.0,12.0,10.0,28.0,34.0,6.0,7.0,8.0,9.0,3.0,3.0,7.0,185.0,168.0,249.0,317.0,338.0,316.0,154.0,147.0,167.0,198.0,63.0,8.0,191.0,350.0,360.0,397.0,342.0,381.0,406.0,339.0,342.0,323.0,625.0,667.0,463.0,325.0,186.0,181.0,217.0,178.0,220.0,249.0,180.0,174.0,192.0,224.0,209.0,204.0,191.0,278.0,302.0,343.0,286.0,309.0,433.0,248.0,265.0,269.0,281.0,279.0,277.0,285.0
90,173.0,177.0,163.0,238.0,225.0,231.0,263.0,214.0,201.0,206.0,336.0,300.0,273.0,193.0,195.0,175.0,201.0,193.0,215.0,234.0,188.0,186.0,203.0,256.0,203.0,203.0,312.0,347.0,359.0,461.0,443.0,484.0,514.0,440.0,503.0,332.0,457.0,452.0,531.0,11.0,10.0,10.0,12.0,9.0,9.0,211.0,15.0,11.0,11.0,192.0,22.0,21.0,128.0,142.0,165.0,241.0,184.0,197.0,193.0,164.0,103.0,115.0,166.0,180.0,205.0,7.0,6.0,8.0,12.0,10.0,28.0,34.0,6.0,7.0,8.0,9.0,3.0,8.0,191.0,185.0,168.0,249.0,317.0,338.0,316.0,154.0,147.0,167.0,198.0,63.0,209.0,325.0,350.0,360.0,397.0,342.0,381.0,406.0,339.0,342.0,323.0,625.0,667.0,465.0,191.0,186.0,181.0,217.0,178.0,220.0,249.0,180.0,174.0,192.0,224.0,209.0,227.0,285.0,278.0,302.0,343.0,286.0,309.0,433.0,248.0,265.0,269.0,281.0,279.0,251.0
91,273.0,173.0,177.0,163.0,238.0,225.0,231.0,263.0,214.0,201.0,206.0,336.0,326.0,203.0,193.0,195.0,175.0,201.0,193.0,215.0,234.0,188.0,186.0,203.0,256.0,242.0,531.0,312.0,347.0,359.0,461.0,443.0,484.0,514.0,440.0,503.0,332.0,457.0,550.0,21.0,11.0,10.0,10.0,12.0,9.0,9.0,211.0,15.0,11.0,11.0,192.0,167.0,205.0,128.0,142.0,165.0,241.0,184.0,197.0,193.0,164.0,103.0,115.0,166.0,212.0,8.0,7.0,6.0,8.0,12.0,10.0,28.0,34.0,6.0,7.0,8.0,9.0,7.0,209.0,191.0,185.0,168.0,249.0,317.0,338.0,316.0,154.0,147.0,167.0,198.0,202.0,465.0,325.0,350.0,360.0,397.0,342.0,381.0,406.0,339.0,342.0,323.0,625.0,518.0,227.0,191.0,186.0,181.0,217.0,178.0,220.0,249.0,180.0,174.0,192.0,224.0,223.0,251.0,285.0,278.0,302.0,343.0,286.0,309.0,433.0,248.0,265.0,269.0,281.0,253.0
92,326.0,273.0,173.0,177.0,163.0,238.0,225.0,231.0,263.0,214.0,201.0,206.0,190.0,242.0,203.0,193.0,195.0,175.0,201.0,193.0,215.0,234.0,188.0,186.0,203.0,175.0,550.0,531.0,312.0,347.0,359.0,461.0,443.0,484.0,514.0,440.0,503.0,332.0,334.0,167.0,21.0,11.0,10.0,10.0,12.0,9.0,9.0,211.0,15.0,11.0,11.0,10.0,212.0,205.0,128.0,142.0,165.0,241.0,184.0,197.0,193.0,164.0,103.0,115.0,146.0,7.0,8.0,7.0,6.0,8.0,12.0,10.0,28.0,34.0,6.0,7.0,8.0,10.0,202.0,209.0,191.0,185.0,168.0,249.0,317.0,338.0,316.0,154.0,147.0,167.0,200.0,518.0,465.0,325.0,350.0,360.0,397.0,342.0,381.0,406.0,339.0,342.0,323.0,291.0,223.0,227.0,191.0,186.0,181.0,217.0,178.0,220.0,249.0,180.0,174.0,192.0,205.0,253.0,251.0,285.0,278.0,302.0,343.0,286.0,309.0,433.0,248.0,265.0,269.0,246.0
93,190.0,326.0,273.0,173.0,177.0,163.0,238.0,225.0,231.0,263.0,214.0,201.0,197.087,175.0,242.0,203.0,193.0,195.0,175.0,201.0,193.0,215.0,234.0,188.0,186.0,156.57,334.0,550.0,531.0,312.0,347.0,359.0,461.0,443.0,484.0,514.0,440.0,503.0,370.319,10.0,167.0,21.0,11.0,10.0,10.0,12.0,9.0,9.0,211.0,15.0,11.0,11.822,146.0,212.0,205.0,128.0,142.0,165.0,241.0,184.0,197.0,193.0,164.0,103.0,137.498,10.0,7.0,8.0,7.0,6.0,8.0,12.0,10.0,28.0,34.0,6.0,7.0,9.09,200.0,202.0,209.0,191.0,185.0,168.0,249.0,317.0,338.0,316.0,154.0,147.0,200.836,291.0,518.0,465.0,325.0,350.0,360.0,397.0,342.0,381.0,406.0,339.0,342.0,332.342,205.0,223.0,227.0,191.0,186.0,181.0,217.0,178.0,220.0,249.0,180.0,174.0,186.498,246.0,253.0,251.0,285.0,278.0,302.0,343.0,286.0,309.0,433.0,248.0,265.0,379.39
94,197.087,190.0,326.0,273.0,173.0,177.0,163.0,238.0,225.0,231.0,263.0,214.0,188.317,156.57,175.0,242.0,203.0,193.0,195.0,175.0,201.0,193.0,215.0,234.0,188.0,151.15200000000002,370.319,334.0,550.0,531.0,312.0,347.0,359.0,461.0,443.0,484.0,514.0,440.0,451.57,11.822,10.0,167.0,21.0,11.0,10.0,10.0,12.0,9.0,9.0,211.0,15.0,9.881,137.498,146.0,212.0,205.0,128.0,142.0,165.0,241.0,184.0,197.0,193.0,164.0,218.591,9.09,10.0,7.0,8.0,7.0,6.0,8.0,12.0,10.0,28.0,34.0,6.0,13.608,200.836,200.0,202.0,209.0,191.0,185.0,168.0,249.0,317.0,338.0,316.0,154.0,255.726,332.342,291.0,518.0,465.0,325.0,350.0,360.0,397.0,342.0,381.0,406.0,339.0,366.343,186.498,205.0,223.0,227.0,191.0,186.0,181.0,217.0,178.0,220.0,249.0,180.0,189.703,379.39,246.0,253.0,251.0,285.0,278.0,302.0,343.0,286.0,309.0,433.0,248.0,419.893
95,188.317,197.087,190.0,326.0,273.0,173.0,177.0,163.0,238.0,225.0,231.0,263.0,233.637,151.15200000000002,156.57,175.0,242.0,203.0,193.0,195.0,175.0,201.0,193.0,215.0,234.0,207.789,451.57,370.319,334.0,550.0,531.0,312.0,347.0,359.0,461.0,443.0,484.0,514.0,530.335,9.881,11.822,10.0,167.0,21.0,11.0,10.0,10.0,12.0,9.0,9.0,211.0,10.651,218.591,137.498,146.0,212.0,205.0,128.0,142.0,165.0,241.0,184.0,197.0,193.0,323.832,13.608,9.09,10.0,7.0,8.0,7.0,6.0,8.0,12.0,10.0,28.0,34.0,7.412000000000001,255.726,200.836,200.0,202.0,209.0,191.0,185.0,168.0,249.0,317.0,338.0,316.0,308.58000000000004,366.343,332.342,291.0,518.0,465.0,325.0,350.0,360.0,397.0,342.0,381.0,406.0,406.403,189.703,186.498,205.0,223.0,227.0,191.0,186.0,181.0,217.0,178.0,220.0,249.0,236.677,419.893,379.39,246.0,253.0,251.0,285.0,278.0,302.0,343.0,286.0,309.0,433.0,588.729
