,0,1,2,3,4,5,6,7,8,9,10,11,12,13,14,15,16,17,18,19,20,21,22,23,24,25,26,27,28,29,30,31,32,33,34,35,36,37,38,39,40,41,42,43,44,45,46,47,48,49,50,51,52,53,54,55,56,57,58,59,60,61,62,63,64,65,66,67,68,69,70,71,72,73,74,75,76,77,78,79,80,81,82,83,84,85,86,87,88,89,90,91,92,93,94,95,96,97,98,99,100,101,102,103
0,358.0,428.0,441.0,459.0,615.0,656.0,487.0,449.0,366.0,427.0,408.0,475.0,310.0,987.0,551.0,624.0,617.0,673.0,649.0,626.0,583.0,548.0,591.0,623.0,684.0,741.0,0.0,0.0,0.0,0.0,0.0,0.0,0.0,0.0,0.0,0.0,0.0,0.0,0.0,0.0,0.0,0.0,0.0,0.0,0.0,0.0,0.0,0.0,0.0,0.0,0.0,0.0,384.0,210.0,183.0,269.0,378.0,349.0,286.0,310.0,299.0,333.0,342.16949,378.83051,372.0,0.0,43.0,197.0,147.0,173.0,192.0,218.82609,221.0,174.0,264.0,238.82353,248.17647,0.0,42.0,39.0,40.0,41.0,41.0,106.0,126.0,74.0,42.0,11.0,5.5,11.2541,40.0,51.0,200.0,274.0,268.0,728.0,598.0,387.0,354.0,362.0,420.33898,379.66102,488.0,93.0
1,310.0,358.0,428.0,441.0,459.0,615.0,656.0,487.0,449.0,366.0,427.0,408.0,300.0,741.0,987.0,551.0,624.0,617.0,673.0,649.0,626.0,583.0,548.0,591.0,623.0,684.0,0.0,0.0,0.0,0.0,0.0,0.0,0.0,0.0,0.0,0.0,0.0,0.0,0.0,0.0,0.0,0.0,0.0,0.0,0.0,0.0,0.0,0.0,0.0,0.0,0.0,0.0,372.0,384.0,210.0,183.0,269.0,378.0,349.0,286.0,310.0,299.0,333.0,342.16949,305.0,0.0,0.0,43.0,197.0,147.0,173.0,192.0,218.82609,221.0,174.0,264.0,238.82353,0.0,40.0,42.0,39.0,40.0,41.0,41.0,106.0,126.0,74.0,42.0,11.0,5.5,38.0,93.0,51.0,200.0,274.0,268.0,728.0,598.0,387.0,354.0,362.0,420.33898,379.66102,131.0
2,300.0,310.0,358.0,428.0,441.0,459.0,615.0,656.0,487.0,449.0,366.0,427.0,226.0,684.0,741.0,987.0,551.0,624.0,617.0,673.0,649.0,626.0,583.0,548.0,591.0,704.0,0.0,0.0,0.0,0.0,0.0,0.0,0.0,0.0,0.0,0.0,0.0,0.0,0.0,0.0,0.0,0.0,0.0,0.0,0.0,0.0,0.0,0.0,0.0,0.0,0.0,123.0,305.0,372.0,384.0,210.0,183.0,269.0,378.0,349.0,286.0,310.0,299.0,333.0,269.0,0.0,0.0,0.0,43.0,197.0,147.0,173.0,192.0,218.82609,221.0,174.0,264.0,0.0,38.0,40.0,42.0,39.0,40.0,41.0,41.0,106.0,126.0,74.0,42.0,11.0,41.0,131.0,93.0,51.0,200.0,274.0,268.0,728.0,598.0,387.0,354.0,362.0,420.33898,334.0
3,226.0,300.0,310.0,358.0,428.0,441.0,459.0,615.0,656.0,487.0,449.0,366.0,165.0,704.0,684.0,741.0,987.0,551.0,624.0,617.0,673.0,649.0,626.0,583.0,548.0,768.0,0.0,0.0,0.0,0.0,0.0,0.0,0.0,0.0,0.0,0.0,0.0,0.0,0.0,123.0,0.0,0.0,0.0,0.0,0.0,0.0,0.0,0.0,0.0,0.0,0.0,182.0,269.0,305.0,372.0,384.0,210.0,183.0,269.0,378.0,349.0,286.0,310.0,299.0,224.0,0.0,0.0,0.0,0.0,43.0,197.0,147.0,173.0,192.0,218.82609,221.0,174.0,0.0,41.0,38.0,40.0,42.0,39.0,40.0,41.0,41.0,106.0,126.0,74.0,42.0,39.0,334.0,131.0,93.0,51.0,200.0,274.0,268.0,728.0,598.0,387.0,354.0,362.0,508.0
4,165.0,226.0,300.0,310.0,358.0,428.0,441.0,459.0,615.0,656.0,487.0,449.0,263.0,768.0,704.0,684.0,741.0,987.0,551.0,624.0,617.0,673.0,649.0,626.0,583.0,914.0,0.0,0.0,0.0,0.0,0.0,0.0,0.0,0.0,0.0,0.0,0.0,0.0,0.0,182.0,123.0,0.0,0.0,0.0,0.0,0.0,0.0,0.0,0.0,0.0,0.0,159.0,224.0,269.0,305.0,372.0,384.0,210.0,183.0,269.0,378.0,349.0,286.0,310.0,229.0,0.0,0.0,0.0,0.0,0.0,43.0,197.0,147.0,173.0,192.0,218.82609,221.0,0.0,39.0,41.0,38.0,40.0,42.0,39.0,40.0,41.0,41.0,106.0,126.0,74.0,42.0,508.0,334.0,131.0,93.0,51.0,200.0,274.0,268.0,728.0,598.0,387.0,354.0,429.0
5,263.0,165.0,226.0,300.0,310.0,358.0,428.0,441.0,459.0,615.0,656.0,487.0,386.0,914.0,768.0,704.0,684.0,741.0,987.0,551.0,624.0,617.0,673.0,649.0,626.0,880.0,0.0,0.0,0.0,0.0,0.0,0.0,0.0,0.0,0.0,0.0,0.0,0.0,0.0,159.0,182.0,123.0,0.0,0.0,0.0,0.0,0.0,0.0,0.0,0.0,0.0,155.0,229.0,224.0,269.0,305.0,372.0,384.0,210.0,183.0,269.0,378.0,349.0,286.0,263.0,0.0,0.0,0.0,0.0,0.0,0.0,43.0,197.0,147.0,173.0,192.0,218.82609,0.0,42.0,39.0,41.0,38.0,40.0,42.0,39.0,40.0,41.0,41.0,106.0,126.0,39.0,429.0,508.0,334.0,131.0,93.0,51.0,200.0,274.0,268.0,728.0,598.0,387.0,444.0
6,386.0,263.0,165.0,226.0,300.0,310.0,358.0,428.0,441.0,459.0,615.0,656.0,421.0,880.0,914.0,768.0,704.0,684.0,741.0,987.0,551.0,624.0,617.0,673.0,649.0,863.0,0.0,0.0,0.0,0.0,0.0,0.0,0.0,0.0,0.0,0.0,0.0,0.0,0.0,155.0,159.0,182.0,123.0,0.0,0.0,0.0,0.0,0.0,0.0,0.0,0.0,151.0,263.0,229.0,224.0,269.0,305.0,372.0,384.0,210.0,183.0,269.0,378.0,349.0,311.0,0.0,0.0,0.0,0.0,0.0,0.0,0.0,43.0,197.0,147.0,173.0,192.0,0.0,39.0,42.0,39.0,41.0,38.0,40.0,42.0,39.0,40.0,41.0,41.0,106.0,43.0,444.0,429.0,508.0,334.0,131.0,93.0,51.0,200.0,274.0,268.0,728.0,598.0,520.0
7,421.0,386.0,263.0,165.0,226.0,300.0,310.0,358.0,428.0,441.0,459.0,615.0,463.0,863.0,880.0,914.0,768.0,704.0,684.0,741.0,987.0,551.0,624.0,617.0,673.0,946.0,0.0,0.0,0.0,0.0,0.0,0.0,0.0,0.0,0.0,0.0,0.0,0.0,0.0,151.0,155.0,159.0,182.0,123.0,0.0,0.0,0.0,0.0,0.0,0.0,0.0,154.0,311.0,263.0,229.0,224.0,269.0,305.0,372.0,384.0,210.0,183.0,269.0,378.0,435.0,0.0,0.0,0.0,0.0,0.0,0.0,0.0,0.0,43.0,197.0,147.0,173.0,0.0,43.0,39.0,42.0,39.0,41.0,38.0,40.0,42.0,39.0,40.0,41.0,41.0,40.0,520.0,444.0,429.0,508.0,334.0,131.0,93.0,51.0,200.0,274.0,268.0,728.0,532.0
8,463.0,421.0,386.0,263.0,165.0,226.0,300.0,310.0,358.0,428.0,441.0,459.0,352.0,946.0,863.0,880.0,914.0,768.0,704.0,684.0,741.0,987.0,551.0,624.0,617.0,856.0,0.0,0.0,0.0,0.0,0.0,0.0,0.0,0.0,0.0,0.0,0.0,0.0,0.0,154.0,151.0,155.0,159.0,182.0,123.0,0.0,0.0,0.0,0.0,0.0,0.0,171.0,435.0,311.0,263.0,229.0,224.0,269.0,305.0,372.0,384.0,210.0,183.0,269.0,358.0,0.0,0.0,0.0,0.0,0.0,0.0,0.0,0.0,0.0,43.0,197.0,147.0,0.0,40.0,43.0,39.0,42.0,39.0,41.0,38.0,40.0,42.0,39.0,40.0,41.0,39.0,532.0,520.0,444.0,429.0,508.0,334.0,131.0,93.0,51.0,200.0,274.0,268.0,571.17241
9,352.0,463.0,421.0,386.0,263.0,165.0,226.0,300.0,310.0,358.0,428.0,441.0,322.0,856.0,946.0,863.0,880.0,914.0,768.0,704.0,684.0,741.0,987.0,551.0,624.0,840.0,0.0,0.0,0.0,0.0,0.0,0.0,0.0,0.0,0.0,0.0,0.0,0.0,0.0,171.0,154.0,151.0,155.0,159.0,182.0,123.0,0.0,0.0,0.0,0.0,0.0,192.0,358.0,435.0,311.0,263.0,229.0,224.0,269.0,305.0,372.0,384.0,210.0,183.0,248.0,0.0,0.0,0.0,0.0,0.0,0.0,0.0,0.0,0.0,0.0,43.0,197.0,0.0,39.0,40.0,43.0,39.0,42.0,39.0,41.0,38.0,40.0,42.0,39.0,40.0,42.0,571.17241,532.0,520.0,444.0,429.0,508.0,334.0,131.0,93.0,51.0,200.0,274.0,601.82759
10,322.0,352.0,463.0,421.0,386.0,263.0,165.0,226.0,300.0,310.0,358.0,428.0,300.0,840.0,856.0,946.0,863.0,880.0,914.0,768.0,704.0,684.0,741.0,987.0,551.0,769.0,0.0,0.0,0.0,0.0,0.0,0.0,0.0,0.0,0.0,0.0,0.0,0.0,0.0,192.0,171.0,154.0,151.0,155.0,159.0,182.0,123.0,0.0,0.0,0.0,0.0,183.0,248.0,358.0,435.0,311.0,263.0,229.0,224.0,269.0,305.0,372.0,384.0,210.0,247.0,0.0,0.0,0.0,0.0,0.0,0.0,0.0,0.0,0.0,0.0,0.0,43.0,0.0,42.0,39.0,40.0,43.0,39.0,42.0,39.0,41.0,38.0,40.0,42.0,39.0,39.0,601.82759,571.17241,532.0,520.0,444.0,429.0,508.0,334.0,131.0,93.0,51.0,200.0,478.0
11,300.0,322.0,352.0,463.0,421.0,386.0,263.0,165.0,226.0,300.0,310.0,358.0,294.0,769.0,840.0,856.0,946.0,863.0,880.0,914.0,768.0,704.0,684.0,741.0,987.0,1299.0,0.0,0.0,0.0,0.0,0.0,0.0,0.0,0.0,0.0,0.0,0.0,0.0,0.0,183.0,192.0,171.0,154.0,151.0,155.0,159.0,182.0,123.0,0.0,0.0,0.0,198.0,247.0,248.0,358.0,435.0,311.0,263.0,229.0,224.0,269.0,305.0,372.0,384.0,335.0,0.0,0.0,0.0,0.0,0.0,0.0,0.0,0.0,0.0,0.0,0.0,0.0,0.0,39.0,42.0,39.0,40.0,43.0,39.0,42.0,39.0,41.0,38.0,40.0,42.0,43.0,478.0,601.82759,571.17241,532.0,520.0,444.0,429.0,508.0,334.0,131.0,93.0,51.0,543.0
12,294.0,300.0,322.0,352.0,463.0,421.0,386.0,263.0,165.0,226.0,300.0,310.0,305.0,1299.0,769.0,840.0,856.0,946.0,863.0,880.0,914.0,768.0,704.0,684.0,741.0,927.0,0.0,0.0,0.0,0.0,0.0,0.0,0.0,0.0,0.0,0.0,0.0,0.0,0.0,198.0,183.0,192.0,171.0,154.0,151.0,155.0,159.0,182.0,123.0,0.0,0.0,214.0,335.0,247.0,248.0,358.0,435.0,311.0,263.0,229.0,224.0,269.0,305.0,372.0,296.0,0.0,0.0,0.0,0.0,0.0,0.0,0.0,0.0,0.0,0.0,0.0,0.0,0.0,43.0,39.0,42.0,39.0,40.0,43.0,39.0,42.0,39.0,41.0,38.0,40.0,40.0,543.0,478.0,601.82759,571.17241,532.0,520.0,444.0,429.0,508.0,334.0,131.0,93.0,320.0
13,305.0,294.0,300.0,322.0,352.0,463.0,421.0,386.0,263.0,165.0,226.0,300.0,323.0,927.0,1299.0,769.0,840.0,856.0,946.0,863.0,880.0,914.0,768.0,704.0,684.0,574.0,0.0,0.0,0.0,0.0,0.0,0.0,0.0,0.0,0.0,0.0,0.0,0.0,0.0,214.0,198.0,183.0,192.0,171.0,154.0,151.0,155.0,159.0,182.0,123.0,0.0,196.0,296.0,335.0,247.0,248.0,358.0,435.0,311.0,263.0,229.0,224.0,269.0,305.0,311.0,0.0,0.0,0.0,0.0,0.0,0.0,0.0,0.0,0.0,0.0,0.0,0.0,0.0,40.0,43.0,39.0,42.0,39.0,40.0,43.0,39.0,42.0,39.0,41.0,38.0,39.0,320.0,543.0,478.0,601.82759,571.17241,532.0,520.0,444.0,429.0,508.0,334.0,131.0,78.0
14,323.0,305.0,294.0,300.0,322.0,352.0,463.0,421.0,386.0,263.0,165.0,226.0,300.0,574.0,927.0,1299.0,769.0,840.0,856.0,946.0,863.0,880.0,914.0,768.0,704.0,815.0,0.0,0.0,0.0,0.0,0.0,0.0,0.0,0.0,0.0,0.0,0.0,0.0,0.0,196.0,214.0,198.0,183.0,192.0,171.0,154.0,151.0,155.0,159.0,182.0,123.0,186.0,311.0,296.0,335.0,247.0,248.0,358.0,435.0,311.0,263.0,229.0,224.0,269.0,202.0,0.0,0.0,0.0,0.0,0.0,0.0,0.0,0.0,0.0,0.0,0.0,0.0,0.0,39.0,40.0,43.0,39.0,42.0,39.0,40.0,43.0,39.0,42.0,39.0,41.0,41.0,78.0,320.0,543.0,478.0,601.82759,571.17241,532.0,520.0,444.0,429.0,508.0,334.0,204.0
15,300.0,323.0,305.0,294.0,300.0,322.0,352.0,463.0,421.0,386.0,263.0,165.0,290.0,815.0,574.0,927.0,1299.0,769.0,840.0,856.0,946.0,863.0,880.0,914.0,768.0,614.0,0.0,0.0,0.0,0.0,0.0,0.0,0.0,0.0,0.0,0.0,0.0,0.0,0.0,186.0,196.0,214.0,198.0,183.0,192.0,171.0,154.0,151.0,155.0,159.0,182.0,177.0,202.0,311.0,296.0,335.0,247.0,248.0,358.0,435.0,311.0,263.0,229.0,224.0,223.0,0.0,0.0,0.0,0.0,0.0,0.0,0.0,0.0,0.0,0.0,0.0,0.0,0.0,41.0,39.0,40.0,43.0,39.0,42.0,39.0,40.0,43.0,39.0,42.0,39.0,40.0,204.0,78.0,320.0,543.0,478.0,601.82759,571.17241,532.0,520.0,444.0,429.0,508.0,165.0
16,290.0,300.0,323.0,305.0,294.0,300.0,322.0,352.0,463.0,421.0,386.0,263.0,286.0,614.0,815.0,574.0,927.0,1299.0,769.0,840.0,856.0,946.0,863.0,880.0,914.0,578.0,0.0,0.0,0.0,0.0,0.0,0.0,0.0,0.0,0.0,0.0,0.0,0.0,0.0,177.0,186.0,196.0,214.0,198.0,183.0,192.0,171.0,154.0,151.0,155.0,159.0,166.0,223.0,202.0,311.0,296.0,335.0,247.0,248.0,358.0,435.0,311.0,263.0,229.0,243.0,0.0,0.0,0.0,0.0,0.0,0.0,0.0,0.0,0.0,0.0,0.0,0.0,0.0,40.0,41.0,39.0,40.0,43.0,39.0,42.0,39.0,40.0,43.0,39.0,42.0,40.0,165.0,204.0,78.0,320.0,543.0,478.0,601.82759,571.17241,532.0,520.0,444.0,429.0,167.0
17,286.0,290.0,300.0,323.0,305.0,294.0,300.0,322.0,352.0,463.0,421.0,386.0,386.0,578.0,614.0,815.0,574.0,927.0,1299.0,769.0,840.0,856.0,946.0,863.0,880.0,732.0,0.0,0.0,0.0,0.0,0.0,0.0,0.0,0.0,0.0,0.0,0.0,0.0,0.0,166.0,177.0,186.0,196.0,214.0,198.0,183.0,192.0,171.0,154.0,151.0,155.0,167.0,243.0,223.0,202.0,311.0,296.0,335.0,247.0,248.0,358.0,435.0,311.0,263.0,236.0,0.0,0.0,0.0,0.0,0.0,0.0,0.0,0.0,0.0,0.0,0.0,0.0,0.0,40.0,40.0,41.0,39.0,40.0,43.0,39.0,42.0,39.0,40.0,43.0,39.0,40.0,167.0,165.0,204.0,78.0,320.0,543.0,478.0,601.82759,571.17241,532.0,520.0,444.0,276.0
18,386.0,286.0,290.0,300.0,323.0,305.0,294.0,300.0,322.0,352.0,463.0,421.0,498.0,732.0,578.0,614.0,815.0,574.0,927.0,1299.0,769.0,840.0,856.0,946.0,863.0,786.0,0.0,0.0,0.0,0.0,0.0,0.0,0.0,0.0,0.0,0.0,0.0,0.0,0.0,167.0,166.0,177.0,186.0,196.0,214.0,198.0,183.0,192.0,171.0,154.0,151.0,188.0,236.0,243.0,223.0,202.0,311.0,296.0,335.0,247.0,248.0,358.0,435.0,311.0,312.0,0.0,0.0,0.0,0.0,0.0,0.0,0.0,0.0,0.0,0.0,0.0,0.0,0.0,40.0,40.0,40.0,41.0,39.0,40.0,43.0,39.0,42.0,39.0,40.0,43.0,42.0,276.0,167.0,165.0,204.0,78.0,320.0,543.0,478.0,601.82759,571.17241,532.0,520.0,271.0
19,498.0,386.0,286.0,290.0,300.0,323.0,305.0,294.0,300.0,322.0,352.0,463.0,447.0,786.0,732.0,578.0,614.0,815.0,574.0,927.0,1299.0,769.0,840.0,856.0,946.0,826.0,0.0,0.0,0.0,0.0,0.0,0.0,0.0,0.0,0.0,0.0,0.0,0.0,0.0,188.0,167.0,166.0,177.0,186.0,196.0,214.0,198.0,183.0,192.0,171.0,154.0,189.0,312.0,236.0,243.0,223.0,202.0,311.0,296.0,335.0,247.0,248.0,358.0,435.0,392.0,0.0,0.0,0.0,0.0,0.0,0.0,0.0,0.0,0.0,0.0,0.0,0.0,0.0,42.0,40.0,40.0,40.0,41.0,39.0,40.0,43.0,39.0,42.0,39.0,40.0,41.0,271.0,276.0,167.0,165.0,204.0,78.0,320.0,543.0,478.0,601.82759,571.17241,532.0,227.0
20,447.0,498.0,386.0,286.0,290.0,300.0,323.0,305.0,294.0,300.0,322.0,352.0,324.0,826.0,786.0,732.0,578.0,614.0,815.0,574.0,927.0,1299.0,769.0,840.0,856.0,774.0,0.0,0.0,0.0,0.0,0.0,0.0,0.0,0.0,0.0,0.0,0.0,0.0,0.0,189.0,188.0,167.0,166.0,177.0,186.0,196.0,214.0,198.0,183.0,192.0,171.0,173.0,392.0,312.0,236.0,243.0,223.0,202.0,311.0,296.0,335.0,247.0,248.0,358.0,197.0,0.0,0.0,0.0,0.0,0.0,0.0,0.0,0.0,0.0,0.0,0.0,0.0,0.0,41.0,42.0,40.0,40.0,40.0,41.0,39.0,40.0,43.0,39.0,42.0,39.0,110.0,227.0,271.0,276.0,167.0,165.0,204.0,78.0,320.0,543.0,478.0,601.82759,571.17241,103.0
21,324.0,447.0,498.0,386.0,286.0,290.0,300.0,323.0,305.0,294.0,300.0,322.0,312.0,774.0,826.0,786.0,732.0,578.0,614.0,815.0,574.0,927.0,1299.0,769.0,840.0,738.0,0.0,0.0,0.0,0.0,0.0,0.0,0.0,0.0,0.0,0.0,0.0,0.0,0.0,173.0,189.0,188.0,167.0,166.0,177.0,186.0,196.0,214.0,198.0,183.0,192.0,167.0,197.0,392.0,312.0,236.0,243.0,223.0,202.0,311.0,296.0,335.0,247.0,248.0,0.0,0.0,0.0,0.0,0.0,0.0,0.0,0.0,0.0,0.0,0.0,0.0,0.0,0.0,110.0,41.0,42.0,40.0,40.0,40.0,41.0,39.0,40.0,43.0,39.0,42.0,65.0,103.0,227.0,271.0,276.0,167.0,165.0,204.0,78.0,320.0,543.0,478.0,601.82759,53.0
22,312.0,324.0,447.0,498.0,386.0,286.0,290.0,300.0,323.0,305.0,294.0,300.0,255.0,738.0,774.0,826.0,786.0,732.0,578.0,614.0,815.0,574.0,927.0,1299.0,769.0,736.0,0.0,0.0,0.0,0.0,0.0,0.0,0.0,0.0,0.0,0.0,0.0,0.0,0.0,167.0,173.0,189.0,188.0,167.0,166.0,177.0,186.0,196.0,214.0,198.0,183.0,200.0,0.0,197.0,392.0,312.0,236.0,243.0,223.0,202.0,311.0,296.0,335.0,247.0,0.0,0.0,0.0,0.0,0.0,0.0,0.0,0.0,0.0,0.0,0.0,0.0,0.0,0.0,65.0,110.0,41.0,42.0,40.0,40.0,40.0,41.0,39.0,40.0,43.0,39.0,41.0,53.0,103.0,227.0,271.0,276.0,167.0,165.0,204.0,78.0,320.0,543.0,478.0,52.0
23,255.0,312.0,324.0,447.0,498.0,386.0,286.0,290.0,300.0,323.0,305.0,294.0,172.0,736.0,738.0,774.0,826.0,786.0,732.0,578.0,614.0,815.0,574.0,927.0,1299.0,1111.0,0.0,0.0,0.0,0.0,0.0,0.0,0.0,0.0,0.0,0.0,0.0,0.0,0.0,200.0,167.0,173.0,189.0,188.0,167.0,166.0,177.0,186.0,196.0,214.0,198.0,214.0,0.0,0.0,197.0,392.0,312.0,236.0,243.0,223.0,202.0,311.0,296.0,335.0,0.0,0.0,0.0,0.0,0.0,0.0,0.0,0.0,0.0,0.0,0.0,0.0,0.0,0.0,41.0,65.0,110.0,41.0,42.0,40.0,40.0,40.0,41.0,39.0,40.0,43.0,31.0,52.0,53.0,103.0,227.0,271.0,276.0,167.0,165.0,204.0,78.0,320.0,543.0,48.0
24,172.0,255.0,312.0,324.0,447.0,498.0,386.0,286.0,290.0,300.0,323.0,305.0,178.0,1111.0,736.0,738.0,774.0,826.0,786.0,732.0,578.0,614.0,815.0,574.0,927.0,853.0,0.0,0.0,0.0,0.0,0.0,0.0,0.0,0.0,0.0,0.0,0.0,0.0,0.0,214.0,200.0,167.0,173.0,189.0,188.0,167.0,166.0,177.0,186.0,196.0,214.0,230.0,0.0,0.0,0.0,197.0,392.0,312.0,236.0,243.0,223.0,202.0,311.0,296.0,0.0,0.0,0.0,0.0,0.0,0.0,0.0,0.0,0.0,0.0,0.0,0.0,0.0,0.0,31.0,41.0,65.0,110.0,41.0,42.0,40.0,40.0,40.0,41.0,39.0,40.0,66.0,48.0,52.0,53.0,103.0,227.0,271.0,276.0,167.0,165.0,204.0,78.0,320.0,48.0
25,178.0,172.0,255.0,312.0,324.0,447.0,498.0,386.0,286.0,290.0,300.0,323.0,120.0,853.0,1111.0,736.0,738.0,774.0,826.0,786.0,732.0,578.0,614.0,815.0,574.0,925.0,0.0,0.0,0.0,0.0,0.0,0.0,0.0,0.0,0.0,0.0,0.0,0.0,0.0,230.0,214.0,200.0,167.0,173.0,189.0,188.0,167.0,166.0,177.0,186.0,196.0,224.0,0.0,0.0,0.0,0.0,197.0,392.0,312.0,236.0,243.0,223.0,202.0,311.0,0.0,0.0,0.0,0.0,0.0,0.0,0.0,0.0,0.0,0.0,0.0,0.0,0.0,0.0,66.0,31.0,41.0,65.0,110.0,41.0,42.0,40.0,40.0,40.0,41.0,39.0,26.0,48.0,48.0,52.0,53.0,103.0,227.0,271.0,276.0,167.0,165.0,204.0,78.0,37.0
26,120.0,178.0,172.0,255.0,312.0,324.0,447.0,498.0,386.0,286.0,290.0,300.0,126.0,925.0,853.0,1111.0,736.0,738.0,774.0,826.0,786.0,732.0,578.0,614.0,815.0,947.0,0.0,0.0,0.0,0.0,0.0,0.0,0.0,0.0,0.0,0.0,0.0,0.0,0.0,224.0,230.0,214.0,200.0,167.0,173.0,189.0,188.0,167.0,166.0,177.0,186.0,218.0,0.0,0.0,0.0,0.0,0.0,197.0,392.0,312.0,236.0,243.0,223.0,202.0,0.0,0.0,0.0,0.0,0.0,0.0,0.0,0.0,0.0,0.0,0.0,0.0,0.0,0.0,26.0,66.0,31.0,41.0,65.0,110.0,41.0,42.0,40.0,40.0,40.0,41.0,82.0,37.0,48.0,48.0,52.0,53.0,103.0,227.0,271.0,276.0,167.0,165.0,204.0,80.0
27,126.0,120.0,178.0,172.0,255.0,312.0,324.0,447.0,498.0,386.0,286.0,290.0,156.0,947.0,925.0,853.0,1111.0,736.0,738.0,774.0,826.0,786.0,732.0,578.0,614.0,865.0,0.0,0.0,0.0,0.0,0.0,0.0,0.0,0.0,0.0,0.0,0.0,0.0,0.0,218.0,224.0,230.0,214.0,200.0,167.0,173.0,189.0,188.0,167.0,166.0,177.0,211.0,0.0,0.0,0.0,0.0,0.0,0.0,197.0,392.0,312.0,236.0,243.0,223.0,0.0,0.0,0.0,0.0,0.0,0.0,0.0,0.0,0.0,0.0,0.0,0.0,0.0,0.0,82.0,26.0,66.0,31.0,41.0,65.0,110.0,41.0,42.0,40.0,40.0,40.0,50.0,80.0,37.0,48.0,48.0,52.0,53.0,103.0,227.0,271.0,276.0,167.0,165.0,110.0
28,156.0,126.0,120.0,178.0,172.0,255.0,312.0,324.0,447.0,498.0,386.0,286.0,310.0,865.0,947.0,925.0,853.0,1111.0,736.0,738.0,774.0,826.0,786.0,732.0,578.0,713.0,0.0,0.0,0.0,0.0,0.0,0.0,0.0,0.0,0.0,0.0,0.0,0.0,0.0,211.0,218.0,224.0,230.0,214.0,200.0,167.0,173.0,189.0,188.0,167.0,166.0,200.0,0.0,0.0,0.0,0.0,0.0,0.0,0.0,197.0,392.0,312.0,236.0,243.0,0.0,0.0,0.0,0.0,0.0,0.0,0.0,0.0,0.0,0.0,0.0,0.0,0.0,0.0,50.0,82.0,26.0,66.0,31.0,41.0,65.0,110.0,41.0,42.0,40.0,40.0,106.0,110.0,80.0,37.0,48.0,48.0,52.0,53.0,103.0,227.0,271.0,276.0,167.0,111.0
29,310.0,156.0,126.0,120.0,178.0,172.0,255.0,312.0,324.0,447.0,498.0,386.0,375.0,713.0,865.0,947.0,925.0,853.0,1111.0,736.0,738.0,774.0,826.0,786.0,732.0,685.0,0.0,0.0,0.0,0.0,0.0,0.0,0.0,0.0,0.0,0.0,0.0,0.0,0.0,200.0,211.0,218.0,224.0,230.0,214.0,200.0,167.0,173.0,189.0,188.0,167.0,183.0,0.0,0.0,0.0,0.0,0.0,0.0,0.0,0.0,197.0,392.0,312.0,236.0,0.0,0.0,0.0,0.0,0.0,0.0,0.0,0.0,0.0,0.0,0.0,0.0,0.0,0.0,106.0,50.0,82.0,26.0,66.0,31.0,41.0,65.0,110.0,41.0,42.0,40.0,109.0,111.0,110.0,80.0,37.0,48.0,48.0,52.0,53.0,103.0,227.0,271.0,276.0,150.0
30,375.0,310.0,156.0,126.0,120.0,178.0,172.0,255.0,312.0,324.0,447.0,498.0,353.0,685.0,713.0,865.0,947.0,925.0,853.0,1111.0,736.0,738.0,774.0,826.0,786.0,769.0,0.0,0.0,0.0,0.0,0.0,0.0,0.0,0.0,0.0,0.0,0.0,0.0,0.0,183.0,200.0,211.0,218.0,224.0,230.0,214.0,200.0,167.0,173.0,189.0,188.0,186.0,0.0,0.0,0.0,0.0,0.0,0.0,0.0,0.0,0.0,197.0,392.0,312.0,0.0,0.0,0.0,0.0,0.0,0.0,0.0,0.0,0.0,0.0,0.0,0.0,0.0,0.0,109.0,106.0,50.0,82.0,26.0,66.0,31.0,41.0,65.0,110.0,41.0,42.0,133.0,150.0,111.0,110.0,80.0,37.0,48.0,48.0,52.0,53.0,103.0,227.0,271.0,98.0
31,353.0,375.0,310.0,156.0,126.0,120.0,178.0,172.0,255.0,312.0,324.0,447.0,411.0,769.0,685.0,713.0,865.0,947.0,925.0,853.0,1111.0,736.0,738.0,774.0,826.0,790.0,0.0,0.0,0.0,0.0,0.0,0.0,0.0,0.0,0.0,0.0,0.0,0.0,0.0,186.0,183.0,200.0,211.0,218.0,224.0,230.0,214.0,200.0,167.0,173.0,189.0,185.0,0.0,0.0,0.0,0.0,0.0,0.0,0.0,0.0,0.0,0.0,197.0,392.0,0.0,0.0,0.0,0.0,0.0,0.0,0.0,0.0,0.0,0.0,0.0,0.0,0.0,0.0,133.0,109.0,106.0,50.0,82.0,26.0,66.0,31.0,41.0,65.0,110.0,41.0,193.0,98.0,150.0,111.0,110.0,80.0,37.0,48.0,48.0,52.0,53.0,103.0,227.0,97.0
32,411.0,353.0,375.0,310.0,156.0,126.0,120.0,178.0,172.0,255.0,312.0,324.0,346.0,790.0,769.0,685.0,713.0,865.0,947.0,925.0,853.0,1111.0,736.0,738.0,774.0,600.0,0.0,0.0,0.0,0.0,0.0,0.0,0.0,0.0,0.0,0.0,0.0,0.0,0.0,185.0,186.0,183.0,200.0,211.0,218.0,224.0,230.0,214.0,200.0,167.0,173.0,171.0,0.0,0.0,0.0,0.0,0.0,0.0,0.0,0.0,0.0,0.0,0.0,197.0,100.0,0.0,0.0,0.0,0.0,0.0,0.0,0.0,0.0,0.0,0.0,0.0,0.0,0.0,193.0,133.0,109.0,106.0,50.0,82.0,26.0,66.0,31.0,41.0,65.0,110.0,141.0,97.0,98.0,150.0,111.0,110.0,80.0,37.0,48.0,48.0,52.0,53.0,103.0,131.0
33,346.0,411.0,353.0,375.0,310.0,156.0,126.0,120.0,178.0,172.0,255.0,312.0,323.0,600.0,790.0,769.0,685.0,713.0,865.0,947.0,925.0,853.0,1111.0,736.0,738.0,607.0,0.0,0.0,0.0,0.0,0.0,0.0,0.0,0.0,0.0,0.0,0.0,0.0,0.0,171.0,185.0,186.0,183.0,200.0,211.0,218.0,224.0,230.0,214.0,200.0,167.0,240.0,100.0,0.0,0.0,0.0,0.0,0.0,0.0,0.0,0.0,0.0,0.0,0.0,278.0,0.0,0.0,0.0,0.0,0.0,0.0,0.0,0.0,0.0,0.0,0.0,0.0,0.0,141.0,193.0,133.0,109.0,106.0,50.0,82.0,26.0,66.0,31.0,41.0,65.0,75.0,131.0,97.0,98.0,150.0,111.0,110.0,80.0,37.0,48.0,48.0,52.0,53.0,56.0
34,323.0,346.0,411.0,353.0,375.0,310.0,156.0,126.0,120.0,178.0,172.0,255.0,296.0,607.0,600.0,790.0,769.0,685.0,713.0,865.0,947.0,925.0,853.0,1111.0,736.0,483.0,0.0,0.0,0.0,0.0,0.0,0.0,0.0,0.0,0.0,0.0,0.0,0.0,0.0,240.0,171.0,185.0,186.0,183.0,200.0,211.0,218.0,224.0,230.0,214.0,200.0,281.0,278.0,100.0,0.0,0.0,0.0,0.0,0.0,0.0,0.0,0.0,0.0,0.0,319.0,0.0,0.0,0.0,0.0,0.0,0.0,0.0,0.0,0.0,0.0,0.0,0.0,0.0,75.0,141.0,193.0,133.0,109.0,106.0,50.0,82.0,26.0,66.0,31.0,41.0,72.0,56.0,131.0,97.0,98.0,150.0,111.0,110.0,80.0,37.0,48.0,48.0,52.0,44.0
35,296.0,323.0,346.0,411.0,353.0,375.0,310.0,156.0,126.0,120.0,178.0,172.0,96.0,483.0,607.0,600.0,790.0,769.0,685.0,713.0,865.0,947.0,925.0,853.0,1111.0,900.0,0.0,0.0,0.0,0.0,0.0,0.0,0.0,0.0,0.0,0.0,0.0,0.0,0.0,281.0,240.0,171.0,185.0,186.0,183.0,200.0,211.0,218.0,224.0,230.0,214.0,341.0,319.0,278.0,100.0,0.0,0.0,0.0,0.0,0.0,0.0,0.0,0.0,0.0,402.0,0.0,0.0,0.0,0.0,0.0,0.0,0.0,0.0,0.0,0.0,0.0,0.0,0.0,72.0,75.0,141.0,193.0,133.0,109.0,106.0,50.0,82.0,26.0,66.0,31.0,20.0,44.0,56.0,131.0,97.0,98.0,150.0,111.0,110.0,80.0,37.0,48.0,48.0,53.0
36,96.0,296.0,323.0,346.0,411.0,353.0,375.0,310.0,156.0,126.0,120.0,178.0,85.0,900.0,483.0,607.0,600.0,790.0,769.0,685.0,713.0,865.0,947.0,925.0,853.0,641.0,0.0,0.0,0.0,0.0,0.0,0.0,0.0,0.0,0.0,0.0,0.0,0.0,0.0,341.0,281.0,240.0,171.0,185.0,186.0,183.0,200.0,211.0,218.0,224.0,230.0,326.0,402.0,319.0,278.0,100.0,0.0,0.0,0.0,0.0,0.0,0.0,0.0,0.0,383.0,0.0,0.0,0.0,0.0,0.0,0.0,0.0,0.0,0.0,0.0,0.0,0.0,0.0,20.0,72.0,75.0,141.0,193.0,133.0,109.0,106.0,50.0,82.0,26.0,66.0,20.0,53.0,44.0,56.0,131.0,97.0,98.0,150.0,111.0,110.0,80.0,37.0,48.0,34.0
37,85.0,96.0,296.0,323.0,346.0,411.0,353.0,375.0,310.0,156.0,126.0,120.0,82.0,641.0,900.0,483.0,607.0,600.0,790.0,769.0,685.0,713.0,865.0,947.0,925.0,596.0,0.0,0.0,0.0,0.0,0.0,0.0,0.0,0.0,0.0,0.0,0.0,0.0,0.0,326.0,341.0,281.0,240.0,171.0,185.0,186.0,183.0,200.0,211.0,218.0,224.0,248.0,383.0,402.0,319.0,278.0,100.0,0.0,0.0,0.0,0.0,0.0,0.0,0.0,340.0,0.0,0.0,0.0,0.0,0.0,0.0,0.0,0.0,0.0,0.0,0.0,0.0,0.0,20.0,20.0,72.0,75.0,141.0,193.0,133.0,109.0,106.0,50.0,82.0,26.0,21.0,34.0,53.0,44.0,56.0,131.0,97.0,98.0,150.0,111.0,110.0,80.0,37.0,27.0
38,82.0,85.0,96.0,296.0,323.0,346.0,411.0,353.0,375.0,310.0,156.0,126.0,83.0,596.0,641.0,900.0,483.0,607.0,600.0,790.0,769.0,685.0,713.0,865.0,947.0,622.0,0.0,0.0,0.0,0.0,0.0,0.0,0.0,0.0,0.0,0.0,0.0,0.0,0.0,248.0,326.0,341.0,281.0,240.0,171.0,185.0,186.0,183.0,200.0,211.0,218.0,285.0,340.0,383.0,402.0,319.0,278.0,100.0,0.0,0.0,0.0,0.0,0.0,0.0,377.0,0.0,0.0,0.0,0.0,0.0,0.0,0.0,0.0,0.0,0.0,0.0,0.0,0.0,21.0,20.0,20.0,72.0,75.0,141.0,193.0,133.0,109.0,106.0,50.0,82.0,26.0,27.0,34.0,53.0,44.0,56.0,131.0,97.0,98.0,150.0,111.0,110.0,80.0,63.0
39,83.0,82.0,85.0,96.0,296.0,323.0,346.0,411.0,353.0,375.0,310.0,156.0,83.0,622.0,596.0,641.0,900.0,483.0,607.0,600.0,790.0,769.0,685.0,713.0,865.0,590.0,0.0,0.0,0.0,0.0,0.0,0.0,0.0,0.0,0.0,0.0,0.0,0.0,0.0,285.0,248.0,326.0,341.0,281.0,240.0,171.0,185.0,186.0,183.0,200.0,211.0,279.0,377.0,340.0,383.0,402.0,319.0,278.0,100.0,0.0,0.0,0.0,0.0,0.0,329.0,0.0,0.0,0.0,0.0,0.0,0.0,0.0,0.0,0.0,0.0,0.0,0.0,0.0,26.0,21.0,20.0,20.0,72.0,75.0,141.0,193.0,133.0,109.0,106.0,50.0,27.0,63.0,27.0,34.0,53.0,44.0,56.0,131.0,97.0,98.0,150.0,111.0,110.0,49.0
40,83.0,83.0,82.0,85.0,96.0,296.0,323.0,346.0,411.0,353.0,375.0,310.0,143.0,590.0,622.0,596.0,641.0,900.0,483.0,607.0,600.0,790.0,769.0,685.0,713.0,552.0,0.0,0.0,0.0,0.0,0.0,0.0,0.0,0.0,0.0,0.0,0.0,0.0,0.0,279.0,285.0,248.0,326.0,341.0,281.0,240.0,171.0,185.0,186.0,183.0,200.0,274.0,329.0,377.0,340.0,383.0,402.0,319.0,278.0,100.0,0.0,0.0,0.0,0.0,320.0,0.0,0.0,0.0,0.0,0.0,0.0,0.0,0.0,0.0,0.0,0.0,0.0,0.0,27.0,26.0,21.0,20.0,20.0,72.0,75.0,141.0,193.0,133.0,109.0,106.0,69.0,49.0,63.0,27.0,34.0,53.0,44.0,56.0,131.0,97.0,98.0,150.0,111.0,98.0
41,143.0,83.0,83.0,82.0,85.0,96.0,296.0,323.0,346.0,411.0,353.0,375.0,313.0,552.0,590.0,622.0,596.0,641.0,900.0,483.0,607.0,600.0,790.0,769.0,685.0,618.0,0.0,0.0,0.0,0.0,0.0,0.0,0.0,0.0,0.0,0.0,0.0,0.0,0.0,274.0,279.0,285.0,248.0,326.0,341.0,281.0,240.0,171.0,185.0,186.0,183.0,257.0,320.0,329.0,377.0,340.0,383.0,402.0,319.0,278.0,100.0,0.0,0.0,0.0,236.0,0.0,0.0,0.0,0.0,0.0,0.0,0.0,0.0,0.0,0.0,0.0,0.0,0.0,69.0,27.0,26.0,21.0,20.0,20.0,72.0,75.0,141.0,193.0,133.0,109.0,77.0,98.0,49.0,63.0,27.0,34.0,53.0,44.0,56.0,131.0,97.0,98.0,150.0,119.0
42,313.0,143.0,83.0,83.0,82.0,85.0,96.0,296.0,323.0,346.0,411.0,353.0,393.0,618.0,552.0,590.0,622.0,596.0,641.0,900.0,483.0,607.0,600.0,790.0,769.0,666.0,0.0,0.0,0.0,0.0,0.0,0.0,0.0,0.0,0.0,0.0,0.0,0.0,0.0,257.0,274.0,279.0,285.0,248.0,326.0,341.0,281.0,240.0,171.0,185.0,186.0,276.0,236.0,320.0,329.0,377.0,340.0,383.0,402.0,319.0,278.0,100.0,0.0,0.0,236.0,0.0,0.0,0.0,0.0,0.0,0.0,0.0,0.0,0.0,0.0,0.0,0.0,0.0,77.0,69.0,27.0,26.0,21.0,20.0,20.0,72.0,75.0,141.0,193.0,133.0,129.0,119.0,98.0,49.0,63.0,27.0,34.0,53.0,44.0,56.0,131.0,97.0,98.0,123.0
43,393.0,313.0,143.0,83.0,83.0,82.0,85.0,96.0,296.0,323.0,346.0,411.0,361.0,666.0,618.0,552.0,590.0,622.0,596.0,641.0,900.0,483.0,607.0,600.0,790.0,718.0,0.0,0.0,0.0,0.0,0.0,0.0,0.0,0.0,0.0,0.0,0.0,0.0,0.0,276.0,257.0,274.0,279.0,285.0,248.0,326.0,341.0,281.0,240.0,171.0,185.0,316.0,236.0,236.0,320.0,329.0,377.0,340.0,383.0,402.0,319.0,278.0,100.0,0.0,246.0,0.0,0.0,0.0,0.0,0.0,0.0,0.0,0.0,0.0,0.0,0.0,0.0,0.0,129.0,77.0,69.0,27.0,26.0,21.0,20.0,20.0,72.0,75.0,141.0,193.0,151.0,123.0,119.0,98.0,49.0,63.0,27.0,34.0,53.0,44.0,56.0,131.0,97.0,135.0
44,361.0,393.0,313.0,143.0,83.0,83.0,82.0,85.0,96.0,296.0,323.0,346.0,326.0,718.0,666.0,618.0,552.0,590.0,622.0,596.0,641.0,900.0,483.0,607.0,600.0,546.0,0.0,0.0,0.0,0.0,0.0,0.0,0.0,0.0,0.0,0.0,0.0,0.0,0.0,316.0,276.0,257.0,274.0,279.0,285.0,248.0,326.0,341.0,281.0,240.0,171.0,296.0,246.0,236.0,236.0,320.0,329.0,377.0,340.0,383.0,402.0,319.0,278.0,100.0,231.0,0.0,0.0,0.0,0.0,0.0,0.0,0.0,0.0,0.0,0.0,0.0,0.0,0.0,151.0,129.0,77.0,69.0,27.0,26.0,21.0,20.0,20.0,72.0,75.0,141.0,97.0,135.0,123.0,119.0,98.0,49.0,63.0,27.0,34.0,53.0,44.0,56.0,131.0,42.0
45,326.0,361.0,393.0,313.0,143.0,83.0,83.0,82.0,85.0,96.0,296.0,323.0,270.0,546.0,718.0,666.0,618.0,552.0,590.0,622.0,596.0,641.0,900.0,483.0,607.0,575.0,0.0,0.0,0.0,0.0,0.0,0.0,0.0,0.0,0.0,0.0,0.0,0.0,0.0,296.0,316.0,276.0,257.0,274.0,279.0,285.0,248.0,326.0,341.0,281.0,240.0,312.0,231.0,246.0,236.0,236.0,320.0,329.0,377.0,340.0,383.0,402.0,319.0,278.0,270.0,0.0,0.0,0.0,0.0,0.0,0.0,0.0,0.0,0.0,0.0,0.0,0.0,0.0,97.0,151.0,129.0,77.0,69.0,27.0,26.0,21.0,20.0,20.0,72.0,75.0,61.0,42.0,135.0,123.0,119.0,98.0,49.0,63.0,27.0,34.0,53.0,44.0,56.0,51.0
46,270.0,326.0,361.0,393.0,313.0,143.0,83.0,83.0,82.0,85.0,96.0,296.0,232.0,575.0,546.0,718.0,666.0,618.0,552.0,590.0,622.0,596.0,641.0,900.0,483.0,612.0,0.0,0.0,0.0,0.0,0.0,0.0,0.0,0.0,0.0,0.0,0.0,0.0,0.0,312.0,296.0,316.0,276.0,257.0,274.0,279.0,285.0,248.0,326.0,341.0,281.0,305.0,270.0,231.0,246.0,236.0,236.0,320.0,329.0,377.0,340.0,383.0,402.0,319.0,303.0,0.0,0.0,0.0,0.0,0.0,0.0,0.0,0.0,0.0,0.0,0.0,0.0,0.0,61.0,97.0,151.0,129.0,77.0,69.0,27.0,26.0,21.0,20.0,20.0,72.0,48.0,51.0,42.0,135.0,123.0,119.0,98.0,49.0,63.0,27.0,34.0,53.0,44.0,48.0
47,232.0,270.0,326.0,361.0,393.0,313.0,143.0,83.0,83.0,82.0,85.0,96.0,112.0,612.0,575.0,546.0,718.0,666.0,618.0,552.0,590.0,622.0,596.0,641.0,900.0,947.0,0.0,0.0,0.0,0.0,0.0,0.0,0.0,0.0,0.0,0.0,0.0,0.0,0.0,305.0,312.0,296.0,316.0,276.0,257.0,274.0,279.0,285.0,248.0,326.0,341.0,317.0,303.0,270.0,231.0,246.0,236.0,236.0,320.0,329.0,377.0,340.0,383.0,402.0,343.0,0.0,0.0,0.0,0.0,0.0,0.0,0.0,0.0,0.0,0.0,0.0,0.0,0.0,48.0,61.0,97.0,151.0,129.0,77.0,69.0,27.0,26.0,21.0,20.0,20.0,91.0,48.0,51.0,42.0,135.0,123.0,119.0,98.0,49.0,63.0,27.0,34.0,53.0,48.0
48,112.0,232.0,270.0,326.0,361.0,393.0,313.0,143.0,83.0,83.0,82.0,85.0,77.0,947.0,612.0,575.0,546.0,718.0,666.0,618.0,552.0,590.0,622.0,596.0,641.0,837.0,0.0,0.0,0.0,0.0,0.0,0.0,0.0,0.0,0.0,0.0,0.0,0.0,0.0,317.0,305.0,312.0,296.0,316.0,276.0,257.0,274.0,279.0,285.0,248.0,326.0,319.0,343.0,303.0,270.0,231.0,246.0,236.0,236.0,320.0,329.0,377.0,340.0,383.0,322.0,0.0,0.0,0.0,0.0,0.0,0.0,0.0,0.0,0.0,0.0,0.0,0.0,0.0,91.0,48.0,61.0,97.0,151.0,129.0,77.0,69.0,27.0,26.0,21.0,20.0,43.0,48.0,48.0,51.0,42.0,135.0,123.0,119.0,98.0,49.0,63.0,27.0,34.0,29.0
49,77.0,112.0,232.0,270.0,326.0,361.0,393.0,313.0,143.0,83.0,83.0,82.0,77.0,837.0,947.0,612.0,575.0,546.0,718.0,666.0,618.0,552.0,590.0,622.0,596.0,723.0,0.0,0.0,0.0,0.0,0.0,0.0,0.0,0.0,0.0,0.0,0.0,0.0,0.0,319.0,317.0,305.0,312.0,296.0,316.0,276.0,257.0,274.0,279.0,285.0,248.0,283.0,322.0,343.0,303.0,270.0,231.0,246.0,236.0,236.0,320.0,329.0,377.0,340.0,314.0,0.0,0.0,0.0,0.0,0.0,0.0,0.0,0.0,0.0,0.0,0.0,0.0,70.0,43.0,91.0,48.0,61.0,97.0,151.0,129.0,77.0,69.0,27.0,26.0,21.0,39.0,29.0,48.0,48.0,51.0,42.0,135.0,123.0,119.0,98.0,49.0,63.0,27.0,62.0
50,77.0,77.0,112.0,232.0,270.0,326.0,361.0,393.0,313.0,143.0,83.0,83.0,116.0,723.0,837.0,947.0,612.0,575.0,546.0,718.0,666.0,618.0,552.0,590.0,622.0,874.0,0.0,0.0,0.0,0.0,0.0,0.0,0.0,0.0,0.0,0.0,0.0,0.0,0.0,283.0,319.0,317.0,305.0,312.0,296.0,316.0,276.0,257.0,274.0,279.0,285.0,317.0,314.0,322.0,343.0,303.0,270.0,231.0,246.0,236.0,236.0,320.0,329.0,377.0,368.0,70.0,0.0,0.0,0.0,0.0,0.0,0.0,0.0,0.0,0.0,0.0,0.0,175.0,39.0,43.0,91.0,48.0,61.0,97.0,151.0,129.0,77.0,69.0,27.0,26.0,50.0,62.0,29.0,48.0,48.0,51.0,42.0,135.0,123.0,119.0,98.0,49.0,63.0,42.0
51,116.0,77.0,77.0,112.0,232.0,270.0,326.0,361.0,393.0,313.0,143.0,83.0,131.0,874.0,723.0,837.0,947.0,612.0,575.0,546.0,718.0,666.0,618.0,552.0,590.0,811.0,0.0,0.0,0.0,0.0,0.0,0.0,0.0,0.0,0.0,0.0,0.0,0.0,0.0,317.0,283.0,319.0,317.0,305.0,312.0,296.0,316.0,276.0,257.0,274.0,279.0,301.0,368.0,314.0,322.0,343.0,303.0,270.0,231.0,246.0,236.0,236.0,320.0,329.0,290.0,175.0,70.0,0.0,0.0,0.0,0.0,0.0,0.0,0.0,0.0,0.0,0.0,190.0,50.0,39.0,43.0,91.0,48.0,61.0,97.0,151.0,129.0,77.0,69.0,27.0,115.0,42.0,62.0,29.0,48.0,48.0,51.0,42.0,135.0,123.0,119.0,98.0,49.0,82.0
52,131.0,116.0,77.0,77.0,112.0,232.0,270.0,326.0,361.0,393.0,313.0,143.0,168.0,811.0,874.0,723.0,837.0,947.0,612.0,575.0,546.0,718.0,666.0,618.0,552.0,803.0,0.0,0.0,0.0,0.0,0.0,0.0,0.0,0.0,0.0,0.0,0.0,0.0,0.0,301.0,317.0,283.0,319.0,317.0,305.0,312.0,296.0,316.0,276.0,257.0,274.0,298.0,290.0,368.0,314.0,322.0,343.0,303.0,270.0,231.0,246.0,236.0,236.0,320.0,276.0,190.0,175.0,70.0,0.0,0.0,0.0,0.0,0.0,0.0,0.0,0.0,0.0,190.0,115.0,50.0,39.0,43.0,91.0,48.0,61.0,97.0,151.0,129.0,77.0,69.0,103.0,82.0,42.0,62.0,29.0,48.0,48.0,51.0,42.0,135.0,123.0,119.0,98.0,89.0
53,168.0,131.0,116.0,77.0,77.0,112.0,232.0,270.0,326.0,361.0,393.0,313.0,311.0,803.0,811.0,874.0,723.0,837.0,947.0,612.0,575.0,546.0,718.0,666.0,618.0,728.0,0.0,0.0,0.0,0.0,0.0,0.0,0.0,0.0,0.0,0.0,0.0,0.0,0.0,298.0,301.0,317.0,283.0,319.0,317.0,305.0,312.0,296.0,316.0,276.0,257.0,286.0,276.0,290.0,368.0,314.0,322.0,343.0,303.0,270.0,231.0,246.0,236.0,236.0,251.0,190.0,190.0,175.0,70.0,0.0,0.0,0.0,0.0,0.0,0.0,0.0,0.0,138.0,103.0,115.0,50.0,39.0,43.0,91.0,48.0,61.0,97.0,151.0,129.0,77.0,144.0,89.0,82.0,42.0,62.0,29.0,48.0,48.0,51.0,42.0,135.0,123.0,119.0,106.0
54,311.0,168.0,131.0,116.0,77.0,77.0,112.0,232.0,270.0,326.0,361.0,393.0,396.0,728.0,803.0,811.0,874.0,723.0,837.0,947.0,612.0,575.0,546.0,718.0,666.0,962.0,0.0,0.0,0.0,0.0,0.0,0.0,0.0,0.0,0.0,0.0,0.0,0.0,0.0,286.0,298.0,301.0,317.0,283.0,319.0,317.0,305.0,312.0,296.0,316.0,276.0,258.0,251.0,276.0,290.0,368.0,314.0,322.0,343.0,303.0,270.0,231.0,246.0,236.0,278.0,138.0,190.0,190.0,175.0,70.0,0.0,0.0,0.0,0.0,0.0,0.0,0.0,155.0,144.0,103.0,115.0,50.0,39.0,43.0,91.0,48.0,61.0,97.0,151.0,129.0,168.0,106.0,89.0,82.0,42.0,62.0,29.0,48.0,48.0,51.0,42.0,135.0,123.0,102.0
55,396.0,311.0,168.0,131.0,116.0,77.0,77.0,112.0,232.0,270.0,326.0,361.0,436.0,962.0,728.0,803.0,811.0,874.0,723.0,837.0,947.0,612.0,575.0,546.0,718.0,975.0,0.0,0.0,0.0,0.0,0.0,0.0,0.0,0.0,0.0,0.0,0.0,0.0,0.0,258.0,286.0,298.0,301.0,317.0,283.0,319.0,317.0,305.0,312.0,296.0,316.0,258.0,278.0,251.0,276.0,290.0,368.0,314.0,322.0,343.0,303.0,270.0,231.0,246.0,309.0,155.0,138.0,190.0,190.0,175.0,70.0,0.0,0.0,0.0,0.0,0.0,0.0,175.0,168.0,144.0,103.0,115.0,50.0,39.0,43.0,91.0,48.0,61.0,97.0,151.0,125.0,102.0,106.0,89.0,82.0,42.0,62.0,29.0,48.0,48.0,51.0,42.0,135.0,78.0
56,436.0,396.0,311.0,168.0,131.0,116.0,77.0,77.0,112.0,232.0,270.0,326.0,364.0,975.0,962.0,728.0,803.0,811.0,874.0,723.0,837.0,947.0,612.0,575.0,546.0,852.0,0.0,0.0,0.0,0.0,0.0,0.0,0.0,0.0,0.0,0.0,0.0,0.0,0.0,258.0,258.0,286.0,298.0,301.0,317.0,283.0,319.0,317.0,305.0,312.0,296.0,283.0,309.0,278.0,251.0,276.0,290.0,368.0,314.0,322.0,343.0,303.0,270.0,231.0,282.0,175.0,155.0,138.0,190.0,190.0,175.0,70.0,0.0,0.0,0.0,0.0,0.0,160.0,125.0,168.0,144.0,103.0,115.0,50.0,39.0,43.0,91.0,48.0,61.0,97.0,135.0,78.0,102.0,106.0,89.0,82.0,42.0,62.0,29.0,48.0,48.0,51.0,42.0,65.0
57,364.0,436.0,396.0,311.0,168.0,131.0,116.0,77.0,77.0,112.0,232.0,270.0,318.0,852.0,975.0,962.0,728.0,803.0,811.0,874.0,723.0,837.0,947.0,612.0,575.0,922.0,0.0,0.0,0.0,0.0,0.0,0.0,0.0,0.0,0.0,0.0,0.0,0.0,0.0,283.0,258.0,258.0,286.0,298.0,301.0,317.0,283.0,319.0,317.0,305.0,312.0,305.0,282.0,309.0,278.0,251.0,276.0,290.0,368.0,314.0,322.0,343.0,303.0,270.0,316.0,160.0,175.0,155.0,138.0,190.0,190.0,175.0,70.0,0.0,0.0,0.0,0.0,177.0,135.0,125.0,168.0,144.0,103.0,115.0,50.0,39.0,43.0,91.0,48.0,61.0,102.0,65.0,78.0,102.0,106.0,89.0,82.0,42.0,62.0,29.0,48.0,48.0,51.0,26.0
58,318.0,364.0,436.0,396.0,311.0,168.0,131.0,116.0,77.0,77.0,112.0,232.0,280.0,922.0,852.0,975.0,962.0,728.0,803.0,811.0,874.0,723.0,837.0,947.0,612.0,822.0,0.0,0.0,0.0,0.0,0.0,0.0,0.0,0.0,0.0,0.0,0.0,0.0,0.0,305.0,283.0,258.0,258.0,286.0,298.0,301.0,317.0,283.0,319.0,317.0,305.0,281.0,316.0,282.0,309.0,278.0,251.0,276.0,290.0,368.0,314.0,322.0,343.0,303.0,370.0,177.0,160.0,175.0,155.0,138.0,190.0,190.0,175.0,70.0,0.0,0.0,0.0,226.0,102.0,135.0,125.0,168.0,144.0,103.0,115.0,50.0,39.0,43.0,91.0,48.0,54.0,26.0,65.0,78.0,102.0,106.0,89.0,82.0,42.0,62.0,29.0,48.0,48.0,39.0
59,280.0,318.0,364.0,436.0,396.0,311.0,168.0,131.0,116.0,77.0,77.0,112.0,213.0,822.0,922.0,852.0,975.0,962.0,728.0,803.0,811.0,874.0,723.0,837.0,947.0,1039.0,0.0,0.0,0.0,0.0,0.0,0.0,0.0,0.0,0.0,0.0,0.0,0.0,0.0,281.0,305.0,283.0,258.0,258.0,286.0,298.0,301.0,317.0,283.0,319.0,317.0,324.0,370.0,316.0,282.0,309.0,278.0,251.0,276.0,290.0,368.0,314.0,322.0,343.0,366.0,226.0,177.0,160.0,175.0,155.0,138.0,190.0,190.0,175.0,70.0,0.0,0.0,229.0,54.0,102.0,135.0,125.0,168.0,144.0,103.0,115.0,50.0,39.0,43.0,91.0,135.0,39.0,26.0,65.0,78.0,102.0,106.0,89.0,82.0,42.0,62.0,29.0,48.0,33.0
60,213.0,280.0,318.0,364.0,436.0,396.0,311.0,168.0,131.0,116.0,77.0,77.0,143.0,1039.0,822.0,922.0,852.0,975.0,962.0,728.0,803.0,811.0,874.0,723.0,837.0,776.0,0.0,0.0,0.0,0.0,0.0,0.0,0.0,0.0,0.0,0.0,0.0,0.0,0.0,324.0,281.0,305.0,283.0,258.0,258.0,286.0,298.0,301.0,317.0,283.0,319.0,356.0,366.0,370.0,316.0,282.0,309.0,278.0,251.0,276.0,290.0,368.0,314.0,322.0,377.0,229.0,226.0,177.0,160.0,175.0,155.0,138.0,190.0,190.0,175.0,70.0,0.0,240.0,135.0,54.0,102.0,135.0,125.0,168.0,144.0,103.0,115.0,50.0,39.0,43.0,56.0,33.0,39.0,26.0,65.0,78.0,102.0,106.0,89.0,82.0,42.0,62.0,29.0,43.0
61,143.0,213.0,280.0,318.0,364.0,436.0,396.0,311.0,168.0,131.0,116.0,77.0,102.0,776.0,1039.0,822.0,922.0,852.0,975.0,962.0,728.0,803.0,811.0,874.0,723.0,824.0,0.0,0.0,0.0,0.0,0.0,0.0,0.0,0.0,0.0,0.0,0.0,0.0,0.0,356.0,324.0,281.0,305.0,283.0,258.0,258.0,286.0,298.0,301.0,317.0,283.0,328.0,377.0,366.0,370.0,316.0,282.0,309.0,278.0,251.0,276.0,290.0,368.0,314.0,299.0,240.0,229.0,226.0,177.0,160.0,175.0,155.0,138.0,190.0,190.0,175.0,70.0,200.0,56.0,135.0,54.0,102.0,135.0,125.0,168.0,144.0,103.0,115.0,50.0,39.0,59.0,43.0,33.0,39.0,26.0,65.0,78.0,102.0,106.0,89.0,82.0,42.0,62.0,74.0
62,102.0,143.0,213.0,280.0,318.0,364.0,436.0,396.0,311.0,168.0,131.0,116.0,115.0,824.0,776.0,1039.0,822.0,922.0,852.0,975.0,962.0,728.0,803.0,811.0,874.0,899.0,0.0,0.0,0.0,0.0,0.0,0.0,0.0,0.0,0.0,0.0,0.0,0.0,0.0,328.0,356.0,324.0,281.0,305.0,283.0,258.0,258.0,286.0,298.0,301.0,317.0,336.0,299.0,377.0,366.0,370.0,316.0,282.0,309.0,278.0,251.0,276.0,290.0,368.0,246.0,200.0,240.0,229.0,226.0,177.0,160.0,175.0,155.0,138.0,190.0,190.0,175.0,200.0,59.0,56.0,135.0,54.0,102.0,135.0,125.0,168.0,144.0,103.0,115.0,50.0,50.0,74.0,43.0,33.0,39.0,26.0,65.0,78.0,102.0,106.0,89.0,82.0,42.0,44.0
63,115.0,102.0,143.0,213.0,280.0,318.0,364.0,436.0,396.0,311.0,168.0,131.0,111.0,899.0,824.0,776.0,1039.0,822.0,922.0,852.0,975.0,962.0,728.0,803.0,811.0,835.0,0.0,0.0,0.0,0.0,0.0,0.0,0.0,0.0,0.0,0.0,0.0,0.0,0.0,336.0,328.0,356.0,324.0,281.0,305.0,283.0,258.0,258.0,286.0,298.0,301.0,301.0,246.0,299.0,377.0,366.0,370.0,316.0,282.0,309.0,278.0,251.0,276.0,290.0,252.0,200.0,200.0,240.0,229.0,226.0,177.0,160.0,175.0,155.0,138.0,190.0,190.0,165.0,50.0,59.0,56.0,135.0,54.0,102.0,135.0,125.0,168.0,144.0,103.0,115.0,95.0,44.0,74.0,43.0,33.0,39.0,26.0,65.0,78.0,102.0,106.0,89.0,82.0,66.0
64,111.0,115.0,102.0,143.0,213.0,280.0,318.0,364.0,436.0,396.0,311.0,168.0,131.0,835.0,899.0,824.0,776.0,1039.0,822.0,922.0,852.0,975.0,962.0,728.0,803.0,783.0,0.0,0.0,0.0,0.0,0.0,0.0,0.0,0.0,0.0,0.0,0.0,0.0,0.0,301.0,336.0,328.0,356.0,324.0,281.0,305.0,283.0,258.0,258.0,286.0,298.0,289.0,252.0,246.0,299.0,377.0,366.0,370.0,316.0,282.0,309.0,278.0,251.0,276.0,241.0,165.0,200.0,200.0,240.0,229.0,226.0,177.0,160.0,175.0,155.0,138.0,190.0,176.0,95.0,50.0,59.0,56.0,135.0,54.0,102.0,135.0,125.0,168.0,144.0,103.0,103.0,66.0,44.0,74.0,43.0,33.0,39.0,26.0,65.0,78.0,102.0,106.0,89.0,52.0
65,131.0,111.0,115.0,102.0,143.0,213.0,280.0,318.0,364.0,436.0,396.0,311.0,308.0,783.0,835.0,899.0,824.0,776.0,1039.0,822.0,922.0,852.0,975.0,962.0,728.0,702.0,0.0,0.0,0.0,0.0,0.0,0.0,0.0,0.0,0.0,0.0,0.0,0.0,0.0,289.0,301.0,336.0,328.0,356.0,324.0,281.0,305.0,283.0,258.0,258.0,286.0,289.0,241.0,252.0,246.0,299.0,377.0,366.0,370.0,316.0,282.0,309.0,278.0,251.0,233.0,176.0,165.0,200.0,200.0,240.0,229.0,226.0,177.0,160.0,175.0,155.0,138.0,135.0,103.0,95.0,50.0,59.0,56.0,135.0,54.0,102.0,135.0,125.0,168.0,144.0,122.0,52.0,66.0,44.0,74.0,43.0,33.0,39.0,26.0,65.0,78.0,102.0,106.0,75.0
66,308.0,131.0,111.0,115.0,102.0,143.0,213.0,280.0,318.0,364.0,436.0,396.0,378.0,702.0,783.0,835.0,899.0,824.0,776.0,1039.0,822.0,922.0,852.0,975.0,962.0,667.0,0.0,0.0,0.0,0.0,0.0,0.0,0.0,0.0,0.0,0.0,0.0,0.0,0.0,289.0,289.0,301.0,336.0,328.0,356.0,324.0,281.0,305.0,283.0,258.0,258.0,281.0,233.0,241.0,252.0,246.0,299.0,377.0,366.0,370.0,316.0,282.0,309.0,278.0,237.0,135.0,176.0,165.0,200.0,200.0,240.0,229.0,226.0,177.0,160.0,175.0,155.0,163.0,122.0,103.0,95.0,50.0,59.0,56.0,135.0,54.0,102.0,135.0,125.0,168.0,157.0,75.0,52.0,66.0,44.0,74.0,43.0,33.0,39.0,26.0,65.0,78.0,102.0,94.0
67,378.0,308.0,131.0,111.0,115.0,102.0,143.0,213.0,280.0,318.0,364.0,436.0,446.0,667.0,702.0,783.0,835.0,899.0,824.0,776.0,1039.0,822.0,922.0,852.0,975.0,743.0,0.0,0.0,0.0,0.0,0.0,0.0,0.0,0.0,0.0,0.0,0.0,0.0,0.0,281.0,289.0,289.0,301.0,336.0,328.0,356.0,324.0,281.0,305.0,283.0,258.0,236.0,237.0,233.0,241.0,252.0,246.0,299.0,377.0,366.0,370.0,316.0,282.0,309.0,236.0,163.0,135.0,176.0,165.0,200.0,200.0,240.0,229.0,226.0,177.0,160.0,175.0,165.0,157.0,122.0,103.0,95.0,50.0,59.0,56.0,135.0,54.0,102.0,135.0,125.0,116.0,94.0,75.0,52.0,66.0,44.0,74.0,43.0,33.0,39.0,26.0,65.0,78.0,71.0
68,446.0,378.0,308.0,131.0,111.0,115.0,102.0,143.0,213.0,280.0,318.0,364.0,299.0,743.0,667.0,702.0,783.0,835.0,899.0,824.0,776.0,1039.0,822.0,922.0,852.0,641.0,0.0,0.0,0.0,0.0,0.0,0.0,0.0,0.0,0.0,0.0,0.0,0.0,9.0,236.0,281.0,289.0,289.0,301.0,336.0,328.0,356.0,324.0,281.0,305.0,283.0,258.0,236.0,237.0,233.0,241.0,252.0,246.0,299.0,377.0,366.0,370.0,316.0,282.0,221.0,165.0,163.0,135.0,176.0,165.0,200.0,200.0,240.0,229.0,226.0,177.0,160.0,137.0,116.0,157.0,122.0,103.0,95.0,50.0,59.0,56.0,135.0,54.0,102.0,135.0,102.0,71.0,94.0,75.0,52.0,66.0,44.0,74.0,43.0,33.0,39.0,26.0,65.0,50.0
69,299.0,446.0,378.0,308.0,131.0,111.0,115.0,102.0,143.0,213.0,280.0,318.0,357.0,641.0,743.0,667.0,702.0,783.0,835.0,899.0,824.0,776.0,1039.0,822.0,922.0,648.0,9.0,0.0,0.0,0.0,0.0,0.0,0.0,0.0,0.0,0.0,0.0,0.0,0.0,258.0,236.0,281.0,289.0,289.0,301.0,336.0,328.0,356.0,324.0,281.0,305.0,258.0,221.0,236.0,237.0,233.0,241.0,252.0,246.0,299.0,377.0,366.0,370.0,316.0,221.0,137.0,165.0,163.0,135.0,176.0,165.0,200.0,200.0,240.0,229.0,226.0,177.0,149.0,102.0,116.0,157.0,122.0,103.0,95.0,50.0,59.0,56.0,135.0,54.0,102.0,58.0,50.0,71.0,94.0,75.0,52.0,66.0,44.0,74.0,43.0,33.0,39.0,26.0,49.0
70,357.0,299.0,446.0,378.0,308.0,131.0,111.0,115.0,102.0,143.0,213.0,280.0,273.0,648.0,641.0,743.0,667.0,702.0,783.0,835.0,899.0,824.0,776.0,1039.0,822.0,669.0,0.0,9.0,0.0,0.0,0.0,0.0,0.0,0.0,0.0,0.0,0.0,0.0,7.0,258.0,258.0,236.0,281.0,289.0,289.0,301.0,336.0,328.0,356.0,324.0,281.0,259.0,221.0,221.0,236.0,237.0,233.0,241.0,252.0,246.0,299.0,377.0,366.0,370.0,210.0,149.0,137.0,165.0,163.0,135.0,176.0,165.0,200.0,200.0,240.0,229.0,226.0,139.0,58.0,102.0,116.0,157.0,122.0,103.0,95.0,50.0,59.0,56.0,135.0,54.0,43.0,49.0,50.0,71.0,94.0,75.0,52.0,66.0,44.0,74.0,43.0,33.0,39.0,38.0
71,273.0,357.0,299.0,446.0,378.0,308.0,131.0,111.0,115.0,102.0,143.0,213.0,155.0,669.0,648.0,641.0,743.0,667.0,702.0,783.0,835.0,899.0,824.0,776.0,1039.0,826.0,7.0,0.0,9.0,0.0,0.0,0.0,0.0,0.0,0.0,0.0,0.0,0.0,7.0,259.0,258.0,258.0,236.0,281.0,289.0,289.0,301.0,336.0,328.0,356.0,324.0,296.0,210.0,221.0,221.0,236.0,237.0,233.0,241.0,252.0,246.0,299.0,377.0,366.0,275.0,139.0,149.0,137.0,165.0,163.0,135.0,176.0,165.0,200.0,200.0,240.0,229.0,234.0,43.0,58.0,102.0,116.0,157.0,122.0,103.0,95.0,50.0,59.0,56.0,135.0,29.0,38.0,49.0,50.0,71.0,94.0,75.0,52.0,66.0,44.0,74.0,43.0,33.0,81.0
72,155.0,273.0,357.0,299.0,446.0,378.0,308.0,131.0,111.0,115.0,102.0,143.0,146.0,826.0,669.0,648.0,641.0,743.0,667.0,702.0,783.0,835.0,899.0,824.0,776.0,722.0,7.0,7.0,0.0,9.0,0.0,0.0,0.0,0.0,0.0,0.0,0.0,0.0,6.0,296.0,259.0,258.0,258.0,236.0,281.0,289.0,289.0,301.0,336.0,328.0,356.0,271.0,275.0,210.0,221.0,221.0,236.0,237.0,233.0,241.0,252.0,246.0,299.0,377.0,225.0,234.0,139.0,149.0,137.0,165.0,163.0,135.0,176.0,165.0,200.0,200.0,240.0,303.0,29.0,43.0,58.0,102.0,116.0,157.0,122.0,103.0,95.0,50.0,59.0,56.0,61.0,81.0,38.0,49.0,50.0,71.0,94.0,75.0,52.0,66.0,44.0,74.0,43.0,80.0
73,146.0,155.0,273.0,357.0,299.0,446.0,378.0,308.0,131.0,111.0,115.0,102.0,95.0,722.0,826.0,669.0,648.0,641.0,743.0,667.0,702.0,783.0,835.0,899.0,824.0,613.0,6.0,7.0,7.0,0.0,9.0,0.0,0.0,0.0,0.0,0.0,0.0,0.0,1.0,271.0,296.0,259.0,258.0,258.0,236.0,281.0,289.0,289.0,301.0,336.0,328.0,211.0,225.0,275.0,210.0,221.0,221.0,236.0,237.0,233.0,241.0,252.0,246.0,299.0,195.0,303.0,234.0,139.0,149.0,137.0,165.0,163.0,135.0,176.0,165.0,200.0,200.0,212.0,61.0,29.0,43.0,58.0,102.0,116.0,157.0,122.0,103.0,95.0,50.0,59.0,60.0,80.0,81.0,38.0,49.0,50.0,71.0,94.0,75.0,52.0,66.0,44.0,74.0,126.0
74,95.0,146.0,155.0,273.0,357.0,299.0,446.0,378.0,308.0,131.0,111.0,115.0,160.0,613.0,722.0,826.0,669.0,648.0,641.0,743.0,667.0,702.0,783.0,835.0,899.0,817.0,1.0,6.0,7.0,7.0,0.0,9.0,0.0,0.0,0.0,0.0,0.0,0.0,11.0,211.0,271.0,296.0,259.0,258.0,258.0,236.0,281.0,289.0,289.0,301.0,336.0,287.0,195.0,225.0,275.0,210.0,221.0,221.0,236.0,237.0,233.0,241.0,252.0,246.0,247.0,212.0,303.0,234.0,139.0,149.0,137.0,165.0,163.0,135.0,176.0,165.0,200.0,242.0,60.0,61.0,29.0,43.0,58.0,102.0,116.0,157.0,122.0,103.0,95.0,50.0,38.0,126.0,80.0,81.0,38.0,49.0,50.0,71.0,94.0,75.0,52.0,66.0,44.0,178.0
75,160.0,95.0,146.0,155.0,273.0,357.0,299.0,446.0,378.0,308.0,131.0,111.0,195.0,817.0,613.0,722.0,826.0,669.0,648.0,641.0,743.0,667.0,702.0,783.0,835.0,705.0,11.0,1.0,6.0,7.0,7.0,0.0,9.0,0.0,0.0,0.0,0.0,0.0,0.0,287.0,211.0,271.0,296.0,259.0,258.0,258.0,236.0,281.0,289.0,289.0,301.0,280.0,247.0,195.0,225.0,275.0,210.0,221.0,221.0,236.0,237.0,233.0,241.0,252.0,179.0,242.0,212.0,303.0,234.0,139.0,149.0,137.0,165.0,163.0,135.0,176.0,165.0,206.0,38.0,60.0,61.0,29.0,43.0,58.0,102.0,116.0,157.0,122.0,103.0,95.0,39.0,178.0,126.0,80.0,81.0,38.0,49.0,50.0,71.0,94.0,75.0,52.0,66.0,73.0
76,195.0,160.0,95.0,146.0,155.0,273.0,357.0,299.0,446.0,378.0,308.0,131.0,130.0,705.0,817.0,613.0,722.0,826.0,669.0,648.0,641.0,743.0,667.0,702.0,783.0,1061.0,0.0,11.0,1.0,6.0,7.0,7.0,0.0,9.0,0.0,0.0,0.0,0.0,2.0,280.0,287.0,211.0,271.0,296.0,259.0,258.0,258.0,236.0,281.0,289.0,289.0,242.0,179.0,247.0,195.0,225.0,275.0,210.0,221.0,221.0,236.0,237.0,233.0,241.0,206.0,206.0,242.0,212.0,303.0,234.0,139.0,149.0,137.0,165.0,163.0,135.0,176.0,185.0,39.0,38.0,60.0,61.0,29.0,43.0,58.0,102.0,116.0,157.0,122.0,103.0,51.0,73.0,178.0,126.0,80.0,81.0,38.0,49.0,50.0,71.0,94.0,75.0,52.0,73.0
77,130.0,195.0,160.0,95.0,146.0,155.0,273.0,357.0,299.0,446.0,378.0,308.0,180.0,1061.0,705.0,817.0,613.0,722.0,826.0,669.0,648.0,641.0,743.0,667.0,702.0,778.0,2.0,0.0,11.0,1.0,6.0,7.0,7.0,0.0,9.0,0.0,0.0,0.0,2.0,242.0,280.0,287.0,211.0,271.0,296.0,259.0,258.0,258.0,236.0,281.0,289.0,184.0,206.0,179.0,247.0,195.0,225.0,275.0,210.0,221.0,221.0,236.0,237.0,233.0,206.0,185.0,206.0,242.0,212.0,303.0,234.0,139.0,149.0,137.0,165.0,163.0,135.0,189.0,51.0,39.0,38.0,60.0,61.0,29.0,43.0,58.0,102.0,116.0,157.0,122.0,93.0,73.0,73.0,178.0,126.0,80.0,81.0,38.0,49.0,50.0,71.0,94.0,75.0,44.0
78,180.0,130.0,195.0,160.0,95.0,146.0,155.0,273.0,357.0,299.0,446.0,378.0,109.0,778.0,1061.0,705.0,817.0,613.0,722.0,826.0,669.0,648.0,641.0,743.0,667.0,932.0,2.0,2.0,0.0,11.0,1.0,6.0,7.0,7.0,0.0,9.0,0.0,0.0,2.0,184.0,242.0,280.0,287.0,211.0,271.0,296.0,259.0,258.0,258.0,236.0,281.0,182.0,206.0,206.0,179.0,247.0,195.0,225.0,275.0,210.0,221.0,221.0,236.0,237.0,276.0,189.0,185.0,206.0,242.0,212.0,303.0,234.0,139.0,149.0,137.0,165.0,163.0,324.0,93.0,51.0,39.0,38.0,60.0,61.0,29.0,43.0,58.0,102.0,116.0,157.0,142.0,44.0,73.0,73.0,178.0,126.0,80.0,81.0,38.0,49.0,50.0,71.0,94.0,75.0
79,109.0,180.0,130.0,195.0,160.0,95.0,146.0,155.0,273.0,357.0,299.0,446.0,86.0,932.0,778.0,1061.0,705.0,817.0,613.0,722.0,826.0,669.0,648.0,641.0,743.0,1005.0,2.0,2.0,2.0,0.0,11.0,1.0,6.0,7.0,7.0,0.0,9.0,0.0,12.0,182.0,184.0,242.0,280.0,287.0,211.0,271.0,296.0,259.0,258.0,258.0,236.0,210.0,276.0,206.0,206.0,179.0,247.0,195.0,225.0,275.0,210.0,221.0,221.0,236.0,334.0,324.0,189.0,185.0,206.0,242.0,212.0,303.0,234.0,139.0,149.0,137.0,165.0,296.0,142.0,93.0,51.0,39.0,38.0,60.0,61.0,29.0,43.0,58.0,102.0,116.0,193.0,75.0,44.0,73.0,73.0,178.0,126.0,80.0,81.0,38.0,49.0,50.0,71.0,75.0
80,86.0,109.0,180.0,130.0,195.0,160.0,95.0,146.0,155.0,273.0,357.0,299.0,229.0,1005.0,932.0,778.0,1061.0,705.0,817.0,613.0,722.0,826.0,669.0,648.0,641.0,929.0,12.0,2.0,2.0,2.0,0.0,11.0,1.0,6.0,7.0,7.0,0.0,9.0,37.0,210.0,182.0,184.0,242.0,280.0,287.0,211.0,271.0,296.0,259.0,258.0,258.0,195.0,334.0,276.0,206.0,206.0,179.0,247.0,195.0,225.0,275.0,210.0,221.0,221.0,213.0,296.0,324.0,189.0,185.0,206.0,242.0,212.0,303.0,234.0,139.0,149.0,137.0,216.0,193.0,142.0,93.0,51.0,39.0,38.0,60.0,61.0,29.0,43.0,58.0,102.0,90.0,75.0,75.0,44.0,73.0,73.0,178.0,126.0,80.0,81.0,38.0,49.0,50.0,29.0
81,229.0,86.0,109.0,180.0,130.0,195.0,160.0,95.0,146.0,155.0,273.0,357.0,316.0,929.0,1005.0,932.0,778.0,1061.0,705.0,817.0,613.0,722.0,826.0,669.0,648.0,870.0,37.0,12.0,2.0,2.0,2.0,0.0,11.0,1.0,6.0,7.0,7.0,0.0,280.0,195.0,210.0,182.0,184.0,242.0,280.0,287.0,211.0,271.0,296.0,259.0,258.0,199.0,213.0,334.0,276.0,206.0,206.0,179.0,247.0,195.0,225.0,275.0,210.0,221.0,196.0,216.0,296.0,324.0,189.0,185.0,206.0,242.0,212.0,303.0,234.0,139.0,149.0,248.0,90.0,193.0,142.0,93.0,51.0,39.0,38.0,60.0,61.0,29.0,43.0,58.0,63.0,29.0,75.0,75.0,44.0,73.0,73.0,178.0,126.0,80.0,81.0,38.0,49.0,19.0
82,316.0,229.0,86.0,109.0,180.0,130.0,195.0,160.0,95.0,146.0,155.0,273.0,307.0,870.0,929.0,1005.0,932.0,778.0,1061.0,705.0,817.0,613.0,722.0,826.0,669.0,1013.0,280.0,37.0,12.0,2.0,2.0,2.0,0.0,11.0,1.0,6.0,7.0,7.0,352.0,199.0,195.0,210.0,182.0,184.0,242.0,280.0,287.0,211.0,271.0,296.0,259.0,214.0,196.0,213.0,334.0,276.0,206.0,206.0,179.0,247.0,195.0,225.0,275.0,210.0,224.0,248.0,216.0,296.0,324.0,189.0,185.0,206.0,242.0,212.0,303.0,234.0,139.0,227.0,63.0,90.0,193.0,142.0,93.0,51.0,39.0,38.0,60.0,61.0,29.0,43.0,47.0,19.0,29.0,75.0,75.0,44.0,73.0,73.0,178.0,126.0,80.0,81.0,38.0,11.0
83,307.0,316.0,229.0,86.0,109.0,180.0,130.0,195.0,160.0,95.0,146.0,155.0,299.0,1013.0,870.0,929.0,1005.0,932.0,778.0,1061.0,705.0,817.0,613.0,722.0,826.0,753.0,352.0,280.0,37.0,12.0,2.0,2.0,2.0,0.0,11.0,1.0,6.0,7.0,382.0,214.0,199.0,195.0,210.0,182.0,184.0,242.0,280.0,287.0,211.0,271.0,296.0,258.0,224.0,196.0,213.0,334.0,276.0,206.0,206.0,179.0,247.0,195.0,225.0,275.0,254.0,227.0,248.0,216.0,296.0,324.0,189.0,185.0,206.0,242.0,212.0,303.0,234.0,234.0,47.0,63.0,90.0,193.0,142.0,93.0,51.0,39.0,38.0,60.0,61.0,29.0,43.0,11.0,19.0,29.0,75.0,75.0,44.0,73.0,73.0,178.0,126.0,80.0,81.0,25.0
84,299.0,307.0,316.0,229.0,86.0,109.0,180.0,130.0,195.0,160.0,95.0,146.0,248.0,753.0,1013.0,870.0,929.0,1005.0,932.0,778.0,1061.0,705.0,817.0,613.0,722.0,641.0,382.0,352.0,280.0,37.0,12.0,2.0,2.0,2.0,0.0,11.0,1.0,6.0,286.0,258.0,214.0,199.0,195.0,210.0,182.0,184.0,242.0,280.0,287.0,211.0,271.0,282.0,254.0,224.0,196.0,213.0,334.0,276.0,206.0,206.0,179.0,247.0,195.0,225.0,235.0,234.0,227.0,248.0,216.0,296.0,324.0,189.0,185.0,206.0,242.0,212.0,303.0,166.0,43.0,47.0,63.0,90.0,193.0,142.0,93.0,51.0,39.0,38.0,60.0,61.0,37.0,25.0,11.0,19.0,29.0,75.0,75.0,44.0,73.0,73.0,178.0,126.0,80.0,9.0
85,248.0,299.0,307.0,316.0,229.0,86.0,109.0,180.0,130.0,195.0,160.0,95.0,156.0,641.0,753.0,1013.0,870.0,929.0,1005.0,932.0,778.0,1061.0,705.0,817.0,613.0,548.0,286.0,382.0,352.0,280.0,37.0,12.0,2.0,2.0,2.0,0.0,11.0,1.0,261.0,282.0,258.0,214.0,199.0,195.0,210.0,182.0,184.0,242.0,280.0,287.0,211.0,267.0,235.0,254.0,224.0,196.0,213.0,334.0,276.0,206.0,206.0,179.0,247.0,195.0,227.0,166.0,234.0,227.0,248.0,216.0,296.0,324.0,189.0,185.0,206.0,242.0,212.0,192.0,37.0,43.0,47.0,63.0,90.0,193.0,142.0,93.0,51.0,39.0,38.0,60.0,40.0,9.0,25.0,11.0,19.0,29.0,75.0,75.0,44.0,73.0,73.0,178.0,126.0,26.0
86,156.0,248.0,299.0,307.0,316.0,229.0,86.0,109.0,180.0,130.0,195.0,160.0,173.0,548.0,641.0,753.0,1013.0,870.0,929.0,1005.0,932.0,778.0,1061.0,705.0,817.0,941.0,261.0,286.0,382.0,352.0,280.0,37.0,12.0,2.0,2.0,2.0,0.0,11.0,312.0,267.0,282.0,258.0,214.0,199.0,195.0,210.0,182.0,184.0,242.0,280.0,287.0,296.0,227.0,235.0,254.0,224.0,196.0,213.0,334.0,276.0,206.0,206.0,179.0,247.0,218.0,192.0,166.0,234.0,227.0,248.0,216.0,296.0,324.0,189.0,185.0,206.0,242.0,189.0,40.0,37.0,43.0,47.0,63.0,90.0,193.0,142.0,93.0,51.0,39.0,38.0,58.0,26.0,9.0,25.0,11.0,19.0,29.0,75.0,75.0,44.0,73.0,73.0,178.0,11.0
87,173.0,156.0,248.0,299.0,307.0,316.0,229.0,86.0,109.0,180.0,130.0,195.0,164.0,941.0,548.0,641.0,753.0,1013.0,870.0,929.0,1005.0,932.0,778.0,1061.0,705.0,963.0,312.0,261.0,286.0,382.0,352.0,280.0,37.0,12.0,2.0,2.0,2.0,0.0,295.0,296.0,267.0,282.0,258.0,214.0,199.0,195.0,210.0,182.0,184.0,242.0,280.0,268.0,218.0,227.0,235.0,254.0,224.0,196.0,213.0,334.0,276.0,206.0,206.0,179.0,200.0,189.0,192.0,166.0,234.0,227.0,248.0,216.0,296.0,324.0,189.0,185.0,206.0,186.0,58.0,40.0,37.0,43.0,47.0,63.0,90.0,193.0,142.0,93.0,51.0,39.0,130.0,11.0,26.0,9.0,25.0,11.0,19.0,29.0,75.0,75.0,44.0,73.0,73.0,34.0
88,164.0,173.0,156.0,248.0,299.0,307.0,316.0,229.0,86.0,109.0,180.0,130.0,132.0,963.0,941.0,548.0,641.0,753.0,1013.0,870.0,929.0,1005.0,932.0,778.0,1061.0,1106.0,295.0,312.0,261.0,286.0,382.0,352.0,280.0,37.0,12.0,2.0,2.0,2.0,298.0,268.0,296.0,267.0,282.0,258.0,214.0,199.0,195.0,210.0,182.0,184.0,242.0,226.0,200.0,218.0,227.0,235.0,254.0,224.0,196.0,213.0,334.0,276.0,206.0,206.0,226.0,186.0,189.0,192.0,166.0,234.0,227.0,248.0,216.0,296.0,324.0,189.0,185.0,184.0,130.0,58.0,40.0,37.0,43.0,47.0,63.0,90.0,193.0,142.0,93.0,51.0,81.0,34.0,11.0,26.0,9.0,25.0,11.0,19.0,29.0,75.0,75.0,44.0,73.0,65.0
89,132.0,164.0,173.0,156.0,248.0,299.0,307.0,316.0,229.0,86.0,109.0,180.0,272.0,1106.0,963.0,941.0,548.0,641.0,753.0,1013.0,870.0,929.0,1005.0,932.0,778.0,947.0,298.0,295.0,312.0,261.0,286.0,382.0,352.0,280.0,37.0,12.0,2.0,2.0,226.0,226.0,268.0,296.0,267.0,282.0,258.0,214.0,199.0,195.0,210.0,182.0,184.0,199.0,226.0,200.0,218.0,227.0,235.0,254.0,224.0,196.0,213.0,334.0,276.0,206.0,241.0,184.0,186.0,189.0,192.0,166.0,234.0,227.0,248.0,216.0,296.0,324.0,189.0,154.0,81.0,130.0,58.0,40.0,37.0,43.0,47.0,63.0,90.0,193.0,142.0,93.0,123.0,65.0,34.0,11.0,26.0,9.0,25.0,11.0,19.0,29.0,75.0,75.0,44.0,71.0
90,272.0,132.0,164.0,173.0,156.0,248.0,299.0,307.0,316.0,229.0,86.0,109.0,189.0,947.0,1106.0,963.0,941.0,548.0,641.0,753.0,1013.0,870.0,929.0,1005.0,932.0,725.0,226.0,298.0,295.0,312.0,261.0,286.0,382.0,352.0,280.0,37.0,12.0,2.0,210.0,199.0,226.0,268.0,296.0,267.0,282.0,258.0,214.0,199.0,195.0,210.0,182.0,214.0,241.0,226.0,200.0,218.0,227.0,235.0,254.0,224.0,196.0,213.0,334.0,276.0,303.0,154.0,184.0,186.0,189.0,192.0,166.0,234.0,227.0,248.0,216.0,296.0,324.0,197.0,123.0,81.0,130.0,58.0,40.0,37.0,43.0,47.0,63.0,90.0,193.0,142.0,157.60500000000002,71.0,65.0,34.0,11.0,26.0,9.0,25.0,11.0,19.0,29.0,75.0,75.0,83.0
91,189.0,272.0,132.0,164.0,173.0,156.0,248.0,299.0,307.0,316.0,229.0,86.0,90.0,725.0,947.0,1106.0,963.0,941.0,548.0,641.0,753.0,1013.0,870.0,929.0,1005.0,759.0,210.0,226.0,298.0,295.0,312.0,261.0,286.0,382.0,352.0,280.0,37.0,12.0,248.0,214.0,199.0,226.0,268.0,296.0,267.0,282.0,258.0,214.0,199.0,195.0,210.0,201.0,303.0,241.0,226.0,200.0,218.0,227.0,235.0,254.0,224.0,196.0,213.0,334.0,309.0,197.0,154.0,184.0,186.0,189.0,192.0,166.0,234.0,227.0,248.0,216.0,296.0,226.0,157.60500000000002,123.0,81.0,130.0,58.0,40.0,37.0,43.0,47.0,63.0,90.0,193.0,162.314,83.0,71.0,65.0,34.0,11.0,26.0,9.0,25.0,11.0,19.0,29.0,75.0,47.0
92,90.0,189.0,272.0,132.0,164.0,173.0,156.0,248.0,299.0,307.0,316.0,229.0,59.0,759.0,725.0,947.0,1106.0,963.0,941.0,548.0,641.0,753.0,1013.0,870.0,929.0,1007.0,248.0,210.0,226.0,298.0,295.0,312.0,261.0,286.0,382.0,352.0,280.0,37.0,249.0,201.0,214.0,199.0,226.0,268.0,296.0,267.0,282.0,258.0,214.0,199.0,195.0,198.0,309.0,303.0,241.0,226.0,200.0,218.0,227.0,235.0,254.0,224.0,196.0,213.0,240.0,226.0,197.0,154.0,184.0,186.0,189.0,192.0,166.0,234.0,227.0,248.0,216.0,163.0,162.314,157.60500000000002,123.0,81.0,130.0,58.0,40.0,37.0,43.0,47.0,63.0,90.0,157.079,47.0,83.0,71.0,65.0,34.0,11.0,26.0,9.0,25.0,11.0,19.0,29.0,39.0
93,59.0,90.0,189.0,272.0,132.0,164.0,173.0,156.0,248.0,299.0,307.0,316.0,68.327,1007.0,759.0,725.0,947.0,1106.0,963.0,941.0,548.0,641.0,753.0,1013.0,870.0,817.2819999999999,249.0,248.0,210.0,226.0,298.0,295.0,312.0,261.0,286.0,382.0,352.0,280.0,310.807,198.0,201.0,214.0,199.0,226.0,268.0,296.0,267.0,282.0,258.0,214.0,199.0,233.513,240.0,309.0,303.0,241.0,226.0,200.0,218.0,227.0,235.0,254.0,224.0,196.0,245.217,163.0,226.0,197.0,154.0,184.0,186.0,189.0,192.0,166.0,234.0,227.0,248.0,176.51299999999998,157.079,162.314,157.60500000000002,123.0,81.0,130.0,58.0,40.0,37.0,43.0,47.0,63.0,162.314,39.0,47.0,83.0,71.0,65.0,34.0,11.0,26.0,9.0,25.0,11.0,19.0,35.06
94,68.327,59.0,90.0,189.0,272.0,132.0,164.0,173.0,156.0,248.0,299.0,307.0,85.886,817.2819999999999,1007.0,759.0,725.0,947.0,1106.0,963.0,941.0,548.0,641.0,753.0,1013.0,1067.174,310.807,249.0,248.0,210.0,226.0,298.0,295.0,312.0,261.0,286.0,382.0,352.0,358.129,233.513,198.0,201.0,214.0,199.0,226.0,268.0,296.0,267.0,282.0,258.0,214.0,241.304,245.217,240.0,309.0,303.0,241.0,226.0,200.0,218.0,227.0,235.0,254.0,224.0,239.492,176.51299999999998,163.0,226.0,197.0,154.0,184.0,186.0,189.0,192.0,166.0,234.0,227.0,170.93200000000002,162.314,157.079,162.314,157.60500000000002,123.0,81.0,130.0,58.0,40.0,37.0,43.0,47.0,157.079,35.06,39.0,47.0,83.0,71.0,65.0,34.0,11.0,26.0,9.0,25.0,11.0,6.562
95,85.886,68.327,59.0,90.0,189.0,272.0,132.0,164.0,173.0,156.0,248.0,299.0,130.12400000000002,1067.174,817.2819999999999,1007.0,759.0,725.0,947.0,1106.0,963.0,941.0,548.0,641.0,753.0,1187.041,358.129,310.807,249.0,248.0,210.0,226.0,298.0,295.0,312.0,261.0,286.0,382.0,384.043,241.304,233.513,198.0,201.0,214.0,199.0,226.0,268.0,296.0,267.0,282.0,258.0,233.009,239.492,245.217,240.0,309.0,303.0,241.0,226.0,200.0,218.0,227.0,235.0,254.0,311.82500000000005,170.93200000000002,176.51299999999998,163.0,226.0,197.0,154.0,184.0,186.0,189.0,192.0,166.0,234.0,262.591,157.079,162.314,157.079,162.314,157.60500000000002,123.0,81.0,130.0,58.0,40.0,37.0,43.0,162.314,6.562,35.06,39.0,47.0,83.0,71.0,65.0,34.0,11.0,26.0,9.0,25.0,19.597
