,0,1,2,3,4,5,6,7,8,9,10,11,12,13,14,15,16,17,18,19,20,21,22,23,24,25,26,27,28,29,30,31,32,33,34,35,36,37,38,39,40,41,42,43,44,45,46,47,48,49,50,51,52,53,54,55,56,57,58,59,60,61,62,63,64,65,66,67,68,69,70,71,72,73,74,75,76,77,78,79,80,81,82,83,84,85,86,87,88,89,90,91,92,93,94,95,96,97,98,99,100,101,102,103,104,105,106,107,108,109,110,111,112,113,114,115,116,117,118,119,120,121,122,123,124,125,126,127,128,129,130,131,132,133,134,135,136,137,138,139,140,141,142,143,144,145,146,147,148,149,150,151,152,153,154,155,156,157,158,159,160,161,162,163,164,165,166,167,168
0,326.0,278.0,276.0,260.0,277.0,178.0,224.0,292.0,277.0,321.55932,290.44068000000004,341.6875,262.0,0.0,0.0,0.0,0.0,0.0,0.0,0.0,0.0,0.0,0.0,0.0,0.0,0.0,229.0,185.0,186.0,189.0,227.0,198.0,153.0,178.0,188.0,208.59323000000003,188.40677,224.9375,217.0,771.0,746.0,771.0,747.0,771.0,771.0,746.0,771.0,746.0,771.0,697.0,771.0,771.0,108.0,81.0,72.0,78.0,96.0,91.0,81.0,80.0,46.0,86.16949,77.83051,105.5,111.0,127.0,118.0,126.0,135.0,145.0,146.0,126.0,120.0,110.0,116.64407,105.35593,123.25,105.0,0.0,0.0,0.0,0.0,0.0,0.0,0.0,0.0,0.0,0.0,0.0,0.0,0.0,9.0,7.0,9.0,8.0,7.0,9.0,7.0,12.0,9.0,7.0,7.0,8.0,6.0,303.0,279.0,281.0,236.0,196.0,209.0,221.0,281.0,276.0,331.01695,298.98305,352.75556,290.0,586.0,463.0,404.0,226.0,100.0,131.0,303.0,342.0,440.0,554.0,565.22034,625.7796599999999,629.0,92.0,61.0,61.0,39.0,67.0,72.0,53.0,43.0,56.0,119.0,117.22034,129.77966,135.0,56.0,45.0,49.0,54.0,55.0,53.0,46.0,60.0,80.0,94.0,92.0,62.0,75.0,0.0,0.0,0.0,0.0,0.0,0.0,0.0,0.0,0.0,0.0,0.0,0.0,0.0
1,262.0,326.0,278.0,276.0,260.0,277.0,178.0,224.0,292.0,277.0,321.55932,290.44068000000004,267.0,0.0,0.0,0.0,0.0,0.0,0.0,0.0,0.0,0.0,0.0,0.0,0.0,0.0,217.0,229.0,185.0,186.0,189.0,227.0,198.0,153.0,178.0,188.0,208.59323000000003,188.40677,201.0,771.0,771.0,746.0,771.0,747.0,771.0,771.0,746.0,771.0,746.0,771.0,697.0,696.0,111.0,108.0,81.0,72.0,78.0,96.0,91.0,81.0,80.0,46.0,86.16949,77.83051,78.0,105.0,127.0,118.0,126.0,135.0,145.0,146.0,126.0,120.0,110.0,116.64407,105.35593,98.0,0.0,0.0,0.0,0.0,0.0,0.0,0.0,0.0,0.0,0.0,0.0,0.0,0.0,6.0,9.0,7.0,9.0,8.0,7.0,9.0,7.0,12.0,9.0,7.0,7.0,7.0,290.0,303.0,279.0,281.0,236.0,196.0,209.0,221.0,281.0,276.0,331.01695,298.98305,261.0,629.0,586.0,463.0,404.0,226.0,100.0,131.0,303.0,342.0,440.0,554.0,565.22034,568.0,135.0,92.0,61.0,61.0,39.0,67.0,72.0,53.0,43.0,56.0,119.0,117.22034,103.0,75.0,56.0,45.0,49.0,54.0,55.0,53.0,46.0,60.0,80.0,94.0,92.0,44.0,0.0,0.0,0.0,0.0,0.0,0.0,0.0,0.0,0.0,0.0,0.0,0.0,0.0
2,267.0,262.0,326.0,278.0,276.0,260.0,277.0,178.0,224.0,292.0,277.0,321.55932,273.0,0.0,0.0,0.0,0.0,0.0,0.0,0.0,0.0,0.0,0.0,0.0,0.0,0.0,201.0,217.0,229.0,185.0,186.0,189.0,227.0,198.0,153.0,178.0,188.0,208.59323000000003,216.0,696.0,771.0,771.0,746.0,771.0,747.0,771.0,771.0,746.0,771.0,746.0,771.0,771.0,78.0,111.0,108.0,81.0,72.0,78.0,96.0,91.0,81.0,80.0,46.0,86.16949,86.0,98.0,105.0,127.0,118.0,126.0,135.0,145.0,146.0,126.0,120.0,110.0,116.64407,95.0,0.0,0.0,0.0,0.0,0.0,0.0,0.0,0.0,0.0,0.0,0.0,0.0,0.0,7.0,6.0,9.0,7.0,9.0,8.0,7.0,9.0,7.0,12.0,9.0,7.0,8.0,261.0,290.0,303.0,279.0,281.0,236.0,196.0,209.0,221.0,281.0,276.0,331.01695,312.0,568.0,629.0,586.0,463.0,404.0,226.0,100.0,131.0,303.0,342.0,440.0,554.0,547.0,103.0,135.0,92.0,61.0,61.0,39.0,67.0,72.0,53.0,43.0,56.0,119.0,94.0,44.0,75.0,56.0,45.0,49.0,54.0,55.0,53.0,46.0,60.0,80.0,94.0,55.0,0.0,0.0,0.0,0.0,0.0,0.0,0.0,0.0,0.0,0.0,0.0,0.0,0.0
3,273.0,267.0,262.0,326.0,278.0,276.0,260.0,277.0,178.0,224.0,292.0,277.0,223.0,0.0,0.0,0.0,0.0,0.0,0.0,0.0,0.0,0.0,0.0,0.0,0.0,0.0,216.0,201.0,217.0,229.0,185.0,186.0,189.0,227.0,198.0,153.0,178.0,188.0,199.0,771.0,696.0,771.0,771.0,746.0,771.0,747.0,771.0,771.0,746.0,771.0,746.0,747.0,86.0,78.0,111.0,108.0,81.0,72.0,78.0,96.0,91.0,81.0,80.0,46.0,48.0,95.0,98.0,105.0,127.0,118.0,126.0,135.0,145.0,146.0,126.0,120.0,110.0,104.0,0.0,0.0,0.0,0.0,0.0,0.0,0.0,0.0,0.0,0.0,0.0,0.0,0.0,8.0,7.0,6.0,9.0,7.0,9.0,8.0,7.0,9.0,7.0,12.0,9.0,9.0,312.0,261.0,290.0,303.0,279.0,281.0,236.0,196.0,209.0,221.0,281.0,276.0,264.0,547.0,568.0,629.0,586.0,463.0,404.0,226.0,100.0,131.0,303.0,342.0,440.0,387.0,94.0,103.0,135.0,92.0,61.0,61.0,39.0,67.0,72.0,53.0,43.0,56.0,56.0,55.0,44.0,75.0,56.0,45.0,49.0,54.0,55.0,53.0,46.0,60.0,80.0,61.0,0.0,0.0,0.0,0.0,0.0,0.0,0.0,0.0,0.0,0.0,0.0,0.0,0.0
4,223.0,273.0,267.0,262.0,326.0,278.0,276.0,260.0,277.0,178.0,224.0,292.0,218.0,0.0,0.0,0.0,0.0,0.0,0.0,0.0,0.0,0.0,0.0,0.0,0.0,0.0,199.0,216.0,201.0,217.0,229.0,185.0,186.0,189.0,227.0,198.0,153.0,178.0,202.0,747.0,771.0,696.0,771.0,771.0,746.0,771.0,747.0,771.0,771.0,746.0,771.0,771.0,48.0,86.0,78.0,111.0,108.0,81.0,72.0,78.0,96.0,91.0,81.0,80.0,79.0,104.0,95.0,98.0,105.0,127.0,118.0,126.0,135.0,145.0,146.0,126.0,120.0,114.0,0.0,0.0,0.0,0.0,0.0,0.0,0.0,0.0,0.0,0.0,0.0,0.0,0.0,9.0,8.0,7.0,6.0,9.0,7.0,9.0,8.0,7.0,9.0,7.0,12.0,9.0,264.0,312.0,261.0,290.0,303.0,279.0,281.0,236.0,196.0,209.0,221.0,281.0,255.0,387.0,547.0,568.0,629.0,586.0,463.0,404.0,226.0,100.0,131.0,303.0,342.0,343.0,56.0,94.0,103.0,135.0,92.0,61.0,61.0,39.0,67.0,72.0,53.0,43.0,45.0,61.0,55.0,44.0,75.0,56.0,45.0,49.0,54.0,55.0,53.0,46.0,60.0,65.0,0.0,0.0,0.0,0.0,0.0,0.0,0.0,0.0,0.0,0.0,0.0,0.0,0.0
5,218.0,223.0,273.0,267.0,262.0,326.0,278.0,276.0,260.0,277.0,178.0,224.0,196.0,0.0,0.0,0.0,0.0,0.0,0.0,0.0,0.0,0.0,0.0,0.0,0.0,0.0,202.0,199.0,216.0,201.0,217.0,229.0,185.0,186.0,189.0,227.0,198.0,153.0,187.0,771.0,747.0,771.0,696.0,771.0,771.0,746.0,771.0,747.0,771.0,771.0,746.0,746.0,79.0,48.0,86.0,78.0,111.0,108.0,81.0,72.0,78.0,96.0,91.0,81.0,74.0,114.0,104.0,95.0,98.0,105.0,127.0,118.0,126.0,135.0,145.0,146.0,126.0,115.0,0.0,0.0,0.0,0.0,0.0,0.0,0.0,0.0,0.0,0.0,0.0,0.0,0.0,9.0,9.0,8.0,7.0,6.0,9.0,7.0,9.0,8.0,7.0,9.0,7.0,8.0,255.0,264.0,312.0,261.0,290.0,303.0,279.0,281.0,236.0,196.0,209.0,221.0,212.0,343.0,387.0,547.0,568.0,629.0,586.0,463.0,404.0,226.0,100.0,131.0,303.0,309.0,45.0,56.0,94.0,103.0,135.0,92.0,61.0,61.0,39.0,67.0,72.0,53.0,46.0,65.0,61.0,55.0,44.0,75.0,56.0,45.0,49.0,54.0,55.0,53.0,46.0,78.0,0.0,0.0,0.0,0.0,0.0,0.0,0.0,0.0,0.0,0.0,0.0,0.0,0.0
6,196.0,218.0,223.0,273.0,267.0,262.0,326.0,278.0,276.0,260.0,277.0,178.0,268.0,0.0,0.0,0.0,0.0,0.0,0.0,0.0,0.0,0.0,0.0,0.0,0.0,0.0,187.0,202.0,199.0,216.0,201.0,217.0,229.0,185.0,186.0,189.0,227.0,198.0,272.0,746.0,771.0,747.0,771.0,696.0,771.0,771.0,746.0,771.0,747.0,771.0,771.0,771.0,74.0,79.0,48.0,86.0,78.0,111.0,108.0,81.0,72.0,78.0,96.0,91.0,83.0,115.0,114.0,104.0,95.0,98.0,105.0,127.0,118.0,126.0,135.0,145.0,146.0,142.0,0.0,0.0,0.0,0.0,0.0,0.0,0.0,0.0,0.0,0.0,0.0,0.0,209.81249000000005,8.0,9.0,9.0,8.0,7.0,6.0,9.0,7.0,9.0,8.0,7.0,9.0,10.0,212.0,255.0,264.0,312.0,261.0,290.0,303.0,279.0,281.0,236.0,196.0,209.0,264.0,309.0,343.0,387.0,547.0,568.0,629.0,586.0,463.0,404.0,226.0,100.0,131.0,378.0,46.0,45.0,56.0,94.0,103.0,135.0,92.0,61.0,61.0,39.0,67.0,72.0,71.0,78.0,65.0,61.0,55.0,44.0,75.0,56.0,45.0,49.0,54.0,55.0,53.0,88.0,0.0,0.0,0.0,0.0,0.0,0.0,0.0,0.0,0.0,0.0,0.0,0.0,0.0
7,268.0,196.0,218.0,223.0,273.0,267.0,262.0,326.0,278.0,276.0,260.0,277.0,245.0,0.0,0.0,0.0,0.0,0.0,0.0,0.0,0.0,0.0,0.0,0.0,0.0,0.0,272.0,187.0,202.0,199.0,216.0,201.0,217.0,229.0,185.0,186.0,189.0,227.0,285.0,771.0,746.0,771.0,747.0,771.0,696.0,771.0,771.0,746.0,771.0,747.0,771.0,771.0,83.0,74.0,79.0,48.0,86.0,78.0,111.0,108.0,81.0,72.0,78.0,96.0,97.0,142.0,115.0,114.0,104.0,95.0,98.0,105.0,127.0,118.0,126.0,135.0,145.0,136.0,209.81249000000005,0.0,0.0,0.0,0.0,0.0,0.0,0.0,0.0,0.0,0.0,0.0,335.18751,10.0,8.0,9.0,9.0,8.0,7.0,6.0,9.0,7.0,9.0,8.0,7.0,10.0,264.0,212.0,255.0,264.0,312.0,261.0,290.0,303.0,279.0,281.0,236.0,196.0,459.0,378.0,309.0,343.0,387.0,547.0,568.0,629.0,586.0,463.0,404.0,226.0,100.0,401.0,71.0,46.0,45.0,56.0,94.0,103.0,135.0,92.0,61.0,61.0,39.0,67.0,89.0,88.0,78.0,65.0,61.0,55.0,44.0,75.0,56.0,45.0,49.0,54.0,55.0,81.0,0.0,0.0,0.0,0.0,0.0,0.0,0.0,0.0,0.0,0.0,0.0,0.0,0.0
8,245.0,268.0,196.0,218.0,223.0,273.0,267.0,262.0,326.0,278.0,276.0,260.0,207.39656,0.0,0.0,0.0,0.0,0.0,0.0,0.0,0.0,0.0,0.0,0.0,0.0,0.0,285.0,272.0,187.0,202.0,199.0,216.0,201.0,217.0,229.0,185.0,186.0,189.0,233.0,771.0,771.0,746.0,771.0,747.0,771.0,696.0,771.0,771.0,746.0,771.0,747.0,746.0,97.0,83.0,74.0,79.0,48.0,86.0,78.0,111.0,108.0,81.0,72.0,78.0,79.55172999999999,136.0,142.0,115.0,114.0,104.0,95.0,98.0,105.0,127.0,118.0,126.0,135.0,132.29309999999998,335.18751,209.81249000000005,0.0,0.0,0.0,0.0,0.0,0.0,0.0,0.0,0.0,0.0,276.17777,10.0,10.0,8.0,9.0,9.0,8.0,7.0,6.0,9.0,7.0,9.0,8.0,12.0,459.0,264.0,212.0,255.0,264.0,312.0,261.0,290.0,303.0,279.0,281.0,236.0,295.39656,401.0,378.0,309.0,343.0,387.0,547.0,568.0,629.0,586.0,463.0,404.0,226.0,370.0,89.0,71.0,46.0,45.0,56.0,94.0,103.0,135.0,92.0,61.0,61.0,39.0,62.0,81.0,88.0,78.0,65.0,61.0,55.0,44.0,75.0,56.0,45.0,49.0,54.0,69.0,0.0,0.0,0.0,0.0,0.0,0.0,0.0,0.0,0.0,0.0,0.0,0.0,0.0
9,207.39656,245.0,268.0,196.0,218.0,223.0,273.0,267.0,262.0,326.0,278.0,276.0,218.60344,0.0,0.0,0.0,0.0,0.0,0.0,0.0,0.0,0.0,0.0,0.0,0.0,0.0,233.0,285.0,272.0,187.0,202.0,199.0,216.0,201.0,217.0,229.0,185.0,186.0,214.0,746.0,771.0,771.0,746.0,771.0,747.0,771.0,696.0,771.0,771.0,746.0,771.0,771.0,79.55172999999999,97.0,83.0,74.0,79.0,48.0,86.0,78.0,111.0,108.0,81.0,72.0,84.44827000000001,132.29309999999998,136.0,142.0,115.0,114.0,104.0,95.0,98.0,105.0,127.0,118.0,126.0,142.70690000000002,276.17777,335.18751,209.81249000000005,0.0,0.0,0.0,0.0,0.0,0.0,0.0,0.0,0.0,221.82223,12.0,10.0,10.0,8.0,9.0,9.0,8.0,7.0,6.0,9.0,7.0,9.0,10.0,295.39656,459.0,264.0,212.0,255.0,264.0,312.0,261.0,290.0,303.0,279.0,281.0,311.60344,370.0,401.0,378.0,309.0,343.0,387.0,547.0,568.0,629.0,586.0,463.0,404.0,333.0,62.0,89.0,71.0,46.0,45.0,56.0,94.0,103.0,135.0,92.0,61.0,61.0,41.0,69.0,81.0,88.0,78.0,65.0,61.0,55.0,44.0,75.0,56.0,45.0,49.0,78.0,0.0,0.0,0.0,0.0,0.0,0.0,0.0,0.0,0.0,0.0,0.0,0.0,0.0
10,218.60344,207.39656,245.0,268.0,196.0,218.0,223.0,273.0,267.0,262.0,326.0,278.0,245.0,0.0,0.0,0.0,0.0,0.0,0.0,0.0,0.0,0.0,0.0,0.0,0.0,0.0,214.0,233.0,285.0,272.0,187.0,202.0,199.0,216.0,201.0,217.0,229.0,185.0,208.0,771.0,746.0,771.0,771.0,746.0,771.0,747.0,771.0,696.0,771.0,771.0,746.0,746.0,84.44827000000001,79.55172999999999,97.0,83.0,74.0,79.0,48.0,86.0,78.0,111.0,108.0,81.0,61.0,142.70690000000002,132.29309999999998,136.0,142.0,115.0,114.0,104.0,95.0,98.0,105.0,127.0,118.0,103.0,221.82223,276.17777,335.18751,209.81249000000005,0.0,0.0,0.0,0.0,0.0,0.0,0.0,0.0,300.0,10.0,12.0,10.0,10.0,8.0,9.0,9.0,8.0,7.0,6.0,9.0,7.0,8.0,311.60344,295.39656,459.0,264.0,212.0,255.0,264.0,312.0,261.0,290.0,303.0,279.0,268.0,333.0,370.0,401.0,378.0,309.0,343.0,387.0,547.0,568.0,629.0,586.0,463.0,383.0,41.0,62.0,89.0,71.0,46.0,45.0,56.0,94.0,103.0,135.0,92.0,61.0,63.0,78.0,69.0,81.0,88.0,78.0,65.0,61.0,55.0,44.0,75.0,56.0,45.0,91.0,0.0,0.0,0.0,0.0,0.0,0.0,0.0,0.0,0.0,0.0,0.0,0.0,0.0
11,245.0,218.60344,207.39656,245.0,268.0,196.0,218.0,223.0,273.0,267.0,262.0,326.0,262.0,0.0,0.0,0.0,0.0,0.0,0.0,0.0,0.0,0.0,0.0,0.0,0.0,0.0,208.0,214.0,233.0,285.0,272.0,187.0,202.0,199.0,216.0,201.0,217.0,229.0,235.0,746.0,771.0,746.0,771.0,771.0,746.0,771.0,747.0,771.0,696.0,771.0,771.0,771.0,61.0,84.44827000000001,79.55172999999999,97.0,83.0,74.0,79.0,48.0,86.0,78.0,111.0,108.0,123.0,103.0,142.70690000000002,132.29309999999998,136.0,142.0,115.0,114.0,104.0,95.0,98.0,105.0,127.0,103.0,300.0,221.82223,276.17777,335.18751,209.81249000000005,0.0,0.0,0.0,0.0,0.0,0.0,0.0,328.0,8.0,10.0,12.0,10.0,10.0,8.0,9.0,9.0,8.0,7.0,6.0,9.0,9.0,268.0,311.60344,295.39656,459.0,264.0,212.0,255.0,264.0,312.0,261.0,290.0,303.0,322.0,383.0,333.0,370.0,401.0,378.0,309.0,343.0,387.0,547.0,568.0,629.0,586.0,478.0,63.0,41.0,62.0,89.0,71.0,46.0,45.0,56.0,94.0,103.0,135.0,92.0,116.0,91.0,78.0,69.0,81.0,88.0,78.0,65.0,61.0,55.0,44.0,75.0,56.0,79.0,0.0,0.0,0.0,0.0,0.0,0.0,0.0,0.0,0.0,0.0,0.0,0.0,0.0
12,262.0,245.0,218.60344,207.39656,245.0,268.0,196.0,218.0,223.0,273.0,267.0,262.0,251.0,0.0,0.0,0.0,0.0,0.0,0.0,0.0,0.0,0.0,0.0,0.0,0.0,0.0,235.0,208.0,214.0,233.0,285.0,272.0,187.0,202.0,199.0,216.0,201.0,217.0,222.0,771.0,746.0,771.0,746.0,771.0,771.0,746.0,771.0,747.0,771.0,696.0,771.0,771.0,123.0,61.0,84.44827000000001,79.55172999999999,97.0,83.0,74.0,79.0,48.0,86.0,78.0,111.0,141.0,103.0,103.0,142.70690000000002,132.29309999999998,136.0,142.0,115.0,114.0,104.0,95.0,98.0,105.0,102.0,328.0,300.0,221.82223,276.17777,335.18751,209.81249000000005,0.0,0.0,0.0,0.0,0.0,0.0,329.0,9.0,8.0,10.0,12.0,10.0,10.0,8.0,9.0,9.0,8.0,7.0,6.0,9.0,322.0,268.0,311.60344,295.39656,459.0,264.0,212.0,255.0,264.0,312.0,261.0,290.0,335.0,478.0,383.0,333.0,370.0,401.0,378.0,309.0,343.0,387.0,547.0,568.0,629.0,522.0,116.0,63.0,41.0,62.0,89.0,71.0,46.0,45.0,56.0,94.0,103.0,135.0,149.0,79.0,91.0,78.0,69.0,81.0,88.0,78.0,65.0,61.0,55.0,44.0,75.0,65.0,0.0,0.0,0.0,0.0,0.0,0.0,0.0,0.0,0.0,0.0,0.0,0.0,0.0
13,251.0,262.0,245.0,218.60344,207.39656,245.0,268.0,196.0,218.0,223.0,273.0,267.0,295.0,0.0,0.0,0.0,0.0,0.0,0.0,0.0,0.0,0.0,0.0,0.0,0.0,0.0,222.0,235.0,208.0,214.0,233.0,285.0,272.0,187.0,202.0,199.0,216.0,201.0,213.0,771.0,771.0,746.0,771.0,746.0,771.0,771.0,746.0,771.0,747.0,771.0,696.0,721.0,141.0,123.0,61.0,84.44827000000001,79.55172999999999,97.0,83.0,74.0,79.0,48.0,86.0,78.0,91.0,102.0,103.0,103.0,142.70690000000002,132.29309999999998,136.0,142.0,115.0,114.0,104.0,95.0,98.0,97.0,329.0,328.0,300.0,221.82223,276.17777,335.18751,209.81249000000005,0.0,0.0,0.0,0.0,0.0,259.0,9.0,9.0,8.0,10.0,12.0,10.0,10.0,8.0,9.0,9.0,8.0,7.0,8.0,335.0,322.0,268.0,311.60344,295.39656,459.0,264.0,212.0,255.0,264.0,312.0,261.0,326.0,522.0,478.0,383.0,333.0,370.0,401.0,378.0,309.0,343.0,387.0,547.0,568.0,512.0,149.0,116.0,63.0,41.0,62.0,89.0,71.0,46.0,45.0,56.0,94.0,103.0,138.0,65.0,79.0,91.0,78.0,69.0,81.0,88.0,78.0,65.0,61.0,55.0,44.0,98.0,0.0,0.0,0.0,0.0,0.0,0.0,0.0,0.0,0.0,0.0,0.0,0.0,0.0
14,295.0,251.0,262.0,245.0,218.60344,207.39656,245.0,268.0,196.0,218.0,223.0,273.0,236.0,0.0,0.0,0.0,0.0,0.0,0.0,0.0,0.0,0.0,0.0,0.0,0.0,0.0,213.0,222.0,235.0,208.0,214.0,233.0,285.0,272.0,187.0,202.0,199.0,216.0,211.0,721.0,771.0,771.0,746.0,771.0,746.0,771.0,771.0,746.0,771.0,747.0,771.0,771.0,91.0,141.0,123.0,61.0,84.44827000000001,79.55172999999999,97.0,83.0,74.0,79.0,48.0,86.0,95.0,97.0,102.0,103.0,103.0,142.70690000000002,132.29309999999998,136.0,142.0,115.0,114.0,104.0,95.0,113.0,259.0,329.0,328.0,300.0,221.82223,276.17777,335.18751,209.81249000000005,0.0,0.0,0.0,0.0,222.0,8.0,9.0,9.0,8.0,10.0,12.0,10.0,10.0,8.0,9.0,9.0,8.0,9.0,326.0,335.0,322.0,268.0,311.60344,295.39656,459.0,264.0,212.0,255.0,264.0,312.0,290.0,512.0,522.0,478.0,383.0,333.0,370.0,401.0,378.0,309.0,343.0,387.0,547.0,454.0,138.0,149.0,116.0,63.0,41.0,62.0,89.0,71.0,46.0,45.0,56.0,94.0,76.0,98.0,65.0,79.0,91.0,78.0,69.0,81.0,88.0,78.0,65.0,61.0,55.0,89.0,0.0,0.0,0.0,0.0,0.0,0.0,0.0,0.0,0.0,0.0,0.0,0.0,0.0
15,236.0,295.0,251.0,262.0,245.0,218.60344,207.39656,245.0,268.0,196.0,218.0,223.0,220.0,0.0,0.0,0.0,0.0,0.0,0.0,0.0,0.0,0.0,0.0,0.0,0.0,0.0,211.0,213.0,222.0,235.0,208.0,214.0,233.0,285.0,272.0,187.0,202.0,199.0,189.0,771.0,721.0,771.0,771.0,746.0,771.0,746.0,771.0,771.0,746.0,771.0,747.0,746.0,95.0,91.0,141.0,123.0,61.0,84.44827000000001,79.55172999999999,97.0,83.0,74.0,79.0,48.0,97.0,113.0,97.0,102.0,103.0,103.0,142.70690000000002,132.29309999999998,136.0,142.0,115.0,114.0,104.0,112.0,222.0,259.0,329.0,328.0,300.0,221.82223,276.17777,335.18751,209.81249000000005,0.0,0.0,0.0,229.0,9.0,8.0,9.0,9.0,8.0,10.0,12.0,10.0,10.0,8.0,9.0,9.0,8.0,290.0,326.0,335.0,322.0,268.0,311.60344,295.39656,459.0,264.0,212.0,255.0,264.0,257.0,454.0,512.0,522.0,478.0,383.0,333.0,370.0,401.0,378.0,309.0,343.0,387.0,352.0,76.0,138.0,149.0,116.0,63.0,41.0,62.0,89.0,71.0,46.0,45.0,56.0,48.0,89.0,98.0,65.0,79.0,91.0,78.0,69.0,81.0,88.0,78.0,65.0,61.0,76.0,0.0,0.0,0.0,0.0,0.0,0.0,0.0,0.0,0.0,0.0,0.0,0.0,0.0
16,220.0,236.0,295.0,251.0,262.0,245.0,218.60344,207.39656,245.0,268.0,196.0,218.0,188.0,0.0,0.0,0.0,0.0,0.0,0.0,0.0,0.0,0.0,0.0,0.0,0.0,0.0,189.0,211.0,213.0,222.0,235.0,208.0,214.0,233.0,285.0,272.0,187.0,202.0,166.0,746.0,771.0,721.0,771.0,771.0,746.0,771.0,746.0,771.0,771.0,746.0,771.0,771.0,97.0,95.0,91.0,141.0,123.0,61.0,84.44827000000001,79.55172999999999,97.0,83.0,74.0,79.0,87.0,112.0,113.0,97.0,102.0,103.0,103.0,142.70690000000002,132.29309999999998,136.0,142.0,115.0,114.0,102.0,229.0,222.0,259.0,329.0,328.0,300.0,221.82223,276.17777,335.18751,209.81249000000005,0.0,0.0,198.0,8.0,9.0,8.0,9.0,9.0,8.0,10.0,12.0,10.0,10.0,8.0,9.0,9.0,257.0,290.0,326.0,335.0,322.0,268.0,311.60344,295.39656,459.0,264.0,212.0,255.0,280.0,352.0,454.0,512.0,522.0,478.0,383.0,333.0,370.0,401.0,378.0,309.0,343.0,291.0,48.0,76.0,138.0,149.0,116.0,63.0,41.0,62.0,89.0,71.0,46.0,45.0,38.0,76.0,89.0,98.0,65.0,79.0,91.0,78.0,69.0,81.0,88.0,78.0,65.0,70.0,0.0,0.0,0.0,0.0,0.0,0.0,0.0,0.0,0.0,0.0,0.0,0.0,0.0
17,188.0,220.0,236.0,295.0,251.0,262.0,245.0,218.60344,207.39656,245.0,268.0,196.0,195.0,0.0,0.0,0.0,0.0,0.0,0.0,0.0,0.0,0.0,0.0,0.0,0.0,0.0,166.0,189.0,211.0,213.0,222.0,235.0,208.0,214.0,233.0,285.0,272.0,187.0,199.0,771.0,746.0,771.0,721.0,771.0,771.0,746.0,771.0,746.0,771.0,771.0,746.0,747.0,87.0,97.0,95.0,91.0,141.0,123.0,61.0,84.44827000000001,79.55172999999999,97.0,83.0,74.0,91.0,102.0,112.0,113.0,97.0,102.0,103.0,103.0,142.70690000000002,132.29309999999998,136.0,142.0,115.0,116.0,198.0,229.0,222.0,259.0,329.0,328.0,300.0,221.82223,276.17777,335.18751,209.81249000000005,0.0,330.0,9.0,8.0,9.0,8.0,9.0,9.0,8.0,10.0,12.0,10.0,10.0,8.0,28.0,280.0,257.0,290.0,326.0,335.0,322.0,268.0,311.60344,295.39656,459.0,264.0,212.0,361.0,291.0,352.0,454.0,512.0,522.0,478.0,383.0,333.0,370.0,401.0,378.0,309.0,358.0,38.0,48.0,76.0,138.0,149.0,116.0,63.0,41.0,62.0,89.0,71.0,46.0,52.0,70.0,76.0,89.0,98.0,65.0,79.0,91.0,78.0,69.0,81.0,88.0,78.0,50.0,0.0,0.0,0.0,0.0,0.0,0.0,0.0,0.0,0.0,0.0,0.0,0.0,0.0
18,195.0,188.0,220.0,236.0,295.0,251.0,262.0,245.0,218.60344,207.39656,245.0,268.0,268.0,0.0,0.0,0.0,0.0,0.0,0.0,0.0,0.0,0.0,0.0,0.0,0.0,0.0,199.0,166.0,189.0,211.0,213.0,222.0,235.0,208.0,214.0,233.0,285.0,272.0,321.0,747.0,771.0,746.0,771.0,721.0,771.0,771.0,746.0,771.0,746.0,771.0,771.0,772.0,91.0,87.0,97.0,95.0,91.0,141.0,123.0,61.0,84.44827000000001,79.55172999999999,97.0,83.0,94.0,116.0,102.0,112.0,113.0,97.0,102.0,103.0,103.0,142.70690000000002,132.29309999999998,136.0,142.0,133.0,330.0,198.0,229.0,222.0,259.0,329.0,328.0,300.0,221.82223,276.17777,335.18751,209.81249000000005,440.0,28.0,9.0,8.0,9.0,8.0,9.0,9.0,8.0,10.0,12.0,10.0,10.0,198.0,361.0,280.0,257.0,290.0,326.0,335.0,322.0,268.0,311.60344,295.39656,459.0,264.0,476.0,358.0,291.0,352.0,454.0,512.0,522.0,478.0,383.0,333.0,370.0,401.0,378.0,455.0,52.0,38.0,48.0,76.0,138.0,149.0,116.0,63.0,41.0,62.0,89.0,71.0,94.0,50.0,70.0,76.0,89.0,98.0,65.0,79.0,91.0,78.0,69.0,81.0,88.0,45.0,0.0,0.0,0.0,0.0,0.0,0.0,0.0,0.0,0.0,0.0,0.0,0.0,0.0
19,268.0,195.0,188.0,220.0,236.0,295.0,251.0,262.0,245.0,218.60344,207.39656,245.0,199.0,0.0,0.0,0.0,0.0,0.0,0.0,0.0,0.0,0.0,0.0,0.0,0.0,0.0,321.0,199.0,166.0,189.0,211.0,213.0,222.0,235.0,208.0,214.0,233.0,285.0,280.0,772.0,747.0,771.0,746.0,771.0,721.0,771.0,771.0,746.0,771.0,746.0,771.0,771.0,94.0,91.0,87.0,97.0,95.0,91.0,141.0,123.0,61.0,84.44827000000001,79.55172999999999,97.0,97.0,133.0,116.0,102.0,112.0,113.0,97.0,102.0,103.0,103.0,142.70690000000002,132.29309999999998,136.0,137.0,440.0,330.0,198.0,229.0,222.0,259.0,329.0,328.0,300.0,221.82223,276.17777,335.18751,91.0,198.0,28.0,9.0,8.0,9.0,8.0,9.0,9.0,8.0,10.0,12.0,10.0,126.0,476.0,361.0,280.0,257.0,290.0,326.0,335.0,322.0,268.0,311.60344,295.39656,459.0,249.0,455.0,358.0,291.0,352.0,454.0,512.0,522.0,478.0,383.0,333.0,370.0,401.0,122.0,94.0,52.0,38.0,48.0,76.0,138.0,149.0,116.0,63.0,41.0,62.0,89.0,76.0,45.0,50.0,70.0,76.0,89.0,98.0,65.0,79.0,91.0,78.0,69.0,81.0,36.0,0.0,0.0,0.0,0.0,0.0,0.0,0.0,0.0,0.0,0.0,0.0,0.0,0.0
20,199.0,268.0,195.0,188.0,220.0,236.0,295.0,251.0,262.0,245.0,218.60344,207.39656,161.0,0.0,0.0,0.0,0.0,0.0,0.0,0.0,0.0,0.0,0.0,0.0,0.0,0.0,280.0,321.0,199.0,166.0,189.0,211.0,213.0,222.0,235.0,208.0,214.0,233.0,202.0,771.0,772.0,747.0,771.0,746.0,771.0,721.0,771.0,771.0,746.0,771.0,746.0,746.0,97.0,94.0,91.0,87.0,97.0,95.0,91.0,141.0,123.0,61.0,84.44827000000001,79.55172999999999,81.0,137.0,133.0,116.0,102.0,112.0,113.0,97.0,102.0,103.0,103.0,142.70690000000002,132.29309999999998,120.0,91.0,440.0,330.0,198.0,229.0,222.0,259.0,329.0,328.0,300.0,221.82223,276.17777,-18.279999999999987,126.0,198.0,28.0,9.0,8.0,9.0,8.0,9.0,9.0,8.0,10.0,12.0,84.0,249.0,476.0,361.0,280.0,257.0,290.0,326.0,335.0,322.0,268.0,311.60344,295.39656,245.0,122.0,455.0,358.0,291.0,352.0,454.0,512.0,522.0,478.0,383.0,333.0,370.0,189.0,76.0,94.0,52.0,38.0,48.0,76.0,138.0,149.0,116.0,63.0,41.0,62.0,45.0,36.0,45.0,50.0,70.0,76.0,89.0,98.0,65.0,79.0,91.0,78.0,69.0,41.0,0.0,0.0,0.0,0.0,0.0,0.0,0.0,0.0,0.0,0.0,0.0,0.0,0.0
21,161.0,199.0,268.0,195.0,188.0,220.0,236.0,295.0,251.0,262.0,245.0,218.60344,202.0,0.0,0.0,0.0,0.0,0.0,0.0,0.0,0.0,0.0,0.0,0.0,0.0,0.0,202.0,280.0,321.0,199.0,166.0,189.0,211.0,213.0,222.0,235.0,208.0,214.0,202.0,746.0,771.0,772.0,747.0,771.0,746.0,771.0,721.0,771.0,771.0,746.0,771.0,22.996,81.0,97.0,94.0,91.0,87.0,97.0,95.0,91.0,141.0,123.0,61.0,84.44827000000001,86.0,120.0,137.0,133.0,116.0,102.0,112.0,113.0,97.0,102.0,103.0,103.0,142.70690000000002,115.0,-18.279999999999987,91.0,440.0,330.0,198.0,229.0,222.0,259.0,329.0,328.0,300.0,221.82223,36.17960000000001,84.0,126.0,198.0,28.0,9.0,8.0,9.0,8.0,9.0,9.0,8.0,10.0,69.0,245.0,249.0,476.0,361.0,280.0,257.0,290.0,326.0,335.0,322.0,268.0,311.60344,205.0,189.0,122.0,455.0,358.0,291.0,352.0,454.0,512.0,522.0,478.0,383.0,333.0,314.0,45.0,76.0,94.0,52.0,38.0,48.0,76.0,138.0,149.0,116.0,63.0,41.0,44.0,41.0,36.0,45.0,50.0,70.0,76.0,89.0,98.0,65.0,79.0,91.0,78.0,70.0,0.0,0.0,0.0,0.0,0.0,0.0,0.0,0.0,0.0,0.0,0.0,0.0,0.0
22,202.0,161.0,199.0,268.0,195.0,188.0,220.0,236.0,295.0,251.0,262.0,245.0,256.0,0.0,0.0,0.0,0.0,0.0,0.0,0.0,0.0,0.0,0.0,0.0,0.0,0.0,202.0,202.0,280.0,321.0,199.0,166.0,189.0,211.0,213.0,222.0,235.0,208.0,189.0,22.996,746.0,771.0,772.0,747.0,771.0,746.0,771.0,721.0,771.0,771.0,746.0,839.324,86.0,81.0,97.0,94.0,91.0,87.0,97.0,95.0,91.0,141.0,123.0,61.0,78.0,115.0,120.0,137.0,133.0,116.0,102.0,112.0,113.0,97.0,102.0,103.0,103.0,93.0,36.17960000000001,-18.279999999999987,91.0,440.0,330.0,198.0,229.0,222.0,259.0,329.0,328.0,300.0,182.416,69.0,84.0,126.0,198.0,28.0,9.0,8.0,9.0,8.0,9.0,9.0,8.0,64.0,205.0,245.0,249.0,476.0,361.0,280.0,257.0,290.0,326.0,335.0,322.0,268.0,210.0,314.0,189.0,122.0,455.0,358.0,291.0,352.0,454.0,512.0,522.0,478.0,383.0,385.0,44.0,45.0,76.0,94.0,52.0,38.0,48.0,76.0,138.0,149.0,116.0,63.0,52.0,70.0,41.0,36.0,45.0,50.0,70.0,76.0,89.0,98.0,65.0,79.0,91.0,70.0,0.0,0.0,0.0,0.0,0.0,0.0,0.0,0.0,0.0,0.0,0.0,0.0,0.0
23,256.0,202.0,161.0,199.0,268.0,195.0,188.0,220.0,236.0,295.0,251.0,262.0,336.0,0.0,0.0,0.0,0.0,0.0,0.0,0.0,0.0,0.0,0.0,0.0,0.0,0.0,189.0,202.0,202.0,280.0,321.0,199.0,166.0,189.0,211.0,213.0,222.0,235.0,222.0,839.324,22.996,746.0,771.0,772.0,747.0,771.0,746.0,771.0,721.0,771.0,771.0,575.536,78.0,86.0,81.0,97.0,94.0,91.0,87.0,97.0,95.0,91.0,141.0,123.0,110.0,93.0,115.0,120.0,137.0,133.0,116.0,102.0,112.0,113.0,97.0,102.0,103.0,101.0,182.416,36.17960000000001,-18.279999999999987,91.0,440.0,330.0,198.0,229.0,222.0,259.0,329.0,328.0,398.428,64.0,69.0,84.0,126.0,198.0,28.0,9.0,8.0,9.0,8.0,9.0,9.0,54.0,210.0,205.0,245.0,249.0,476.0,361.0,280.0,257.0,290.0,326.0,335.0,322.0,267.0,385.0,314.0,189.0,122.0,455.0,358.0,291.0,352.0,454.0,512.0,522.0,478.0,549.0,52.0,44.0,45.0,76.0,94.0,52.0,38.0,48.0,76.0,138.0,149.0,116.0,87.0,70.0,70.0,41.0,36.0,45.0,50.0,70.0,76.0,89.0,98.0,65.0,79.0,73.0,0.0,0.0,0.0,0.0,0.0,0.0,0.0,0.0,0.0,0.0,0.0,0.0,0.0
24,336.0,256.0,202.0,161.0,199.0,268.0,195.0,188.0,220.0,236.0,295.0,251.0,361.0,0.0,0.0,0.0,0.0,0.0,0.0,0.0,0.0,0.0,0.0,0.0,0.0,0.0,222.0,189.0,202.0,202.0,280.0,321.0,199.0,166.0,189.0,211.0,213.0,222.0,202.0,575.536,839.324,22.996,746.0,771.0,772.0,747.0,771.0,746.0,771.0,721.0,771.0,567.088,110.0,78.0,86.0,81.0,97.0,94.0,91.0,87.0,97.0,95.0,91.0,141.0,87.0,101.0,93.0,115.0,120.0,137.0,133.0,116.0,102.0,112.0,113.0,97.0,102.0,95.0,398.428,182.416,36.17960000000001,-18.279999999999987,91.0,440.0,330.0,198.0,229.0,222.0,259.0,329.0,260.848,54.0,64.0,69.0,84.0,126.0,198.0,28.0,9.0,8.0,9.0,8.0,9.0,53.0,267.0,210.0,205.0,245.0,249.0,476.0,361.0,280.0,257.0,290.0,326.0,335.0,258.0,549.0,385.0,314.0,189.0,122.0,455.0,358.0,291.0,352.0,454.0,512.0,522.0,560.0,87.0,52.0,44.0,45.0,76.0,94.0,52.0,38.0,48.0,76.0,138.0,149.0,108.0,73.0,70.0,70.0,41.0,36.0,45.0,50.0,70.0,76.0,89.0,98.0,65.0,79.0,0.0,0.0,0.0,0.0,0.0,0.0,0.0,0.0,0.0,0.0,0.0,0.0,0.0
25,361.0,336.0,256.0,202.0,161.0,199.0,268.0,195.0,188.0,220.0,236.0,295.0,261.0,0.0,0.0,0.0,0.0,0.0,0.0,0.0,0.0,0.0,0.0,0.0,0.0,0.0,202.0,222.0,189.0,202.0,202.0,280.0,321.0,199.0,166.0,189.0,211.0,213.0,190.0,567.088,575.536,839.324,22.996,746.0,771.0,772.0,747.0,771.0,746.0,771.0,721.0,485.656,87.0,110.0,78.0,86.0,81.0,97.0,94.0,91.0,87.0,97.0,95.0,91.0,69.0,95.0,101.0,93.0,115.0,120.0,137.0,133.0,116.0,102.0,112.0,113.0,97.0,72.0,260.848,398.428,182.416,36.17960000000001,-18.279999999999987,91.0,440.0,330.0,198.0,229.0,222.0,259.0,131.416,53.0,54.0,64.0,69.0,84.0,126.0,198.0,28.0,9.0,8.0,9.0,8.0,47.0,258.0,267.0,210.0,205.0,245.0,249.0,476.0,361.0,280.0,257.0,290.0,326.0,197.0,560.0,549.0,385.0,314.0,189.0,122.0,455.0,358.0,291.0,352.0,454.0,512.0,549.0,108.0,87.0,52.0,44.0,45.0,76.0,94.0,52.0,38.0,48.0,76.0,138.0,112.0,79.0,73.0,70.0,70.0,41.0,36.0,45.0,50.0,70.0,76.0,89.0,98.0,71.0,0.0,0.0,0.0,0.0,0.0,0.0,0.0,0.0,0.0,0.0,0.0,0.0,0.0
26,261.0,361.0,336.0,256.0,202.0,161.0,199.0,268.0,195.0,188.0,220.0,236.0,254.0,0.0,0.0,0.0,0.0,0.0,0.0,0.0,0.0,0.0,0.0,0.0,0.0,0.0,190.0,202.0,222.0,189.0,202.0,202.0,280.0,321.0,199.0,166.0,189.0,211.0,205.0,485.656,567.088,575.536,839.324,22.996,746.0,771.0,772.0,747.0,771.0,746.0,771.0,335.82,69.0,87.0,110.0,78.0,86.0,81.0,97.0,94.0,91.0,87.0,97.0,95.0,89.0,72.0,95.0,101.0,93.0,115.0,120.0,137.0,133.0,116.0,102.0,112.0,113.0,92.0,131.416,260.848,398.428,182.416,36.17960000000001,-18.279999999999987,91.0,440.0,330.0,198.0,229.0,222.0,48.976,47.0,53.0,54.0,64.0,69.0,84.0,126.0,198.0,28.0,9.0,8.0,9.0,63.0,197.0,258.0,267.0,210.0,205.0,245.0,249.0,476.0,361.0,280.0,257.0,290.0,214.0,549.0,560.0,549.0,385.0,314.0,189.0,122.0,455.0,358.0,291.0,352.0,454.0,493.0,112.0,108.0,87.0,52.0,44.0,45.0,76.0,94.0,52.0,38.0,48.0,76.0,76.0,71.0,79.0,73.0,70.0,70.0,41.0,36.0,45.0,50.0,70.0,76.0,89.0,70.0,0.0,0.0,0.0,0.0,0.0,0.0,0.0,0.0,0.0,0.0,0.0,0.0,0.0
27,254.0,261.0,361.0,336.0,256.0,202.0,161.0,199.0,268.0,195.0,188.0,220.0,223.0,0.0,0.0,0.0,0.0,0.0,0.0,0.0,0.0,0.0,0.0,0.0,0.0,0.0,205.0,190.0,202.0,222.0,189.0,202.0,202.0,280.0,321.0,199.0,166.0,189.0,186.0,335.82,485.656,567.088,575.536,839.324,22.996,746.0,771.0,772.0,747.0,771.0,746.0,27.73600000000002,89.0,69.0,87.0,110.0,78.0,86.0,81.0,97.0,94.0,91.0,87.0,97.0,79.0,92.0,72.0,95.0,101.0,93.0,115.0,120.0,137.0,133.0,116.0,102.0,112.0,89.0,48.976,131.416,260.848,398.428,182.416,36.17960000000001,-18.279999999999987,91.0,440.0,330.0,198.0,229.0,-144.0,63.0,47.0,53.0,54.0,64.0,69.0,84.0,126.0,198.0,28.0,9.0,8.0,67.0,214.0,197.0,258.0,267.0,210.0,205.0,245.0,249.0,476.0,361.0,280.0,257.0,177.0,493.0,549.0,560.0,549.0,385.0,314.0,189.0,122.0,455.0,358.0,291.0,352.0,348.0,76.0,112.0,108.0,87.0,52.0,44.0,45.0,76.0,94.0,52.0,38.0,48.0,38.0,70.0,71.0,79.0,73.0,70.0,70.0,41.0,36.0,45.0,50.0,70.0,76.0,67.0,0.0,0.0,0.0,0.0,0.0,0.0,0.0,0.0,0.0,0.0,0.0,0.0,0.0
28,223.0,254.0,261.0,361.0,336.0,256.0,202.0,161.0,199.0,268.0,195.0,188.0,199.0,0.0,0.0,0.0,0.0,0.0,0.0,0.0,0.0,0.0,0.0,0.0,0.0,0.0,186.0,205.0,190.0,202.0,222.0,189.0,202.0,202.0,280.0,321.0,199.0,166.0,187.0,27.73600000000002,335.82,485.656,567.088,575.536,839.324,22.996,746.0,771.0,772.0,747.0,771.0,-11.080000000000013,79.0,89.0,69.0,87.0,110.0,78.0,86.0,81.0,97.0,94.0,91.0,87.0,64.0,89.0,92.0,72.0,95.0,101.0,93.0,115.0,120.0,137.0,133.0,116.0,102.0,105.0,-144.0,48.976,131.416,260.848,398.428,182.416,36.17960000000001,-18.279999999999987,91.0,440.0,330.0,198.0,-148.0,67.0,63.0,47.0,53.0,54.0,64.0,69.0,84.0,126.0,198.0,28.0,9.0,79.0,177.0,214.0,197.0,258.0,267.0,210.0,205.0,245.0,249.0,476.0,361.0,280.0,174.0,348.0,493.0,549.0,560.0,549.0,385.0,314.0,189.0,122.0,455.0,358.0,291.0,364.0,38.0,76.0,112.0,108.0,87.0,52.0,44.0,45.0,76.0,94.0,52.0,38.0,38.0,67.0,70.0,71.0,79.0,73.0,70.0,70.0,41.0,36.0,45.0,50.0,70.0,76.0,0.0,0.0,0.0,0.0,0.0,0.0,0.0,0.0,0.0,0.0,0.0,0.0,0.0
29,199.0,223.0,254.0,261.0,361.0,336.0,256.0,202.0,161.0,199.0,268.0,195.0,188.0,0.0,0.0,0.0,0.0,0.0,0.0,0.0,0.0,0.0,0.0,0.0,0.0,0.0,187.0,186.0,205.0,190.0,202.0,222.0,189.0,202.0,202.0,280.0,321.0,199.0,148.0,-11.080000000000013,27.73600000000002,335.82,485.656,567.088,575.536,839.324,22.996,746.0,771.0,772.0,747.0,-17.639999999999986,64.0,79.0,89.0,69.0,87.0,110.0,78.0,86.0,81.0,97.0,94.0,91.0,82.0,105.0,89.0,92.0,72.0,95.0,101.0,93.0,115.0,120.0,137.0,133.0,116.0,104.0,-148.0,-144.0,48.976,131.416,260.848,398.428,182.416,36.17960000000001,-18.279999999999987,91.0,440.0,330.0,-180.0,79.0,67.0,63.0,47.0,53.0,54.0,64.0,69.0,84.0,126.0,198.0,28.0,100.0,174.0,177.0,214.0,197.0,258.0,267.0,210.0,205.0,245.0,249.0,476.0,361.0,230.0,364.0,348.0,493.0,549.0,560.0,549.0,385.0,314.0,189.0,122.0,455.0,358.0,299.0,38.0,38.0,76.0,112.0,108.0,87.0,52.0,44.0,45.0,76.0,94.0,52.0,43.0,76.0,67.0,70.0,71.0,79.0,73.0,70.0,70.0,41.0,36.0,45.0,50.0,44.0,0.0,0.0,0.0,0.0,0.0,0.0,0.0,0.0,0.0,0.0,0.0,0.0,0.0
30,188.0,199.0,223.0,254.0,261.0,361.0,336.0,256.0,202.0,161.0,199.0,268.0,196.0,0.0,0.0,0.0,0.0,0.0,0.0,0.0,0.0,0.0,0.0,0.0,0.0,0.0,148.0,187.0,186.0,205.0,190.0,202.0,222.0,189.0,202.0,202.0,280.0,321.0,216.0,-17.639999999999986,-11.080000000000013,27.73600000000002,335.82,485.656,567.088,575.536,839.324,22.996,746.0,771.0,772.0,-340.444,82.0,64.0,79.0,89.0,69.0,87.0,110.0,78.0,86.0,81.0,97.0,94.0,81.0,104.0,105.0,89.0,92.0,72.0,95.0,101.0,93.0,115.0,120.0,137.0,133.0,123.0,-180.0,-148.0,-144.0,48.976,131.416,260.848,398.428,182.416,36.17960000000001,-18.279999999999987,91.0,440.0,-225.848,100.0,79.0,67.0,63.0,47.0,53.0,54.0,64.0,69.0,84.0,126.0,198.0,104.0,230.0,174.0,177.0,214.0,197.0,258.0,267.0,210.0,205.0,245.0,249.0,476.0,328.0,299.0,364.0,348.0,493.0,549.0,560.0,549.0,385.0,314.0,189.0,122.0,455.0,252.0,43.0,38.0,38.0,76.0,112.0,108.0,87.0,52.0,44.0,45.0,76.0,94.0,56.0,44.0,76.0,67.0,70.0,71.0,79.0,73.0,70.0,70.0,41.0,36.0,45.0,56.0,0.0,0.0,0.0,0.0,0.0,0.0,0.0,0.0,0.0,0.0,0.0,0.0,0.0
31,196.0,188.0,199.0,223.0,254.0,261.0,361.0,336.0,256.0,202.0,161.0,199.0,192.0,0.0,0.0,0.0,0.0,0.0,0.0,0.0,0.0,0.0,0.0,0.0,0.0,0.0,216.0,148.0,187.0,186.0,205.0,190.0,202.0,222.0,189.0,202.0,202.0,280.0,255.0,-340.444,-17.639999999999986,-11.080000000000013,27.73600000000002,335.82,485.656,567.088,575.536,839.324,22.996,746.0,771.0,-336.072,81.0,82.0,64.0,79.0,89.0,69.0,87.0,110.0,78.0,86.0,81.0,97.0,97.0,123.0,104.0,105.0,89.0,92.0,72.0,95.0,101.0,93.0,115.0,120.0,137.0,132.0,-225.848,-180.0,-148.0,-144.0,48.976,131.416,260.848,398.428,182.416,36.17960000000001,-18.279999999999987,91.0,118.644,104.0,100.0,79.0,67.0,63.0,47.0,53.0,54.0,64.0,69.0,84.0,126.0,106.0,328.0,230.0,174.0,177.0,214.0,197.0,258.0,267.0,210.0,205.0,245.0,249.0,226.0,252.0,299.0,364.0,348.0,493.0,549.0,560.0,549.0,385.0,314.0,189.0,122.0,269.0,56.0,43.0,38.0,38.0,76.0,112.0,108.0,87.0,52.0,44.0,45.0,76.0,70.0,56.0,44.0,76.0,67.0,70.0,71.0,79.0,73.0,70.0,70.0,41.0,36.0,43.0,0.0,0.0,0.0,0.0,0.0,0.0,0.0,0.0,0.0,0.0,0.0,0.0,0.0
32,192.0,196.0,188.0,199.0,223.0,254.0,261.0,361.0,336.0,256.0,202.0,161.0,199.0,0.0,0.0,0.0,0.0,0.0,0.0,0.0,0.0,0.0,0.0,0.0,0.0,0.0,255.0,216.0,148.0,187.0,186.0,205.0,190.0,202.0,222.0,189.0,202.0,202.0,181.0,-336.072,-340.444,-17.639999999999986,-11.080000000000013,27.73600000000002,335.82,485.656,567.088,575.536,839.324,22.996,746.0,-7.7479999999999905,97.0,81.0,82.0,64.0,79.0,89.0,69.0,87.0,110.0,78.0,86.0,81.0,74.0,132.0,123.0,104.0,105.0,89.0,92.0,72.0,95.0,101.0,93.0,115.0,120.0,116.0,118.644,-225.848,-180.0,-148.0,-144.0,48.976,131.416,260.848,398.428,182.416,36.17960000000001,-18.279999999999987,-57.66,106.0,104.0,100.0,79.0,67.0,63.0,47.0,53.0,54.0,64.0,69.0,84.0,88.0,226.0,328.0,230.0,174.0,177.0,214.0,197.0,258.0,267.0,210.0,205.0,245.0,191.0,269.0,252.0,299.0,364.0,348.0,493.0,549.0,560.0,549.0,385.0,314.0,189.0,194.0,70.0,56.0,43.0,38.0,38.0,76.0,112.0,108.0,87.0,52.0,44.0,45.0,39.0,43.0,56.0,44.0,76.0,67.0,70.0,71.0,79.0,73.0,70.0,70.0,41.0,37.0,0.0,0.0,0.0,0.0,0.0,0.0,0.0,0.0,0.0,0.0,0.0,0.0,0.0
33,199.0,192.0,196.0,188.0,199.0,223.0,254.0,261.0,361.0,336.0,256.0,202.0,207.0,0.0,0.0,0.0,0.0,0.0,0.0,0.0,0.0,0.0,0.0,0.0,0.0,0.0,181.0,255.0,216.0,148.0,187.0,186.0,205.0,190.0,202.0,222.0,189.0,202.0,190.0,-7.7479999999999905,-336.072,-340.444,-17.639999999999986,-11.080000000000013,27.73600000000002,335.82,485.656,567.088,575.536,839.324,22.996,327.33424,74.0,97.0,81.0,82.0,64.0,79.0,89.0,69.0,87.0,110.0,78.0,86.0,81.0,116.0,132.0,123.0,104.0,105.0,89.0,92.0,72.0,95.0,101.0,93.0,115.0,100.0,-57.66,118.644,-225.848,-180.0,-148.0,-144.0,48.976,131.416,260.848,398.428,182.416,36.17960000000001,45.717200000000005,88.0,106.0,104.0,100.0,79.0,67.0,63.0,47.0,53.0,54.0,64.0,69.0,72.0,191.0,226.0,328.0,230.0,174.0,177.0,214.0,197.0,258.0,267.0,210.0,205.0,217.0,194.0,269.0,252.0,299.0,364.0,348.0,493.0,549.0,560.0,549.0,385.0,314.0,273.0,39.0,70.0,56.0,43.0,38.0,38.0,76.0,112.0,108.0,87.0,52.0,44.0,37.0,37.0,43.0,56.0,44.0,76.0,67.0,70.0,71.0,79.0,73.0,70.0,70.0,63.0,0.0,0.0,0.0,0.0,0.0,0.0,0.0,0.0,0.0,0.0,0.0,0.0,0.0
34,207.0,199.0,192.0,196.0,188.0,199.0,223.0,254.0,261.0,361.0,336.0,256.0,236.0,0.0,0.0,0.0,0.0,0.0,0.0,0.0,0.0,0.0,0.0,0.0,0.0,0.0,190.0,181.0,255.0,216.0,148.0,187.0,186.0,205.0,190.0,202.0,222.0,189.0,191.0,327.33424,-7.7479999999999905,-336.072,-340.444,-17.639999999999986,-11.080000000000013,27.73600000000002,335.82,485.656,567.088,575.536,839.324,524.4399999999999,81.0,74.0,97.0,81.0,82.0,64.0,79.0,89.0,69.0,87.0,110.0,78.0,91.0,100.0,116.0,132.0,123.0,104.0,105.0,89.0,92.0,72.0,95.0,101.0,93.0,89.0,45.717200000000005,-57.66,118.644,-225.848,-180.0,-148.0,-144.0,48.976,131.416,260.848,398.428,182.416,177.39999999999998,72.0,88.0,106.0,104.0,100.0,79.0,67.0,63.0,47.0,53.0,54.0,64.0,64.0,217.0,191.0,226.0,328.0,230.0,174.0,177.0,214.0,197.0,258.0,267.0,210.0,248.0,273.0,194.0,269.0,252.0,299.0,364.0,348.0,493.0,549.0,560.0,549.0,385.0,341.0,37.0,39.0,70.0,56.0,43.0,38.0,38.0,76.0,112.0,108.0,87.0,52.0,47.0,63.0,37.0,43.0,56.0,44.0,76.0,67.0,70.0,71.0,79.0,73.0,70.0,81.0,0.0,0.0,0.0,0.0,0.0,0.0,0.0,0.0,0.0,0.0,0.0,0.0,0.0
35,236.0,207.0,199.0,192.0,196.0,188.0,199.0,223.0,254.0,261.0,361.0,336.0,281.0,0.0,0.0,0.0,0.0,0.0,0.0,0.0,0.0,0.0,0.0,0.0,0.0,0.0,191.0,190.0,181.0,255.0,216.0,148.0,187.0,186.0,205.0,190.0,202.0,222.0,211.0,524.4399999999999,327.33424,-7.7479999999999905,-336.072,-340.444,-17.639999999999986,-11.080000000000013,27.73600000000002,335.82,485.656,567.088,575.536,578.976,91.0,81.0,74.0,97.0,81.0,82.0,64.0,79.0,89.0,69.0,87.0,110.0,112.0,89.0,100.0,116.0,132.0,123.0,104.0,105.0,89.0,92.0,72.0,95.0,101.0,98.0,177.39999999999998,45.717200000000005,-57.66,118.644,-225.848,-180.0,-148.0,-144.0,48.976,131.416,260.848,398.428,292.36,64.0,72.0,88.0,106.0,104.0,100.0,79.0,67.0,63.0,47.0,53.0,54.0,62.0,248.0,217.0,191.0,226.0,328.0,230.0,174.0,177.0,214.0,197.0,258.0,267.0,269.0,341.0,273.0,194.0,269.0,252.0,299.0,364.0,348.0,493.0,549.0,560.0,549.0,329.0,47.0,37.0,39.0,70.0,56.0,43.0,38.0,38.0,76.0,112.0,108.0,87.0,106.0,81.0,63.0,37.0,43.0,56.0,44.0,76.0,67.0,70.0,71.0,79.0,73.0,78.0,0.0,0.0,0.0,0.0,0.0,0.0,0.0,0.0,0.0,0.0,0.0,0.0,0.0
36,281.0,236.0,207.0,199.0,192.0,196.0,188.0,199.0,223.0,254.0,261.0,361.0,303.0,0.0,0.0,0.0,0.0,0.0,0.0,0.0,0.0,0.0,0.0,0.0,0.0,0.0,211.0,191.0,190.0,181.0,255.0,216.0,148.0,187.0,186.0,205.0,190.0,202.0,220.0,578.976,524.4399999999999,327.33424,-7.7479999999999905,-336.072,-340.444,-17.639999999999986,-11.080000000000013,27.73600000000002,335.82,485.656,567.088,573.5840000000001,112.0,91.0,81.0,74.0,97.0,81.0,82.0,64.0,79.0,89.0,69.0,87.0,85.0,98.0,89.0,100.0,116.0,132.0,123.0,104.0,105.0,89.0,92.0,72.0,95.0,100.0,292.36,177.39999999999998,45.717200000000005,-57.66,118.644,-225.848,-180.0,-148.0,-144.0,48.976,131.416,260.848,194.716,62.0,64.0,72.0,88.0,106.0,104.0,100.0,79.0,67.0,63.0,47.0,53.0,63.0,269.0,248.0,217.0,191.0,226.0,328.0,230.0,174.0,177.0,214.0,197.0,258.0,260.0,329.0,341.0,273.0,194.0,269.0,252.0,299.0,364.0,348.0,493.0,549.0,560.0,460.0,106.0,47.0,37.0,39.0,70.0,56.0,43.0,38.0,38.0,76.0,112.0,108.0,72.0,78.0,81.0,63.0,37.0,43.0,56.0,44.0,76.0,67.0,70.0,71.0,79.0,73.0,0.0,0.0,0.0,0.0,0.0,0.0,0.0,0.0,0.0,0.0,0.0,0.0,0.0
37,303.0,281.0,236.0,207.0,199.0,192.0,196.0,188.0,199.0,223.0,254.0,261.0,243.0,0.0,0.0,0.0,0.0,0.0,0.0,0.0,0.0,0.0,0.0,0.0,0.0,0.0,220.0,211.0,191.0,190.0,181.0,255.0,216.0,148.0,187.0,186.0,205.0,190.0,209.0,573.5840000000001,578.976,524.4399999999999,327.33424,-7.7479999999999905,-336.072,-340.444,-17.639999999999986,-11.080000000000013,27.73600000000002,335.82,485.656,497.016,85.0,112.0,91.0,81.0,74.0,97.0,81.0,82.0,64.0,79.0,89.0,69.0,85.0,100.0,98.0,89.0,100.0,116.0,132.0,123.0,104.0,105.0,89.0,92.0,72.0,82.0,194.716,292.36,177.39999999999998,45.717200000000005,-57.66,118.644,-225.848,-180.0,-148.0,-144.0,48.976,131.416,140.296,63.0,62.0,64.0,72.0,88.0,106.0,104.0,100.0,79.0,67.0,63.0,47.0,57.0,260.0,269.0,248.0,217.0,191.0,226.0,328.0,230.0,174.0,177.0,214.0,197.0,225.0,460.0,329.0,341.0,273.0,194.0,269.0,252.0,299.0,364.0,348.0,493.0,549.0,442.0,72.0,106.0,47.0,37.0,39.0,70.0,56.0,43.0,38.0,38.0,76.0,112.0,63.0,73.0,78.0,81.0,63.0,37.0,43.0,56.0,44.0,76.0,67.0,70.0,71.0,76.0,0.0,0.0,0.0,0.0,0.0,0.0,0.0,0.0,0.0,0.0,0.0,0.0,0.0
38,243.0,303.0,281.0,236.0,207.0,199.0,192.0,196.0,188.0,199.0,223.0,254.0,243.0,0.0,0.0,0.0,0.0,0.0,0.0,0.0,0.0,0.0,0.0,0.0,0.0,0.0,209.0,220.0,211.0,191.0,190.0,181.0,255.0,216.0,148.0,187.0,186.0,205.0,221.0,497.016,573.5840000000001,578.976,524.4399999999999,327.33424,-7.7479999999999905,-336.072,-340.444,-17.639999999999986,-11.080000000000013,27.73600000000002,335.82,183.636,85.0,85.0,112.0,91.0,81.0,74.0,97.0,81.0,82.0,64.0,79.0,89.0,79.0,82.0,100.0,98.0,89.0,100.0,116.0,132.0,123.0,104.0,105.0,89.0,92.0,90.0,140.296,194.716,292.36,177.39999999999998,45.717200000000005,-57.66,118.644,-225.848,-180.0,-148.0,-144.0,48.976,-65.352,57.0,63.0,62.0,64.0,72.0,88.0,106.0,104.0,100.0,79.0,67.0,63.0,66.0,225.0,260.0,269.0,248.0,217.0,191.0,226.0,328.0,230.0,174.0,177.0,214.0,222.0,442.0,460.0,329.0,341.0,273.0,194.0,269.0,252.0,299.0,364.0,348.0,493.0,406.0,63.0,72.0,106.0,47.0,37.0,39.0,70.0,56.0,43.0,38.0,38.0,76.0,59.0,76.0,73.0,78.0,81.0,63.0,37.0,43.0,56.0,44.0,76.0,67.0,70.0,72.0,0.0,0.0,0.0,0.0,0.0,0.0,0.0,0.0,0.0,0.0,0.0,0.0,0.0
39,243.0,243.0,303.0,281.0,236.0,207.0,199.0,192.0,196.0,188.0,199.0,223.0,230.0,0.0,0.0,0.0,0.0,0.0,0.0,0.0,0.0,0.0,0.0,0.0,0.0,0.0,221.0,209.0,220.0,211.0,191.0,190.0,181.0,255.0,216.0,148.0,187.0,186.0,208.0,183.636,497.016,573.5840000000001,578.976,524.4399999999999,327.33424,-7.7479999999999905,-336.072,-340.444,-17.639999999999986,-11.080000000000013,27.73600000000002,163.048,79.0,85.0,85.0,112.0,91.0,81.0,74.0,97.0,81.0,82.0,64.0,79.0,57.0,90.0,82.0,100.0,98.0,89.0,100.0,116.0,132.0,123.0,104.0,105.0,89.0,86.0,-65.352,140.296,194.716,292.36,177.39999999999998,45.717200000000005,-57.66,118.644,-225.848,-180.0,-148.0,-144.0,-84.384,66.0,57.0,63.0,62.0,64.0,72.0,88.0,106.0,104.0,100.0,79.0,67.0,64.0,222.0,225.0,260.0,269.0,248.0,217.0,191.0,226.0,328.0,230.0,174.0,177.0,188.0,406.0,442.0,460.0,329.0,341.0,273.0,194.0,269.0,252.0,299.0,364.0,348.0,380.0,59.0,63.0,72.0,106.0,47.0,37.0,39.0,70.0,56.0,43.0,38.0,38.0,42.0,72.0,76.0,73.0,78.0,81.0,63.0,37.0,43.0,56.0,44.0,76.0,67.0,65.0,0.0,0.0,0.0,0.0,0.0,0.0,0.0,0.0,0.0,0.0,0.0,0.0,0.0
40,230.0,243.0,243.0,303.0,281.0,236.0,207.0,199.0,192.0,196.0,188.0,199.0,223.0,0.0,0.0,0.0,0.0,0.0,0.0,0.0,0.0,0.0,0.0,0.0,0.0,0.0,208.0,221.0,209.0,220.0,211.0,191.0,190.0,181.0,255.0,216.0,148.0,187.0,212.0,163.048,183.636,497.016,573.5840000000001,578.976,524.4399999999999,327.33424,-7.7479999999999905,-336.072,-340.444,-17.639999999999986,-11.080000000000013,47.64399999999999,57.0,79.0,85.0,85.0,112.0,91.0,81.0,74.0,97.0,81.0,82.0,64.0,73.0,86.0,90.0,82.0,100.0,98.0,89.0,100.0,116.0,132.0,123.0,104.0,105.0,100.0,-84.384,-65.352,140.296,194.716,292.36,177.39999999999998,45.717200000000005,-57.66,118.644,-225.848,-180.0,-148.0,-203.828,64.0,66.0,57.0,63.0,62.0,64.0,72.0,88.0,106.0,104.0,100.0,79.0,66.0,188.0,222.0,225.0,260.0,269.0,248.0,217.0,191.0,226.0,328.0,230.0,174.0,196.0,380.0,406.0,442.0,460.0,329.0,341.0,273.0,194.0,269.0,252.0,299.0,364.0,319.0,42.0,59.0,63.0,72.0,106.0,47.0,37.0,39.0,70.0,56.0,43.0,38.0,41.0,65.0,72.0,76.0,73.0,78.0,81.0,63.0,37.0,43.0,56.0,44.0,76.0,66.0,0.0,0.0,0.0,0.0,0.0,0.0,0.0,0.0,0.0,0.0,0.0,0.0,0.0
41,223.0,230.0,243.0,243.0,303.0,281.0,236.0,207.0,199.0,192.0,196.0,188.0,175.0,0.0,0.0,0.0,0.0,0.0,0.0,0.0,0.0,0.0,0.0,0.0,0.0,0.0,212.0,208.0,221.0,209.0,220.0,211.0,191.0,190.0,181.0,255.0,216.0,148.0,202.0,47.64399999999999,163.048,183.636,497.016,573.5840000000001,578.976,524.4399999999999,327.33424,-7.7479999999999905,-336.072,-340.444,-17.639999999999986,-126.224,73.0,57.0,79.0,85.0,85.0,112.0,91.0,81.0,74.0,97.0,81.0,82.0,79.0,100.0,86.0,90.0,82.0,100.0,98.0,89.0,100.0,116.0,132.0,123.0,104.0,111.0,-203.828,-84.384,-65.352,140.296,194.716,292.36,177.39999999999998,45.717200000000005,-57.66,118.644,-225.848,-180.0,-210.704,66.0,64.0,66.0,57.0,63.0,62.0,64.0,72.0,88.0,106.0,104.0,100.0,105.0,196.0,188.0,222.0,225.0,260.0,269.0,248.0,217.0,191.0,226.0,328.0,230.0,176.0,319.0,380.0,406.0,442.0,460.0,329.0,341.0,273.0,194.0,269.0,252.0,299.0,146.0,41.0,42.0,59.0,63.0,72.0,106.0,47.0,37.0,39.0,70.0,56.0,43.0,43.0,66.0,65.0,72.0,76.0,73.0,78.0,81.0,63.0,37.0,43.0,56.0,44.0,53.0,0.0,0.0,0.0,0.0,0.0,0.0,0.0,0.0,0.0,0.0,0.0,0.0,0.0
42,175.0,223.0,230.0,243.0,243.0,303.0,281.0,236.0,207.0,199.0,192.0,196.0,182.0,0.0,0.0,0.0,0.0,0.0,0.0,0.0,0.0,0.0,0.0,0.0,0.0,0.0,202.0,212.0,208.0,221.0,209.0,220.0,211.0,191.0,190.0,181.0,255.0,216.0,201.0,-126.224,47.64399999999999,163.048,183.636,497.016,573.5840000000001,578.976,524.4399999999999,327.33424,-7.7479999999999905,-336.072,-340.444,-219.088,79.0,73.0,57.0,79.0,85.0,85.0,112.0,91.0,81.0,74.0,97.0,81.0,80.0,111.0,100.0,86.0,90.0,82.0,100.0,98.0,89.0,100.0,116.0,132.0,123.0,122.0,-210.704,-203.828,-84.384,-65.352,140.296,194.716,292.36,177.39999999999998,45.717200000000005,-57.66,118.644,-225.848,-272.22,105.0,66.0,64.0,66.0,57.0,63.0,62.0,64.0,72.0,88.0,106.0,104.0,127.0,176.0,196.0,188.0,222.0,225.0,260.0,269.0,248.0,217.0,191.0,226.0,328.0,221.0,146.0,319.0,380.0,406.0,442.0,460.0,329.0,341.0,273.0,194.0,269.0,252.0,122.0,43.0,41.0,42.0,59.0,63.0,72.0,106.0,47.0,37.0,39.0,70.0,56.0,53.0,53.0,66.0,65.0,72.0,76.0,73.0,78.0,81.0,63.0,37.0,43.0,56.0,55.0,0.0,0.0,0.0,0.0,0.0,0.0,0.0,0.0,0.0,0.0,0.0,0.0,0.0
43,182.0,175.0,223.0,230.0,243.0,243.0,303.0,281.0,236.0,207.0,199.0,192.0,184.0,0.0,0.0,0.0,0.0,0.0,0.0,0.0,0.0,0.0,0.0,0.0,0.0,0.0,201.0,202.0,212.0,208.0,221.0,209.0,220.0,211.0,191.0,190.0,181.0,255.0,268.0,-219.088,-126.224,47.64399999999999,163.048,183.636,497.016,573.5840000000001,578.976,524.4399999999999,327.33424,-7.7479999999999905,-336.072,-388.096,80.0,79.0,73.0,57.0,79.0,85.0,85.0,112.0,91.0,81.0,74.0,97.0,98.0,122.0,111.0,100.0,86.0,90.0,82.0,100.0,98.0,89.0,100.0,116.0,132.0,141.0,-272.22,-210.704,-203.828,-84.384,-65.352,140.296,194.716,292.36,177.39999999999998,45.717200000000005,-57.66,118.644,-127.208,127.0,105.0,66.0,64.0,66.0,57.0,63.0,62.0,64.0,72.0,88.0,106.0,113.0,221.0,176.0,196.0,188.0,222.0,225.0,260.0,269.0,248.0,217.0,191.0,226.0,212.0,122.0,146.0,319.0,380.0,406.0,442.0,460.0,329.0,341.0,273.0,194.0,269.0,293.0,53.0,43.0,41.0,42.0,59.0,63.0,72.0,106.0,47.0,37.0,39.0,70.0,66.0,55.0,53.0,66.0,65.0,72.0,76.0,73.0,78.0,81.0,63.0,37.0,43.0,62.0,0.0,0.0,0.0,0.0,0.0,0.0,0.0,0.0,0.0,0.0,0.0,0.0,0.0
44,184.0,182.0,175.0,223.0,230.0,243.0,243.0,303.0,281.0,236.0,207.0,199.0,186.0,0.0,0.0,0.0,0.0,0.0,0.0,0.0,0.0,0.0,0.0,0.0,0.0,0.0,268.0,201.0,202.0,212.0,208.0,221.0,209.0,220.0,211.0,191.0,190.0,181.0,189.0,-388.096,-219.088,-126.224,47.64399999999999,163.048,183.636,497.016,573.5840000000001,578.976,524.4399999999999,327.33424,-7.7479999999999905,93.64800000000002,98.0,80.0,79.0,73.0,57.0,79.0,85.0,85.0,112.0,91.0,81.0,74.0,90.0,141.0,122.0,111.0,100.0,86.0,90.0,82.0,100.0,98.0,89.0,100.0,116.0,116.0,-127.208,-272.22,-210.704,-203.828,-84.384,-65.352,140.296,194.716,292.36,177.39999999999998,45.717200000000005,-57.66,-59.36,113.0,127.0,105.0,66.0,64.0,66.0,57.0,63.0,62.0,64.0,72.0,88.0,104.0,212.0,221.0,176.0,196.0,188.0,222.0,225.0,260.0,269.0,248.0,217.0,191.0,217.0,293.0,122.0,146.0,319.0,380.0,406.0,442.0,460.0,329.0,341.0,273.0,194.0,70.0,66.0,53.0,43.0,41.0,42.0,59.0,63.0,72.0,106.0,47.0,37.0,39.0,42.0,62.0,55.0,53.0,66.0,65.0,72.0,76.0,73.0,78.0,81.0,63.0,37.0,59.0,0.0,0.0,0.0,0.0,0.0,0.0,0.0,0.0,0.0,0.0,0.0,0.0,0.0
45,186.0,184.0,182.0,175.0,223.0,230.0,243.0,243.0,303.0,281.0,236.0,207.0,229.0,0.0,0.0,0.0,0.0,0.0,0.0,0.0,0.0,0.0,0.0,0.0,0.0,0.0,189.0,268.0,201.0,202.0,212.0,208.0,221.0,209.0,220.0,211.0,191.0,190.0,200.0,93.64800000000002,-388.096,-219.088,-126.224,47.64399999999999,163.048,183.636,497.016,573.5840000000001,578.976,524.4399999999999,327.33424,177.56008,90.0,98.0,80.0,79.0,73.0,57.0,79.0,85.0,85.0,112.0,91.0,81.0,79.0,116.0,141.0,122.0,111.0,100.0,86.0,90.0,82.0,100.0,98.0,89.0,100.0,109.0,-59.36,-127.208,-272.22,-210.704,-203.828,-84.384,-65.352,140.296,194.716,292.36,177.39999999999998,45.717200000000005,34.392480000000006,104.0,113.0,127.0,105.0,66.0,64.0,66.0,57.0,63.0,62.0,64.0,72.0,83.0,217.0,212.0,221.0,176.0,196.0,188.0,222.0,225.0,260.0,269.0,248.0,217.0,229.0,70.0,293.0,122.0,146.0,319.0,380.0,406.0,442.0,460.0,329.0,341.0,273.0,243.0,42.0,66.0,53.0,43.0,41.0,42.0,59.0,63.0,72.0,106.0,47.0,37.0,59.0,59.0,62.0,55.0,53.0,66.0,65.0,72.0,76.0,73.0,78.0,81.0,63.0,57.0,0.0,0.0,0.0,0.0,0.0,0.0,0.0,0.0,0.0,0.0,0.0,0.0,0.0
46,229.0,186.0,184.0,182.0,175.0,223.0,230.0,243.0,243.0,303.0,281.0,236.0,240.0,0.0,0.0,0.0,0.0,0.0,0.0,0.0,0.0,0.0,0.0,0.0,0.0,0.0,200.0,189.0,268.0,201.0,202.0,212.0,208.0,221.0,209.0,220.0,211.0,191.0,152.0,177.56008,93.64800000000002,-388.096,-219.088,-126.224,47.64399999999999,163.048,183.636,497.016,573.5840000000001,578.976,524.4399999999999,376.472,79.0,90.0,98.0,80.0,79.0,73.0,57.0,79.0,85.0,85.0,112.0,91.0,78.0,109.0,116.0,141.0,122.0,111.0,100.0,86.0,90.0,82.0,100.0,98.0,89.0,96.0,34.392480000000006,-59.36,-127.208,-272.22,-210.704,-203.828,-84.384,-65.352,140.296,194.716,292.36,177.39999999999998,98.208,83.0,104.0,113.0,127.0,105.0,66.0,64.0,66.0,57.0,63.0,62.0,64.0,67.0,229.0,217.0,212.0,221.0,176.0,196.0,188.0,222.0,225.0,260.0,269.0,248.0,229.0,243.0,70.0,293.0,122.0,146.0,319.0,380.0,406.0,442.0,460.0,329.0,341.0,396.0,59.0,42.0,66.0,53.0,43.0,41.0,42.0,59.0,63.0,72.0,106.0,47.0,51.0,57.0,59.0,62.0,55.0,53.0,66.0,65.0,72.0,76.0,73.0,78.0,81.0,106.0,0.0,0.0,0.0,0.0,0.0,0.0,0.0,0.0,0.0,0.0,0.0,0.0,0.0
47,240.0,229.0,186.0,184.0,182.0,175.0,223.0,230.0,243.0,243.0,303.0,281.0,274.0,0.0,0.0,0.0,0.0,0.0,0.0,0.0,0.0,0.0,0.0,0.0,0.0,0.0,152.0,200.0,189.0,268.0,201.0,202.0,212.0,208.0,221.0,209.0,220.0,211.0,138.0,376.472,177.56008,93.64800000000002,-388.096,-219.088,-126.224,47.64399999999999,163.048,183.636,497.016,573.5840000000001,578.976,468.312,78.0,79.0,90.0,98.0,80.0,79.0,73.0,57.0,79.0,85.0,85.0,112.0,107.0,96.0,109.0,116.0,141.0,122.0,111.0,100.0,86.0,90.0,82.0,100.0,98.0,110.0,98.208,34.392480000000006,-59.36,-127.208,-272.22,-210.704,-203.828,-84.384,-65.352,140.296,194.716,292.36,133.112,67.0,83.0,104.0,113.0,127.0,105.0,66.0,64.0,66.0,57.0,63.0,62.0,57.0,229.0,229.0,217.0,212.0,221.0,176.0,196.0,188.0,222.0,225.0,260.0,269.0,298.0,396.0,243.0,70.0,293.0,122.0,146.0,319.0,380.0,406.0,442.0,460.0,329.0,618.0,51.0,59.0,42.0,66.0,53.0,43.0,41.0,42.0,59.0,63.0,72.0,106.0,69.0,106.0,57.0,59.0,62.0,55.0,53.0,66.0,65.0,72.0,76.0,73.0,78.0,99.0,0.0,0.0,0.0,0.0,0.0,0.0,0.0,0.0,0.0,0.0,0.0,0.0,0.0
48,274.0,240.0,229.0,186.0,184.0,182.0,175.0,223.0,230.0,243.0,243.0,303.0,280.0,0.0,0.0,0.0,0.0,0.0,0.0,0.0,0.0,0.0,0.0,0.0,0.0,0.0,138.0,152.0,200.0,189.0,268.0,201.0,202.0,212.0,208.0,221.0,209.0,220.0,152.0,468.312,376.472,177.56008,93.64800000000002,-388.096,-219.088,-126.224,47.64399999999999,163.048,183.636,497.016,573.5840000000001,497.048,107.0,78.0,79.0,90.0,98.0,80.0,79.0,73.0,57.0,79.0,85.0,85.0,101.0,110.0,96.0,109.0,116.0,141.0,122.0,111.0,100.0,86.0,90.0,82.0,100.0,101.0,133.112,98.208,34.392480000000006,-59.36,-127.208,-272.22,-210.704,-203.828,-84.384,-65.352,140.296,194.716,156.68,57.0,67.0,83.0,104.0,113.0,127.0,105.0,66.0,64.0,66.0,57.0,63.0,62.0,298.0,229.0,229.0,217.0,212.0,221.0,176.0,196.0,188.0,222.0,225.0,260.0,270.0,618.0,396.0,243.0,70.0,293.0,122.0,146.0,319.0,380.0,406.0,442.0,460.0,553.0,69.0,51.0,59.0,42.0,66.0,53.0,43.0,41.0,42.0,59.0,63.0,72.0,104.0,99.0,106.0,57.0,59.0,62.0,55.0,53.0,66.0,65.0,72.0,76.0,73.0,93.0,0.0,0.0,0.0,0.0,0.0,0.0,0.0,0.0,0.0,0.0,0.0,0.0,0.0
49,280.0,274.0,240.0,229.0,186.0,184.0,182.0,175.0,223.0,230.0,243.0,243.0,243.0,0.0,0.0,0.0,0.0,0.0,0.0,0.0,0.0,0.0,0.0,0.0,0.0,0.0,152.0,138.0,152.0,200.0,189.0,268.0,201.0,202.0,212.0,208.0,221.0,209.0,118.0,497.048,468.312,376.472,177.56008,93.64800000000002,-388.096,-219.088,-126.224,47.64399999999999,163.048,183.636,497.016,373.768,101.0,107.0,78.0,79.0,90.0,98.0,80.0,79.0,73.0,57.0,79.0,85.0,77.0,101.0,110.0,96.0,109.0,116.0,141.0,122.0,111.0,100.0,86.0,90.0,82.0,84.0,156.68,133.112,98.208,34.392480000000006,-59.36,-127.208,-272.22,-210.704,-203.828,-84.384,-65.352,140.296,95.048,62.0,57.0,67.0,83.0,104.0,113.0,127.0,105.0,66.0,64.0,66.0,57.0,54.0,270.0,298.0,229.0,229.0,217.0,212.0,221.0,176.0,196.0,188.0,222.0,225.0,232.0,553.0,618.0,396.0,243.0,70.0,293.0,122.0,146.0,319.0,380.0,406.0,442.0,466.0,104.0,69.0,51.0,59.0,42.0,66.0,53.0,43.0,41.0,42.0,59.0,63.0,96.0,93.0,99.0,106.0,57.0,59.0,62.0,55.0,53.0,66.0,65.0,72.0,76.0,119.0,0.0,0.0,0.0,0.0,0.0,0.0,0.0,0.0,0.0,0.0,0.0,0.0,0.0
50,243.0,280.0,274.0,240.0,229.0,186.0,184.0,182.0,175.0,223.0,230.0,243.0,237.0,0.0,0.0,0.0,0.0,0.0,0.0,0.0,0.0,0.0,0.0,0.0,0.0,0.0,118.0,152.0,138.0,152.0,200.0,189.0,268.0,201.0,202.0,212.0,208.0,221.0,189.0,373.768,497.048,468.312,376.472,177.56008,93.64800000000002,-388.096,-219.088,-126.224,47.64399999999999,163.048,183.636,395.072,77.0,101.0,107.0,78.0,79.0,90.0,98.0,80.0,79.0,73.0,57.0,79.0,98.0,84.0,101.0,110.0,96.0,109.0,116.0,141.0,122.0,111.0,100.0,86.0,90.0,99.0,95.048,156.68,133.112,98.208,34.392480000000006,-59.36,-127.208,-272.22,-210.704,-203.828,-84.384,-65.352,14.587999999999994,54.0,62.0,57.0,67.0,83.0,104.0,113.0,127.0,105.0,66.0,64.0,66.0,62.0,232.0,270.0,298.0,229.0,229.0,217.0,212.0,221.0,176.0,196.0,188.0,222.0,245.0,466.0,553.0,618.0,396.0,243.0,70.0,293.0,122.0,146.0,319.0,380.0,406.0,472.0,96.0,104.0,69.0,51.0,59.0,42.0,66.0,53.0,43.0,41.0,42.0,59.0,82.0,119.0,93.0,99.0,106.0,57.0,59.0,62.0,55.0,53.0,66.0,65.0,72.0,99.0,0.0,0.0,0.0,0.0,0.0,0.0,0.0,0.0,0.0,0.0,0.0,0.0,0.0
51,237.0,243.0,280.0,274.0,240.0,229.0,186.0,184.0,182.0,175.0,223.0,230.0,202.0,0.0,0.0,0.0,0.0,0.0,0.0,0.0,0.0,0.0,0.0,0.0,0.0,0.0,189.0,118.0,152.0,138.0,152.0,200.0,189.0,268.0,201.0,202.0,212.0,208.0,179.0,395.072,373.768,497.048,468.312,376.472,177.56008,93.64800000000002,-388.096,-219.088,-126.224,47.64399999999999,163.048,98.15999999999995,98.0,77.0,101.0,107.0,78.0,79.0,90.0,98.0,80.0,79.0,73.0,57.0,89.0,99.0,84.0,101.0,110.0,96.0,109.0,116.0,141.0,122.0,111.0,100.0,86.0,101.0,14.587999999999994,95.048,156.68,133.112,98.208,34.392480000000006,-59.36,-127.208,-272.22,-210.704,-203.828,-84.384,-145.45600000000002,62.0,54.0,62.0,57.0,67.0,83.0,104.0,113.0,127.0,105.0,66.0,64.0,64.0,245.0,232.0,270.0,298.0,229.0,229.0,217.0,212.0,221.0,176.0,196.0,188.0,230.0,472.0,466.0,553.0,618.0,396.0,243.0,70.0,293.0,122.0,146.0,319.0,380.0,362.0,82.0,96.0,104.0,69.0,51.0,59.0,42.0,66.0,53.0,43.0,41.0,42.0,51.0,99.0,119.0,93.0,99.0,106.0,57.0,59.0,62.0,55.0,53.0,66.0,65.0,65.0,0.0,0.0,0.0,0.0,0.0,0.0,0.0,0.0,0.0,0.0,0.0,0.0,0.0
52,202.0,237.0,243.0,280.0,274.0,240.0,229.0,186.0,184.0,182.0,175.0,223.0,170.0,0.0,0.0,0.0,0.0,0.0,0.0,0.0,0.0,0.0,0.0,0.0,0.0,0.0,179.0,189.0,118.0,152.0,138.0,152.0,200.0,189.0,268.0,201.0,202.0,212.0,178.0,98.15999999999995,395.072,373.768,497.048,468.312,376.472,177.56008,93.64800000000002,-388.096,-219.088,-126.224,47.64399999999999,-30.99199999999999,89.0,98.0,77.0,101.0,107.0,78.0,79.0,90.0,98.0,80.0,79.0,73.0,88.0,101.0,99.0,84.0,101.0,110.0,96.0,109.0,116.0,141.0,122.0,111.0,100.0,105.0,-145.45600000000002,14.587999999999994,95.048,156.68,133.112,98.208,34.392480000000006,-59.36,-127.208,-272.22,-210.704,-203.828,-260.736,64.0,62.0,54.0,62.0,57.0,67.0,83.0,104.0,113.0,127.0,105.0,66.0,75.0,230.0,245.0,232.0,270.0,298.0,229.0,229.0,217.0,212.0,221.0,176.0,196.0,200.0,362.0,472.0,466.0,553.0,618.0,396.0,243.0,70.0,293.0,122.0,146.0,319.0,343.0,51.0,82.0,96.0,104.0,69.0,51.0,59.0,42.0,66.0,53.0,43.0,41.0,46.0,65.0,99.0,119.0,93.0,99.0,106.0,57.0,59.0,62.0,55.0,53.0,66.0,79.0,0.0,0.0,0.0,0.0,0.0,0.0,0.0,0.0,0.0,0.0,0.0,0.0,0.0
53,170.0,202.0,237.0,243.0,280.0,274.0,240.0,229.0,186.0,184.0,182.0,175.0,146.0,0.0,0.0,0.0,0.0,0.0,0.0,0.0,0.0,0.0,0.0,0.0,0.0,0.0,178.0,179.0,189.0,118.0,152.0,138.0,152.0,200.0,189.0,268.0,201.0,202.0,178.0,-30.99199999999999,98.15999999999995,395.072,373.768,497.048,468.312,376.472,177.56008,93.64800000000002,-388.096,-219.088,-126.224,-129.48399999999998,88.0,89.0,98.0,77.0,101.0,107.0,78.0,79.0,90.0,98.0,80.0,79.0,78.0,105.0,101.0,99.0,84.0,101.0,110.0,96.0,109.0,116.0,141.0,122.0,111.0,117.0,-260.736,-145.45600000000002,14.587999999999994,95.048,156.68,133.112,98.208,34.392480000000006,-59.36,-127.208,-272.22,-210.704,-285.308,75.0,64.0,62.0,54.0,62.0,57.0,67.0,83.0,104.0,113.0,127.0,105.0,87.0,200.0,230.0,245.0,232.0,270.0,298.0,229.0,229.0,217.0,212.0,221.0,176.0,201.0,343.0,362.0,472.0,466.0,553.0,618.0,396.0,243.0,70.0,293.0,122.0,146.0,269.0,46.0,51.0,82.0,96.0,104.0,69.0,51.0,59.0,42.0,66.0,53.0,43.0,49.0,79.0,65.0,99.0,119.0,93.0,99.0,106.0,57.0,59.0,62.0,55.0,53.0,66.0,0.0,0.0,0.0,0.0,0.0,0.0,0.0,0.0,0.0,0.0,0.0,0.0,0.0
54,146.0,170.0,202.0,237.0,243.0,280.0,274.0,240.0,229.0,186.0,184.0,182.0,228.0,0.0,0.0,0.0,0.0,0.0,0.0,0.0,0.0,0.0,0.0,0.0,0.0,0.0,178.0,178.0,179.0,189.0,118.0,152.0,138.0,152.0,200.0,189.0,268.0,201.0,364.0,-129.48399999999998,-30.99199999999999,98.15999999999995,395.072,373.768,497.048,468.312,376.472,177.56008,93.64800000000002,-388.096,-219.088,-330.068,78.0,88.0,89.0,98.0,77.0,101.0,107.0,78.0,79.0,90.0,98.0,80.0,91.0,117.0,105.0,101.0,99.0,84.0,101.0,110.0,96.0,109.0,116.0,141.0,122.0,138.0,-285.308,-260.736,-145.45600000000002,14.587999999999994,95.048,156.68,133.112,98.208,34.392480000000006,-59.36,-127.208,-272.22,-265.55999999999995,87.0,75.0,64.0,62.0,54.0,62.0,57.0,67.0,83.0,104.0,113.0,127.0,122.0,201.0,200.0,230.0,245.0,232.0,270.0,298.0,229.0,229.0,217.0,212.0,221.0,408.0,269.0,343.0,362.0,472.0,466.0,553.0,618.0,396.0,243.0,70.0,293.0,122.0,100.0,49.0,46.0,51.0,82.0,96.0,104.0,69.0,51.0,59.0,42.0,66.0,53.0,86.0,66.0,79.0,65.0,99.0,119.0,93.0,99.0,106.0,57.0,59.0,62.0,55.0,71.0,0.0,0.0,0.0,0.0,0.0,0.0,0.0,0.0,0.0,0.0,0.0,0.0,0.0
55,228.0,146.0,170.0,202.0,237.0,243.0,280.0,274.0,240.0,229.0,186.0,184.0,201.0,0.0,0.0,0.0,0.0,0.0,0.0,0.0,0.0,0.0,0.0,0.0,0.0,207.0,364.0,178.0,178.0,179.0,189.0,118.0,152.0,138.0,152.0,200.0,189.0,268.0,285.0,-330.068,-129.48399999999998,-30.99199999999999,98.15999999999995,395.072,373.768,497.048,468.312,376.472,177.56008,93.64800000000002,-388.096,-441.036,91.0,78.0,88.0,89.0,98.0,77.0,101.0,107.0,78.0,79.0,90.0,98.0,101.0,138.0,117.0,105.0,101.0,99.0,84.0,101.0,110.0,96.0,109.0,116.0,141.0,135.0,-265.55999999999995,-285.308,-260.736,-145.45600000000002,14.587999999999994,95.048,156.68,133.112,98.208,34.392480000000006,-59.36,-127.208,-301.108,122.0,87.0,75.0,64.0,62.0,54.0,62.0,57.0,67.0,83.0,104.0,113.0,38.0,408.0,201.0,200.0,230.0,245.0,232.0,270.0,298.0,229.0,229.0,217.0,212.0,283.0,100.0,269.0,343.0,362.0,472.0,466.0,553.0,618.0,396.0,243.0,70.0,293.0,102.0,86.0,49.0,46.0,51.0,82.0,96.0,104.0,69.0,51.0,59.0,42.0,66.0,72.0,71.0,66.0,79.0,65.0,99.0,119.0,93.0,99.0,106.0,57.0,59.0,62.0,59.0,0.0,0.0,0.0,0.0,0.0,0.0,0.0,0.0,0.0,0.0,0.0,0.0,0.0
56,201.0,228.0,146.0,170.0,202.0,237.0,243.0,280.0,274.0,240.0,229.0,186.0,179.0,207.0,0.0,0.0,0.0,0.0,0.0,0.0,0.0,0.0,0.0,0.0,0.0,490.0,285.0,364.0,178.0,178.0,179.0,189.0,118.0,152.0,138.0,152.0,200.0,189.0,214.0,-441.036,-330.068,-129.48399999999998,-30.99199999999999,98.15999999999995,395.072,373.768,497.048,468.312,376.472,177.56008,93.64800000000002,-98.08800000000004,101.0,91.0,78.0,88.0,89.0,98.0,77.0,101.0,107.0,78.0,79.0,90.0,72.0,135.0,138.0,117.0,105.0,101.0,99.0,84.0,101.0,110.0,96.0,109.0,116.0,122.0,-301.108,-265.55999999999995,-285.308,-260.736,-145.45600000000002,14.587999999999994,95.048,156.68,133.112,98.208,34.392480000000006,-59.36,-27.575999999999997,38.0,122.0,87.0,75.0,64.0,62.0,54.0,62.0,57.0,67.0,83.0,104.0,24.0,283.0,408.0,201.0,200.0,230.0,245.0,232.0,270.0,298.0,229.0,229.0,217.0,270.0,102.0,100.0,269.0,343.0,362.0,472.0,466.0,553.0,618.0,396.0,243.0,70.0,145.0,72.0,86.0,49.0,46.0,51.0,82.0,96.0,104.0,69.0,51.0,59.0,42.0,74.0,59.0,71.0,66.0,79.0,65.0,99.0,119.0,93.0,99.0,106.0,57.0,59.0,64.0,0.0,0.0,0.0,0.0,0.0,0.0,0.0,0.0,0.0,0.0,0.0,0.0,0.0
57,179.0,201.0,228.0,146.0,170.0,202.0,237.0,243.0,280.0,274.0,240.0,229.0,208.0,490.0,207.0,0.0,0.0,0.0,0.0,0.0,0.0,0.0,0.0,0.0,0.0,601.0,214.0,285.0,364.0,178.0,178.0,179.0,189.0,118.0,152.0,138.0,152.0,200.0,186.0,-98.08800000000004,-441.036,-330.068,-129.48399999999998,-30.99199999999999,98.15999999999995,395.072,373.768,497.048,468.312,376.472,177.56008,298.15304,72.0,101.0,91.0,78.0,88.0,89.0,98.0,77.0,101.0,107.0,78.0,79.0,79.0,122.0,135.0,138.0,117.0,105.0,101.0,99.0,84.0,101.0,110.0,96.0,109.0,109.0,-27.575999999999997,-301.108,-265.55999999999995,-285.308,-260.736,-145.45600000000002,14.587999999999994,95.048,156.68,133.112,98.208,34.392480000000006,77.2508,24.0,38.0,122.0,87.0,75.0,64.0,62.0,54.0,62.0,57.0,67.0,83.0,9.0,270.0,283.0,408.0,201.0,200.0,230.0,245.0,232.0,270.0,298.0,229.0,229.0,225.0,145.0,102.0,100.0,269.0,343.0,362.0,472.0,466.0,553.0,618.0,396.0,243.0,320.0,74.0,72.0,86.0,49.0,46.0,51.0,82.0,96.0,104.0,69.0,51.0,59.0,58.0,64.0,59.0,71.0,66.0,79.0,65.0,99.0,119.0,93.0,99.0,106.0,57.0,84.0,0.0,0.0,0.0,0.0,0.0,0.0,0.0,0.0,0.0,0.0,0.0,0.0,0.0
58,208.0,179.0,201.0,228.0,146.0,170.0,202.0,237.0,243.0,280.0,274.0,240.0,237.0,601.0,490.0,207.0,0.0,0.0,0.0,0.0,0.0,0.0,0.0,0.0,0.0,557.0,186.0,214.0,285.0,364.0,178.0,178.0,179.0,189.0,118.0,152.0,138.0,152.0,181.0,298.15304,-98.08800000000004,-441.036,-330.068,-129.48399999999998,-30.99199999999999,98.15999999999995,395.072,373.768,497.048,468.312,376.472,326.352,79.0,72.0,101.0,91.0,78.0,88.0,89.0,98.0,77.0,101.0,107.0,78.0,73.0,109.0,122.0,135.0,138.0,117.0,105.0,101.0,99.0,84.0,101.0,110.0,96.0,95.0,77.2508,-27.575999999999997,-301.108,-265.55999999999995,-285.308,-260.736,-145.45600000000002,14.587999999999994,95.048,156.68,133.112,98.208,113.89600000000002,9.0,24.0,38.0,122.0,87.0,75.0,64.0,62.0,54.0,62.0,57.0,67.0,8.0,225.0,270.0,283.0,408.0,201.0,200.0,230.0,245.0,232.0,270.0,298.0,229.0,247.0,320.0,145.0,102.0,100.0,269.0,343.0,362.0,472.0,466.0,553.0,618.0,396.0,357.0,58.0,74.0,72.0,86.0,49.0,46.0,51.0,82.0,96.0,104.0,69.0,51.0,62.0,84.0,64.0,59.0,71.0,66.0,79.0,65.0,99.0,119.0,93.0,99.0,106.0,68.0,0.0,0.0,0.0,0.0,0.0,0.0,0.0,0.0,0.0,0.0,0.0,0.0,0.0
59,237.0,208.0,179.0,201.0,228.0,146.0,170.0,202.0,237.0,243.0,280.0,274.0,291.0,557.0,601.0,490.0,207.0,0.0,0.0,0.0,0.0,0.0,0.0,0.0,0.0,903.0,181.0,186.0,214.0,285.0,364.0,178.0,178.0,179.0,189.0,118.0,152.0,138.0,195.0,326.352,298.15304,-98.08800000000004,-441.036,-330.068,-129.48399999999998,-30.99199999999999,98.15999999999995,395.072,373.768,497.048,468.312,410.484,73.0,79.0,72.0,101.0,91.0,78.0,88.0,89.0,98.0,77.0,101.0,107.0,108.0,95.0,109.0,122.0,135.0,138.0,117.0,105.0,101.0,99.0,84.0,101.0,110.0,113.0,113.89600000000002,77.2508,-27.575999999999997,-301.108,-265.55999999999995,-285.308,-260.736,-145.45600000000002,14.587999999999994,95.048,156.68,133.112,191.688,8.0,9.0,24.0,38.0,122.0,87.0,75.0,64.0,62.0,54.0,62.0,57.0,6.0,247.0,225.0,270.0,283.0,408.0,201.0,200.0,230.0,245.0,232.0,270.0,298.0,287.0,357.0,320.0,145.0,102.0,100.0,269.0,343.0,362.0,472.0,466.0,553.0,618.0,481.0,62.0,58.0,74.0,72.0,86.0,49.0,46.0,51.0,82.0,96.0,104.0,69.0,96.0,68.0,84.0,64.0,59.0,71.0,66.0,79.0,65.0,99.0,119.0,93.0,99.0,67.0,0.0,0.0,0.0,0.0,0.0,0.0,0.0,0.0,0.0,0.0,0.0,0.0,0.0
60,291.0,237.0,208.0,179.0,201.0,228.0,146.0,170.0,202.0,237.0,243.0,280.0,259.0,903.0,557.0,601.0,490.0,207.0,0.0,0.0,0.0,0.0,0.0,0.0,0.0,761.0,195.0,181.0,186.0,214.0,285.0,364.0,178.0,178.0,179.0,189.0,118.0,152.0,192.0,410.484,326.352,298.15304,-98.08800000000004,-441.036,-330.068,-129.48399999999998,-30.99199999999999,98.15999999999995,395.072,373.768,497.048,428.796,108.0,73.0,79.0,72.0,101.0,91.0,78.0,88.0,89.0,98.0,77.0,101.0,108.0,113.0,95.0,109.0,122.0,135.0,138.0,117.0,105.0,101.0,99.0,84.0,101.0,105.0,191.688,113.89600000000002,77.2508,-27.575999999999997,-301.108,-265.55999999999995,-285.308,-260.736,-145.45600000000002,14.587999999999994,95.048,156.68,191.288,6.0,8.0,9.0,24.0,38.0,122.0,87.0,75.0,64.0,62.0,54.0,62.0,10.0,287.0,247.0,225.0,270.0,283.0,408.0,201.0,200.0,230.0,245.0,232.0,270.0,291.0,481.0,357.0,320.0,145.0,102.0,100.0,269.0,343.0,362.0,472.0,466.0,553.0,531.0,96.0,62.0,58.0,74.0,72.0,86.0,49.0,46.0,51.0,82.0,96.0,104.0,122.0,67.0,68.0,84.0,64.0,59.0,71.0,66.0,79.0,65.0,99.0,119.0,93.0,101.0,0.0,0.0,0.0,0.0,0.0,0.0,0.0,0.0,0.0,0.0,0.0,0.0,0.0
61,259.0,291.0,237.0,208.0,179.0,201.0,228.0,146.0,170.0,202.0,237.0,243.0,201.0,761.0,903.0,557.0,601.0,490.0,207.0,0.0,0.0,0.0,0.0,0.0,0.0,760.0,192.0,195.0,181.0,186.0,214.0,285.0,364.0,178.0,178.0,179.0,189.0,118.0,179.0,428.796,410.484,326.352,298.15304,-98.08800000000004,-441.036,-330.068,-129.48399999999998,-30.99199999999999,98.15999999999995,395.072,373.768,292.072,108.0,108.0,73.0,79.0,72.0,101.0,91.0,78.0,88.0,89.0,98.0,77.0,84.0,105.0,113.0,95.0,109.0,122.0,135.0,138.0,117.0,105.0,101.0,99.0,84.0,92.0,191.288,191.688,113.89600000000002,77.2508,-27.575999999999997,-301.108,-265.55999999999995,-285.308,-260.736,-145.45600000000002,14.587999999999994,95.048,130.1,10.0,6.0,8.0,9.0,24.0,38.0,122.0,87.0,75.0,64.0,62.0,54.0,8.0,291.0,287.0,247.0,225.0,270.0,283.0,408.0,201.0,200.0,230.0,245.0,232.0,252.0,531.0,481.0,357.0,320.0,145.0,102.0,100.0,269.0,343.0,362.0,472.0,466.0,408.0,122.0,96.0,62.0,58.0,74.0,72.0,86.0,49.0,46.0,51.0,82.0,96.0,76.0,101.0,67.0,68.0,84.0,64.0,59.0,71.0,66.0,79.0,65.0,99.0,119.0,73.0,0.0,0.0,0.0,0.0,0.0,0.0,0.0,0.0,0.0,0.0,0.0,0.0,0.0
62,201.0,259.0,291.0,237.0,208.0,179.0,201.0,228.0,146.0,170.0,202.0,237.0,207.0,760.0,761.0,903.0,557.0,601.0,490.0,207.0,0.0,0.0,0.0,0.0,0.0,826.0,179.0,192.0,195.0,181.0,186.0,214.0,285.0,364.0,178.0,178.0,179.0,189.0,197.0,292.072,428.796,410.484,326.352,298.15304,-98.08800000000004,-441.036,-330.068,-129.48399999999998,-30.99199999999999,98.15999999999995,395.072,237.068,84.0,108.0,108.0,73.0,79.0,72.0,101.0,91.0,78.0,88.0,89.0,98.0,101.0,92.0,105.0,113.0,95.0,109.0,122.0,135.0,138.0,117.0,105.0,101.0,99.0,98.0,130.1,191.288,191.688,113.89600000000002,77.2508,-27.575999999999997,-301.108,-265.55999999999995,-285.308,-260.736,-145.45600000000002,14.587999999999994,-51.912000000000006,8.0,10.0,6.0,8.0,9.0,24.0,38.0,122.0,87.0,75.0,64.0,62.0,9.0,252.0,291.0,287.0,247.0,225.0,270.0,283.0,408.0,201.0,200.0,230.0,245.0,260.0,408.0,531.0,481.0,357.0,320.0,145.0,102.0,100.0,269.0,343.0,362.0,472.0,405.0,76.0,122.0,96.0,62.0,58.0,74.0,72.0,86.0,49.0,46.0,51.0,82.0,95.0,73.0,101.0,67.0,68.0,84.0,64.0,59.0,71.0,66.0,79.0,65.0,99.0,66.0,0.0,0.0,0.0,0.0,0.0,0.0,0.0,0.0,0.0,0.0,0.0,0.0,0.0
63,207.0,201.0,259.0,291.0,237.0,208.0,179.0,201.0,228.0,146.0,170.0,202.0,180.0,826.0,760.0,761.0,903.0,557.0,601.0,490.0,207.0,0.0,0.0,0.0,0.0,581.0,197.0,179.0,192.0,195.0,181.0,186.0,214.0,285.0,364.0,178.0,178.0,179.0,169.0,237.068,292.072,428.796,410.484,326.352,298.15304,-98.08800000000004,-441.036,-330.068,-129.48399999999998,-30.99199999999999,98.15999999999995,-47.72,101.0,84.0,108.0,108.0,73.0,79.0,72.0,101.0,91.0,78.0,88.0,89.0,119.0,98.0,92.0,105.0,113.0,95.0,109.0,122.0,135.0,138.0,117.0,105.0,101.0,105.0,-51.912000000000006,130.1,191.288,191.688,113.89600000000002,77.2508,-27.575999999999997,-301.108,-265.55999999999995,-285.308,-260.736,-145.45600000000002,-294.64,9.0,8.0,10.0,6.0,8.0,9.0,24.0,38.0,122.0,87.0,75.0,64.0,10.0,260.0,252.0,291.0,287.0,247.0,225.0,270.0,283.0,408.0,201.0,200.0,230.0,216.0,405.0,408.0,531.0,481.0,357.0,320.0,145.0,102.0,100.0,269.0,343.0,362.0,313.0,95.0,76.0,122.0,96.0,62.0,58.0,74.0,72.0,86.0,49.0,46.0,51.0,46.0,66.0,73.0,101.0,67.0,68.0,84.0,64.0,59.0,71.0,66.0,79.0,65.0,34.0,0.0,0.0,0.0,0.0,0.0,0.0,0.0,0.0,0.0,0.0,0.0,0.0,0.0
64,180.0,207.0,201.0,259.0,291.0,237.0,208.0,179.0,201.0,228.0,146.0,170.0,213.0,581.0,826.0,760.0,761.0,903.0,557.0,601.0,490.0,207.0,0.0,0.0,0.0,560.0,169.0,197.0,179.0,192.0,195.0,181.0,186.0,214.0,285.0,364.0,178.0,178.0,176.0,-47.72,237.068,292.072,428.796,410.484,326.352,298.15304,-98.08800000000004,-441.036,-330.068,-129.48399999999998,-30.99199999999999,-48.71999999999999,119.0,101.0,84.0,108.0,108.0,73.0,79.0,72.0,101.0,91.0,78.0,88.0,99.0,105.0,98.0,92.0,105.0,113.0,95.0,109.0,122.0,135.0,138.0,117.0,105.0,110.0,-294.64,-51.912000000000006,130.1,191.288,191.688,113.89600000000002,77.2508,-27.575999999999997,-301.108,-265.55999999999995,-285.308,-260.736,-222.056,10.0,9.0,8.0,10.0,6.0,8.0,9.0,24.0,38.0,122.0,87.0,75.0,25.0,216.0,260.0,252.0,291.0,287.0,247.0,225.0,270.0,283.0,408.0,201.0,200.0,213.0,313.0,405.0,408.0,531.0,481.0,357.0,320.0,145.0,102.0,100.0,269.0,343.0,308.0,46.0,95.0,76.0,122.0,96.0,62.0,58.0,74.0,72.0,86.0,49.0,46.0,42.0,34.0,66.0,73.0,101.0,67.0,68.0,84.0,64.0,59.0,71.0,66.0,79.0,45.0,0.0,0.0,0.0,0.0,0.0,0.0,0.0,0.0,0.0,0.0,0.0,0.0,27.0
65,213.0,180.0,207.0,201.0,259.0,291.0,237.0,208.0,179.0,201.0,228.0,146.0,178.0,560.0,581.0,826.0,760.0,761.0,903.0,557.0,601.0,490.0,207.0,0.0,0.0,428.0,176.0,169.0,197.0,179.0,192.0,195.0,181.0,186.0,214.0,285.0,364.0,178.0,177.0,-48.71999999999999,-47.72,237.068,292.072,428.796,410.484,326.352,298.15304,-98.08800000000004,-441.036,-330.068,-129.48399999999998,-210.356,99.0,119.0,101.0,84.0,108.0,108.0,73.0,79.0,72.0,101.0,91.0,78.0,94.0,110.0,105.0,98.0,92.0,105.0,113.0,95.0,109.0,122.0,135.0,138.0,117.0,128.0,-222.056,-294.64,-51.912000000000006,130.1,191.288,191.688,113.89600000000002,77.2508,-27.575999999999997,-301.108,-265.55999999999995,-285.308,-278.764,25.0,10.0,9.0,8.0,10.0,6.0,8.0,9.0,24.0,38.0,122.0,87.0,29.0,213.0,216.0,260.0,252.0,291.0,287.0,247.0,225.0,270.0,283.0,408.0,201.0,227.0,308.0,313.0,405.0,408.0,531.0,481.0,357.0,320.0,145.0,102.0,100.0,269.0,314.0,42.0,46.0,95.0,76.0,122.0,96.0,62.0,58.0,74.0,72.0,86.0,49.0,50.0,45.0,34.0,66.0,73.0,101.0,67.0,68.0,84.0,64.0,59.0,71.0,66.0,31.0,27.0,0.0,0.0,0.0,0.0,0.0,0.0,0.0,0.0,0.0,0.0,0.0,47.0
66,178.0,213.0,180.0,207.0,201.0,259.0,291.0,237.0,208.0,179.0,201.0,228.0,227.0,428.0,560.0,581.0,826.0,760.0,761.0,903.0,557.0,601.0,490.0,207.0,0.0,396.0,177.0,176.0,169.0,197.0,179.0,192.0,195.0,181.0,186.0,214.0,285.0,364.0,306.0,-210.356,-48.71999999999999,-47.72,237.068,292.072,428.796,410.484,326.352,298.15304,-98.08800000000004,-441.036,-330.068,-336.29200000000003,94.0,99.0,119.0,101.0,84.0,108.0,108.0,73.0,79.0,72.0,101.0,91.0,98.0,128.0,110.0,105.0,98.0,92.0,105.0,113.0,95.0,109.0,122.0,135.0,138.0,151.0,-278.764,-222.056,-294.64,-51.912000000000006,130.1,191.288,191.688,113.89600000000002,77.2508,-27.575999999999997,-301.108,-265.55999999999995,-210.788,29.0,25.0,10.0,9.0,8.0,10.0,6.0,8.0,9.0,24.0,38.0,122.0,78.0,227.0,213.0,216.0,260.0,252.0,291.0,287.0,247.0,225.0,270.0,283.0,408.0,412.0,314.0,308.0,313.0,405.0,408.0,531.0,481.0,357.0,320.0,145.0,102.0,100.0,426.0,50.0,42.0,46.0,95.0,76.0,122.0,96.0,62.0,58.0,74.0,72.0,86.0,63.0,31.0,45.0,34.0,66.0,73.0,101.0,67.0,68.0,84.0,64.0,59.0,71.0,31.0,47.0,27.0,0.0,0.0,0.0,0.0,0.0,0.0,0.0,0.0,0.0,0.0,47.0
67,227.0,178.0,213.0,180.0,207.0,201.0,259.0,291.0,237.0,208.0,179.0,201.0,168.0,396.0,428.0,560.0,581.0,826.0,760.0,761.0,903.0,557.0,601.0,490.0,207.0,328.0,306.0,177.0,176.0,169.0,197.0,179.0,192.0,195.0,181.0,186.0,214.0,285.0,251.0,-336.29200000000003,-210.356,-48.71999999999999,-47.72,237.068,292.072,428.796,410.484,326.352,298.15304,-98.08800000000004,-441.036,-371.432,98.0,94.0,99.0,119.0,101.0,84.0,108.0,108.0,73.0,79.0,72.0,101.0,91.0,151.0,128.0,110.0,105.0,98.0,92.0,105.0,113.0,95.0,109.0,122.0,135.0,149.0,-210.788,-278.764,-222.056,-294.64,-51.912000000000006,130.1,191.288,191.688,113.89600000000002,77.2508,-27.575999999999997,-301.108,-232.35200000000003,78.0,29.0,25.0,10.0,9.0,8.0,10.0,6.0,8.0,9.0,24.0,38.0,44.0,412.0,227.0,213.0,216.0,260.0,252.0,291.0,287.0,247.0,225.0,270.0,283.0,265.0,426.0,314.0,308.0,313.0,405.0,408.0,531.0,481.0,357.0,320.0,145.0,102.0,340.0,63.0,50.0,42.0,46.0,95.0,76.0,122.0,96.0,62.0,58.0,74.0,72.0,56.0,31.0,31.0,45.0,34.0,66.0,73.0,101.0,67.0,68.0,84.0,64.0,59.0,20.0,47.0,47.0,27.0,0.0,0.0,0.0,0.0,0.0,0.0,0.0,0.0,0.0,49.0
68,168.0,227.0,178.0,213.0,180.0,207.0,201.0,259.0,291.0,237.0,208.0,179.0,178.0,328.0,396.0,428.0,560.0,581.0,826.0,760.0,761.0,903.0,557.0,601.0,490.0,485.0,251.0,306.0,177.0,176.0,169.0,197.0,179.0,192.0,195.0,181.0,186.0,214.0,213.0,-371.432,-336.29200000000003,-210.356,-48.71999999999999,-47.72,237.068,292.072,428.796,410.484,326.352,298.15304,-98.08800000000004,73.216,91.0,98.0,94.0,99.0,119.0,101.0,84.0,108.0,108.0,73.0,79.0,72.0,69.0,149.0,151.0,128.0,110.0,105.0,98.0,92.0,105.0,113.0,95.0,109.0,122.0,145.0,-232.35200000000003,-210.788,-278.764,-222.056,-294.64,-51.912000000000006,130.1,191.288,191.688,113.89600000000002,77.2508,-27.575999999999997,-107.10399999999998,44.0,78.0,29.0,25.0,10.0,9.0,8.0,10.0,6.0,8.0,9.0,24.0,18.0,265.0,412.0,227.0,213.0,216.0,260.0,252.0,291.0,287.0,247.0,225.0,270.0,230.0,340.0,426.0,314.0,308.0,313.0,405.0,408.0,531.0,481.0,357.0,320.0,145.0,300.0,56.0,63.0,50.0,42.0,46.0,95.0,76.0,122.0,96.0,62.0,58.0,74.0,47.0,20.0,31.0,31.0,45.0,34.0,66.0,73.0,101.0,67.0,68.0,84.0,64.0,31.0,49.0,47.0,47.0,27.0,0.0,0.0,0.0,0.0,0.0,0.0,0.0,0.0,47.0
69,178.0,168.0,227.0,178.0,213.0,180.0,207.0,201.0,259.0,291.0,237.0,208.0,214.0,485.0,328.0,396.0,428.0,560.0,581.0,826.0,760.0,761.0,903.0,557.0,601.0,549.0,213.0,251.0,306.0,177.0,176.0,169.0,197.0,179.0,192.0,195.0,181.0,186.0,214.0,73.216,-371.432,-336.29200000000003,-210.356,-48.71999999999999,-47.72,237.068,292.072,428.796,410.484,326.352,298.15304,156.74631999999997,69.0,91.0,98.0,94.0,99.0,119.0,101.0,84.0,108.0,108.0,73.0,79.0,84.0,145.0,149.0,151.0,128.0,110.0,105.0,98.0,92.0,105.0,113.0,95.0,109.0,127.0,-107.10399999999998,-232.35200000000003,-210.788,-278.764,-222.056,-294.64,-51.912000000000006,130.1,191.288,191.688,113.89600000000002,77.2508,27.68344,18.0,44.0,78.0,29.0,25.0,10.0,9.0,8.0,10.0,6.0,8.0,9.0,9.0,230.0,265.0,412.0,227.0,213.0,216.0,260.0,252.0,291.0,287.0,247.0,225.0,230.0,300.0,340.0,426.0,314.0,308.0,313.0,405.0,408.0,531.0,481.0,357.0,320.0,343.0,47.0,56.0,63.0,50.0,42.0,46.0,95.0,76.0,122.0,96.0,62.0,58.0,45.0,31.0,20.0,31.0,31.0,45.0,34.0,66.0,73.0,101.0,67.0,68.0,84.0,68.0,47.0,49.0,47.0,47.0,27.0,0.0,0.0,0.0,0.0,0.0,0.0,0.0,48.0
70,214.0,178.0,168.0,227.0,178.0,213.0,180.0,207.0,201.0,259.0,291.0,237.0,238.0,549.0,485.0,328.0,396.0,428.0,560.0,581.0,826.0,760.0,761.0,903.0,557.0,610.0,214.0,213.0,251.0,306.0,177.0,176.0,169.0,197.0,179.0,192.0,195.0,181.0,213.0,156.74631999999997,73.216,-371.432,-336.29200000000003,-210.356,-48.71999999999999,-47.72,237.068,292.072,428.796,410.484,326.352,266.828,84.0,69.0,91.0,98.0,94.0,99.0,119.0,101.0,84.0,108.0,108.0,73.0,85.0,127.0,145.0,149.0,151.0,128.0,110.0,105.0,98.0,92.0,105.0,113.0,95.0,107.0,27.68344,-107.10399999999998,-232.35200000000003,-210.788,-278.764,-222.056,-294.64,-51.912000000000006,130.1,191.288,191.688,113.89600000000002,146.288,9.0,18.0,44.0,78.0,29.0,25.0,10.0,9.0,8.0,10.0,6.0,8.0,7.0,230.0,230.0,265.0,412.0,227.0,213.0,216.0,260.0,252.0,291.0,287.0,247.0,250.0,343.0,300.0,340.0,426.0,314.0,308.0,313.0,405.0,408.0,531.0,481.0,357.0,377.0,45.0,47.0,56.0,63.0,50.0,42.0,46.0,95.0,76.0,122.0,96.0,62.0,53.0,68.0,31.0,20.0,31.0,31.0,45.0,34.0,66.0,73.0,101.0,67.0,68.0,58.0,48.0,47.0,49.0,47.0,47.0,27.0,0.0,0.0,0.0,0.0,0.0,0.0,47.0
71,238.0,214.0,178.0,168.0,227.0,178.0,213.0,180.0,207.0,201.0,259.0,291.0,277.0,610.0,549.0,485.0,328.0,396.0,428.0,560.0,581.0,826.0,760.0,761.0,903.0,864.0,213.0,214.0,213.0,251.0,306.0,177.0,176.0,169.0,197.0,179.0,192.0,195.0,239.0,266.828,156.74631999999997,73.216,-371.432,-336.29200000000003,-210.356,-48.71999999999999,-47.72,237.068,292.072,428.796,410.484,319.384,85.0,84.0,69.0,91.0,98.0,94.0,99.0,119.0,101.0,84.0,108.0,108.0,121.0,107.0,127.0,145.0,149.0,151.0,128.0,110.0,105.0,98.0,92.0,105.0,113.0,110.0,146.288,27.68344,-107.10399999999998,-232.35200000000003,-210.788,-278.764,-222.056,-294.64,-51.912000000000006,130.1,191.288,191.688,143.288,7.0,9.0,18.0,44.0,78.0,29.0,25.0,10.0,9.0,8.0,10.0,6.0,7.0,250.0,230.0,230.0,265.0,412.0,227.0,213.0,216.0,260.0,252.0,291.0,287.0,305.0,377.0,343.0,300.0,340.0,426.0,314.0,308.0,313.0,405.0,408.0,531.0,481.0,524.0,53.0,45.0,47.0,56.0,63.0,50.0,42.0,46.0,95.0,76.0,122.0,96.0,97.0,58.0,68.0,31.0,20.0,31.0,31.0,45.0,34.0,66.0,73.0,101.0,67.0,68.0,47.0,48.0,47.0,49.0,47.0,47.0,27.0,0.0,0.0,0.0,0.0,0.0,48.0
72,277.0,238.0,214.0,178.0,168.0,227.0,178.0,213.0,180.0,207.0,201.0,259.0,291.0,864.0,610.0,549.0,485.0,328.0,396.0,428.0,560.0,581.0,826.0,760.0,761.0,797.0,239.0,213.0,214.0,213.0,251.0,306.0,177.0,176.0,169.0,197.0,179.0,192.0,232.0,319.384,266.828,156.74631999999997,73.216,-371.432,-336.29200000000003,-210.356,-48.71999999999999,-47.72,237.068,292.072,428.796,388.092,121.0,85.0,84.0,69.0,91.0,98.0,94.0,99.0,119.0,101.0,84.0,108.0,114.0,110.0,107.0,127.0,145.0,149.0,151.0,128.0,110.0,105.0,98.0,92.0,105.0,109.0,143.288,146.288,27.68344,-107.10399999999998,-232.35200000000003,-210.788,-278.764,-222.056,-294.64,-51.912000000000006,130.1,191.288,138.664,7.0,7.0,9.0,18.0,44.0,78.0,29.0,25.0,10.0,9.0,8.0,10.0,9.0,305.0,250.0,230.0,230.0,265.0,412.0,227.0,213.0,216.0,260.0,252.0,291.0,305.0,524.0,377.0,343.0,300.0,340.0,426.0,314.0,308.0,313.0,405.0,408.0,531.0,595.0,97.0,53.0,45.0,47.0,56.0,63.0,50.0,42.0,46.0,95.0,76.0,122.0,132.0,68.0,58.0,68.0,31.0,20.0,31.0,31.0,45.0,34.0,66.0,73.0,101.0,41.0,48.0,47.0,48.0,47.0,49.0,47.0,47.0,27.0,0.0,0.0,0.0,0.0,48.0
73,291.0,277.0,238.0,214.0,178.0,168.0,227.0,178.0,213.0,180.0,207.0,201.0,223.0,797.0,864.0,610.0,549.0,485.0,328.0,396.0,428.0,560.0,581.0,826.0,760.0,877.0,232.0,239.0,213.0,214.0,213.0,251.0,306.0,177.0,176.0,169.0,197.0,179.0,193.0,388.092,319.384,266.828,156.74631999999997,73.216,-371.432,-336.29200000000003,-210.356,-48.71999999999999,-47.72,237.068,292.072,121.448,114.0,121.0,85.0,84.0,69.0,91.0,98.0,94.0,99.0,119.0,101.0,84.0,65.0,109.0,110.0,107.0,127.0,145.0,149.0,151.0,128.0,110.0,105.0,98.0,92.0,105.0,138.664,143.288,146.288,27.68344,-107.10399999999998,-232.35200000000003,-210.788,-278.764,-222.056,-294.64,-51.912000000000006,130.1,27.856,9.0,7.0,7.0,9.0,18.0,44.0,78.0,29.0,25.0,10.0,9.0,8.0,8.0,305.0,305.0,250.0,230.0,230.0,265.0,412.0,227.0,213.0,216.0,260.0,252.0,255.0,595.0,524.0,377.0,343.0,300.0,340.0,426.0,314.0,308.0,313.0,405.0,408.0,415.0,132.0,97.0,53.0,45.0,47.0,56.0,63.0,50.0,42.0,46.0,95.0,76.0,90.0,41.0,68.0,58.0,68.0,31.0,20.0,31.0,31.0,45.0,34.0,66.0,73.0,48.0,48.0,48.0,47.0,48.0,47.0,49.0,47.0,47.0,27.0,0.0,0.0,0.0,44.0
74,223.0,291.0,277.0,238.0,214.0,178.0,168.0,227.0,178.0,213.0,180.0,207.0,238.0,877.0,797.0,864.0,610.0,549.0,485.0,328.0,396.0,428.0,560.0,581.0,826.0,738.0,193.0,232.0,239.0,213.0,214.0,213.0,251.0,306.0,177.0,176.0,169.0,197.0,222.0,121.448,388.092,319.384,266.828,156.74631999999997,73.216,-371.432,-336.29200000000003,-210.356,-48.71999999999999,-47.72,237.068,-127.004,65.0,114.0,121.0,85.0,84.0,69.0,91.0,98.0,94.0,99.0,119.0,101.0,71.0,105.0,109.0,110.0,107.0,127.0,145.0,149.0,151.0,128.0,110.0,105.0,98.0,110.0,27.856,138.664,143.288,146.288,27.68344,-107.10399999999998,-232.35200000000003,-210.788,-278.764,-222.056,-294.64,-51.912000000000006,-121.89200000000002,8.0,9.0,7.0,7.0,9.0,18.0,44.0,78.0,29.0,25.0,10.0,9.0,9.0,255.0,305.0,305.0,250.0,230.0,230.0,265.0,412.0,227.0,213.0,216.0,260.0,257.0,415.0,595.0,524.0,377.0,343.0,300.0,340.0,426.0,314.0,308.0,313.0,405.0,375.0,90.0,132.0,97.0,53.0,45.0,47.0,56.0,63.0,50.0,42.0,46.0,95.0,72.0,48.0,41.0,68.0,58.0,68.0,31.0,20.0,31.0,31.0,45.0,34.0,66.0,73.0,44.0,48.0,48.0,47.0,48.0,47.0,49.0,47.0,47.0,27.0,0.0,0.0,48.0
75,238.0,223.0,291.0,277.0,238.0,214.0,178.0,168.0,227.0,178.0,213.0,180.0,201.0,738.0,877.0,797.0,864.0,610.0,549.0,485.0,328.0,396.0,428.0,560.0,581.0,617.0,222.0,193.0,232.0,239.0,213.0,214.0,213.0,251.0,306.0,177.0,176.0,169.0,206.0,-127.004,121.448,388.092,319.384,266.828,156.74631999999997,73.216,-371.432,-336.29200000000003,-210.356,-48.71999999999999,-47.72,-242.648,71.0,65.0,114.0,121.0,85.0,84.0,69.0,91.0,98.0,94.0,99.0,119.0,83.0,110.0,105.0,109.0,110.0,107.0,127.0,145.0,149.0,151.0,128.0,110.0,105.0,98.0,-121.89200000000002,27.856,138.664,143.288,146.288,27.68344,-107.10399999999998,-232.35200000000003,-210.788,-278.764,-222.056,-294.64,-129.528,9.0,8.0,9.0,7.0,7.0,9.0,18.0,44.0,78.0,29.0,25.0,10.0,15.0,257.0,255.0,305.0,305.0,250.0,230.0,230.0,265.0,412.0,227.0,213.0,216.0,240.0,375.0,415.0,595.0,524.0,377.0,343.0,300.0,340.0,426.0,314.0,308.0,313.0,324.0,72.0,90.0,132.0,97.0,53.0,45.0,47.0,56.0,63.0,50.0,42.0,46.0,55.0,73.0,48.0,41.0,68.0,58.0,68.0,31.0,20.0,31.0,31.0,45.0,34.0,52.0,48.0,44.0,48.0,48.0,47.0,48.0,47.0,49.0,47.0,47.0,27.0,0.0,49.0
76,201.0,238.0,223.0,291.0,277.0,238.0,214.0,178.0,168.0,227.0,178.0,213.0,160.0,617.0,738.0,877.0,797.0,864.0,610.0,549.0,485.0,328.0,396.0,428.0,560.0,658.0,206.0,222.0,193.0,232.0,239.0,213.0,214.0,213.0,251.0,306.0,177.0,176.0,237.0,-242.648,-127.004,121.448,388.092,319.384,266.828,156.74631999999997,73.216,-371.432,-336.29200000000003,-210.356,-48.71999999999999,-343.864,83.0,71.0,65.0,114.0,121.0,85.0,84.0,69.0,91.0,98.0,94.0,99.0,80.0,98.0,110.0,105.0,109.0,110.0,107.0,127.0,145.0,149.0,151.0,128.0,110.0,119.0,-129.528,-121.89200000000002,27.856,138.664,143.288,146.288,27.68344,-107.10399999999998,-232.35200000000003,-210.788,-278.764,-222.056,-237.328,15.0,9.0,8.0,9.0,7.0,7.0,9.0,18.0,44.0,78.0,29.0,25.0,38.0,240.0,257.0,255.0,305.0,305.0,250.0,230.0,230.0,265.0,412.0,227.0,213.0,239.0,324.0,375.0,415.0,595.0,524.0,377.0,343.0,300.0,340.0,426.0,314.0,308.0,285.0,55.0,72.0,90.0,132.0,97.0,53.0,45.0,47.0,56.0,63.0,50.0,42.0,51.0,52.0,73.0,48.0,41.0,68.0,58.0,68.0,31.0,20.0,31.0,31.0,45.0,32.0,49.0,48.0,44.0,48.0,48.0,47.0,48.0,47.0,49.0,47.0,47.0,27.0,50.0
77,160.0,201.0,238.0,223.0,291.0,277.0,238.0,214.0,178.0,168.0,227.0,178.0,139.0,658.0,617.0,738.0,877.0,797.0,864.0,610.0,549.0,485.0,328.0,396.0,428.0,684.0,237.0,206.0,222.0,193.0,232.0,239.0,213.0,214.0,213.0,251.0,306.0,177.0,260.0,-343.864,-242.648,-127.004,121.448,388.092,319.384,266.828,156.74631999999997,73.216,-371.432,-336.29200000000003,-210.356,-435.268,80.0,83.0,71.0,65.0,114.0,121.0,85.0,84.0,69.0,91.0,98.0,94.0,96.0,119.0,98.0,110.0,105.0,109.0,110.0,107.0,127.0,145.0,149.0,151.0,128.0,121.0,-237.328,-129.528,-121.89200000000002,27.856,138.664,143.288,146.288,27.68344,-107.10399999999998,-232.35200000000003,-210.788,-278.764,-246.436,38.0,15.0,9.0,8.0,9.0,7.0,7.0,9.0,18.0,44.0,78.0,29.0,43.0,239.0,240.0,257.0,255.0,305.0,305.0,250.0,230.0,230.0,265.0,412.0,227.0,243.0,285.0,324.0,375.0,415.0,595.0,524.0,377.0,343.0,300.0,340.0,426.0,314.0,316.0,51.0,55.0,72.0,90.0,132.0,97.0,53.0,45.0,47.0,56.0,63.0,50.0,72.0,32.0,52.0,73.0,48.0,41.0,68.0,58.0,68.0,31.0,20.0,31.0,31.0,25.0,50.0,49.0,48.0,44.0,48.0,48.0,47.0,48.0,47.0,49.0,47.0,47.0,50.0
78,139.0,160.0,201.0,238.0,223.0,291.0,277.0,238.0,214.0,178.0,168.0,227.0,168.0,684.0,658.0,617.0,738.0,877.0,797.0,864.0,610.0,549.0,485.0,328.0,396.0,530.0,260.0,237.0,206.0,222.0,193.0,232.0,239.0,213.0,214.0,213.0,251.0,306.0,249.0,-435.268,-343.864,-242.648,-127.004,121.448,388.092,319.384,266.828,156.74631999999997,73.216,-371.432,-336.29200000000003,-467.764,96.0,80.0,83.0,71.0,65.0,114.0,121.0,85.0,84.0,69.0,91.0,98.0,108.0,121.0,119.0,98.0,110.0,105.0,109.0,110.0,107.0,127.0,145.0,149.0,151.0,136.0,-246.436,-237.328,-129.528,-121.89200000000002,27.856,138.664,143.288,146.288,27.68344,-107.10399999999998,-232.35200000000003,-210.788,-246.392,43.0,38.0,15.0,9.0,8.0,9.0,7.0,7.0,9.0,18.0,44.0,78.0,64.0,243.0,239.0,240.0,257.0,255.0,305.0,305.0,250.0,230.0,230.0,265.0,412.0,316.0,316.0,285.0,324.0,375.0,415.0,595.0,524.0,377.0,343.0,300.0,340.0,426.0,439.0,72.0,51.0,55.0,72.0,90.0,132.0,97.0,53.0,45.0,47.0,56.0,63.0,75.0,25.0,32.0,52.0,73.0,48.0,41.0,68.0,58.0,68.0,31.0,20.0,31.0,22.0,50.0,50.0,49.0,48.0,44.0,48.0,48.0,47.0,48.0,47.0,49.0,47.0,50.0
79,168.0,139.0,160.0,201.0,238.0,223.0,291.0,277.0,238.0,214.0,178.0,168.0,217.0,530.0,684.0,658.0,617.0,738.0,877.0,797.0,864.0,610.0,549.0,485.0,328.0,439.0,249.0,260.0,237.0,206.0,222.0,193.0,232.0,239.0,213.0,214.0,213.0,251.0,440.0,-467.764,-435.268,-343.864,-242.648,-127.004,121.448,388.092,319.384,266.828,156.74631999999997,73.216,-371.432,-465.144,108.0,96.0,80.0,83.0,71.0,65.0,114.0,121.0,85.0,84.0,69.0,91.0,103.0,136.0,121.0,119.0,98.0,110.0,105.0,109.0,110.0,107.0,127.0,145.0,149.0,152.0,-246.392,-246.436,-237.328,-129.528,-121.89200000000002,27.856,138.664,143.288,146.288,27.68344,-107.10399999999998,-232.35200000000003,-252.232,64.0,43.0,38.0,15.0,9.0,8.0,9.0,7.0,7.0,9.0,18.0,44.0,80.0,316.0,243.0,239.0,240.0,257.0,255.0,305.0,305.0,250.0,230.0,230.0,265.0,264.0,439.0,316.0,285.0,324.0,375.0,415.0,595.0,524.0,377.0,343.0,300.0,340.0,460.0,75.0,72.0,51.0,55.0,72.0,90.0,132.0,97.0,53.0,45.0,47.0,56.0,61.0,22.0,25.0,32.0,52.0,73.0,48.0,41.0,68.0,58.0,68.0,31.0,20.0,21.0,50.0,50.0,50.0,49.0,48.0,44.0,48.0,48.0,47.0,48.0,47.0,49.0,52.0
80,217.0,168.0,139.0,160.0,201.0,238.0,223.0,291.0,277.0,238.0,214.0,178.0,144.0,439.0,530.0,684.0,658.0,617.0,738.0,877.0,797.0,864.0,610.0,549.0,485.0,710.0,440.0,249.0,260.0,237.0,206.0,222.0,193.0,232.0,239.0,213.0,214.0,213.0,249.0,-465.144,-467.764,-435.268,-343.864,-242.648,-127.004,121.448,388.092,319.384,266.828,156.74631999999997,73.216,-132.76,103.0,108.0,96.0,80.0,83.0,71.0,65.0,114.0,121.0,85.0,84.0,69.0,70.0,152.0,136.0,121.0,119.0,98.0,110.0,105.0,109.0,110.0,107.0,127.0,145.0,126.0,-252.232,-246.392,-246.436,-237.328,-129.528,-121.89200000000002,27.856,138.664,143.288,146.288,27.68344,-107.10399999999998,-144.872,80.0,64.0,43.0,38.0,15.0,9.0,8.0,9.0,7.0,7.0,9.0,18.0,23.0,264.0,316.0,243.0,239.0,240.0,257.0,255.0,305.0,305.0,250.0,230.0,230.0,208.0,460.0,439.0,316.0,285.0,324.0,375.0,415.0,595.0,524.0,377.0,343.0,300.0,252.0,61.0,75.0,72.0,51.0,55.0,72.0,90.0,132.0,97.0,53.0,45.0,47.0,48.0,21.0,22.0,25.0,32.0,52.0,73.0,48.0,41.0,68.0,58.0,68.0,31.0,35.0,52.0,50.0,50.0,50.0,49.0,48.0,44.0,48.0,48.0,47.0,48.0,47.0,49.0
81,144.0,217.0,168.0,139.0,160.0,201.0,238.0,223.0,291.0,277.0,238.0,214.0,161.0,710.0,439.0,530.0,684.0,658.0,617.0,738.0,877.0,797.0,864.0,610.0,549.0,744.0,249.0,440.0,249.0,260.0,237.0,206.0,222.0,193.0,232.0,239.0,213.0,214.0,226.0,-132.76,-465.144,-467.764,-435.268,-343.864,-242.648,-127.004,121.448,388.092,319.384,266.828,156.74631999999997,-8.285360000000011,70.0,103.0,108.0,96.0,80.0,83.0,71.0,65.0,114.0,121.0,85.0,84.0,61.0,126.0,152.0,136.0,121.0,119.0,98.0,110.0,105.0,109.0,110.0,107.0,127.0,103.0,-144.872,-252.232,-246.392,-246.436,-237.328,-129.528,-121.89200000000002,27.856,138.664,143.288,146.288,27.68344,-51.30312,23.0,80.0,64.0,43.0,38.0,15.0,9.0,8.0,9.0,7.0,7.0,9.0,10.0,208.0,264.0,316.0,243.0,239.0,240.0,257.0,255.0,305.0,305.0,250.0,230.0,281.0,252.0,460.0,439.0,316.0,285.0,324.0,375.0,415.0,595.0,524.0,377.0,343.0,301.0,48.0,61.0,75.0,72.0,51.0,55.0,72.0,90.0,132.0,97.0,53.0,45.0,36.0,35.0,21.0,22.0,25.0,32.0,52.0,73.0,48.0,41.0,68.0,58.0,68.0,59.0,49.0,52.0,50.0,50.0,50.0,49.0,48.0,44.0,48.0,48.0,47.0,48.0,51.0
82,161.0,144.0,217.0,168.0,139.0,160.0,201.0,238.0,223.0,291.0,277.0,238.0,231.0,744.0,710.0,439.0,530.0,684.0,658.0,617.0,738.0,877.0,797.0,864.0,610.0,740.0,226.0,249.0,440.0,249.0,260.0,237.0,206.0,222.0,193.0,232.0,239.0,213.0,228.0,-8.285360000000011,-132.76,-465.144,-467.764,-435.268,-343.864,-242.648,-127.004,121.448,388.092,319.384,266.828,259.22,61.0,70.0,103.0,108.0,96.0,80.0,83.0,71.0,65.0,114.0,121.0,85.0,61.0,103.0,126.0,152.0,136.0,121.0,119.0,98.0,110.0,105.0,109.0,110.0,107.0,97.0,-51.30312,-144.872,-252.232,-246.392,-246.436,-237.328,-129.528,-121.89200000000002,27.856,138.664,143.288,146.288,124.06000000000002,10.0,23.0,80.0,64.0,43.0,38.0,15.0,9.0,8.0,9.0,7.0,7.0,7.0,281.0,208.0,264.0,316.0,243.0,239.0,240.0,257.0,255.0,305.0,305.0,250.0,275.0,301.0,252.0,460.0,439.0,316.0,285.0,324.0,375.0,415.0,595.0,524.0,377.0,418.0,36.0,48.0,61.0,75.0,72.0,51.0,55.0,72.0,90.0,132.0,97.0,53.0,50.0,59.0,35.0,21.0,22.0,25.0,32.0,52.0,73.0,48.0,41.0,68.0,58.0,45.0,51.0,49.0,52.0,50.0,50.0,50.0,49.0,48.0,44.0,48.0,48.0,47.0,50.0
83,231.0,161.0,144.0,217.0,168.0,139.0,160.0,201.0,238.0,223.0,291.0,277.0,251.0,740.0,744.0,710.0,439.0,530.0,684.0,658.0,617.0,738.0,877.0,797.0,864.0,883.0,228.0,226.0,249.0,440.0,249.0,260.0,237.0,206.0,222.0,193.0,232.0,239.0,241.0,259.22,-8.285360000000011,-132.76,-465.144,-467.764,-435.268,-343.864,-242.648,-127.004,121.448,388.092,319.384,316.096,61.0,61.0,70.0,103.0,108.0,96.0,80.0,83.0,71.0,65.0,114.0,121.0,79.0,97.0,103.0,126.0,152.0,136.0,121.0,119.0,98.0,110.0,105.0,109.0,110.0,104.0,124.06000000000002,-51.30312,-144.872,-252.232,-246.392,-246.436,-237.328,-129.528,-121.89200000000002,27.856,138.664,143.288,214.752,7.0,10.0,23.0,80.0,64.0,43.0,38.0,15.0,9.0,8.0,9.0,7.0,8.0,275.0,281.0,208.0,264.0,316.0,243.0,239.0,240.0,257.0,255.0,305.0,305.0,287.0,418.0,301.0,252.0,460.0,439.0,316.0,285.0,324.0,375.0,415.0,595.0,524.0,509.0,50.0,36.0,48.0,61.0,75.0,72.0,51.0,55.0,72.0,90.0,132.0,97.0,67.0,45.0,59.0,35.0,21.0,22.0,25.0,32.0,52.0,73.0,48.0,41.0,68.0,38.0,50.0,51.0,49.0,52.0,50.0,50.0,50.0,49.0,48.0,44.0,48.0,48.0,51.0
84,251.0,231.0,161.0,144.0,217.0,168.0,139.0,160.0,201.0,238.0,223.0,291.0,257.0,883.0,740.0,744.0,710.0,439.0,530.0,684.0,658.0,617.0,738.0,877.0,797.0,843.0,241.0,228.0,226.0,249.0,440.0,249.0,260.0,237.0,206.0,222.0,193.0,232.0,225.0,316.096,259.22,-8.285360000000011,-132.76,-465.144,-467.764,-435.268,-343.864,-242.648,-127.004,121.448,388.092,318.54400000000004,79.0,61.0,61.0,70.0,103.0,108.0,96.0,80.0,83.0,71.0,65.0,114.0,78.0,104.0,97.0,103.0,126.0,152.0,136.0,121.0,119.0,98.0,110.0,105.0,109.0,102.0,214.752,124.06000000000002,-51.30312,-144.872,-252.232,-246.392,-246.436,-237.328,-129.528,-121.89200000000002,27.856,138.664,202.064,8.0,7.0,10.0,23.0,80.0,64.0,43.0,38.0,15.0,9.0,8.0,9.0,8.0,287.0,275.0,281.0,208.0,264.0,316.0,243.0,239.0,240.0,257.0,255.0,305.0,311.0,509.0,418.0,301.0,252.0,460.0,439.0,316.0,285.0,324.0,375.0,415.0,595.0,522.0,67.0,50.0,36.0,48.0,61.0,75.0,72.0,51.0,55.0,72.0,90.0,132.0,43.0,38.0,45.0,59.0,35.0,21.0,22.0,25.0,32.0,52.0,73.0,48.0,41.0,76.0,51.0,50.0,51.0,49.0,52.0,50.0,50.0,50.0,49.0,48.0,44.0,48.0,52.0
85,257.0,251.0,231.0,161.0,144.0,217.0,168.0,139.0,160.0,201.0,238.0,223.0,239.0,843.0,883.0,740.0,744.0,710.0,439.0,530.0,684.0,658.0,617.0,738.0,877.0,747.0,225.0,241.0,228.0,226.0,249.0,440.0,249.0,260.0,237.0,206.0,222.0,193.0,194.0,318.54400000000004,316.096,259.22,-8.285360000000011,-132.76,-465.144,-467.764,-435.268,-343.864,-242.648,-127.004,121.448,291.216,78.0,79.0,61.0,61.0,70.0,103.0,108.0,96.0,80.0,83.0,71.0,65.0,62.0,102.0,104.0,97.0,103.0,126.0,152.0,136.0,121.0,119.0,98.0,110.0,105.0,91.0,202.064,214.752,124.06000000000002,-51.30312,-144.872,-252.232,-246.392,-246.436,-237.328,-129.528,-121.89200000000002,27.856,124.512,8.0,8.0,7.0,10.0,23.0,80.0,64.0,43.0,38.0,15.0,9.0,8.0,6.0,311.0,287.0,275.0,281.0,208.0,264.0,316.0,243.0,239.0,240.0,257.0,255.0,264.0,522.0,509.0,418.0,301.0,252.0,460.0,439.0,316.0,285.0,324.0,375.0,415.0,479.0,43.0,67.0,50.0,36.0,48.0,61.0,75.0,72.0,51.0,55.0,72.0,90.0,150.0,76.0,38.0,45.0,59.0,35.0,21.0,22.0,25.0,32.0,52.0,73.0,48.0,86.0,52.0,51.0,50.0,51.0,49.0,52.0,50.0,50.0,50.0,49.0,48.0,44.0,47.0
86,239.0,257.0,251.0,231.0,161.0,144.0,217.0,168.0,139.0,160.0,201.0,238.0,254.0,747.0,843.0,883.0,740.0,744.0,710.0,439.0,530.0,684.0,658.0,617.0,738.0,938.0,194.0,225.0,241.0,228.0,226.0,249.0,440.0,249.0,260.0,237.0,206.0,222.0,222.0,291.216,318.54400000000004,316.096,259.22,-8.285360000000011,-132.76,-465.144,-467.764,-435.268,-343.864,-242.648,-127.004,168.46800000000002,62.0,78.0,79.0,61.0,61.0,70.0,103.0,108.0,96.0,80.0,83.0,71.0,74.0,91.0,102.0,104.0,97.0,103.0,126.0,152.0,136.0,121.0,119.0,98.0,110.0,101.0,124.512,202.064,214.752,124.06000000000002,-51.30312,-144.872,-252.232,-246.392,-246.436,-237.328,-129.528,-121.89200000000002,30.712000000000003,6.0,8.0,8.0,7.0,10.0,23.0,80.0,64.0,43.0,38.0,15.0,9.0,9.0,264.0,311.0,287.0,275.0,281.0,208.0,264.0,316.0,243.0,239.0,240.0,257.0,283.0,479.0,522.0,509.0,418.0,301.0,252.0,460.0,439.0,316.0,285.0,324.0,375.0,432.0,150.0,43.0,67.0,50.0,36.0,48.0,61.0,75.0,72.0,51.0,55.0,72.0,176.0,86.0,76.0,38.0,45.0,59.0,35.0,21.0,22.0,25.0,32.0,52.0,73.0,104.0,47.0,52.0,51.0,50.0,51.0,49.0,52.0,50.0,50.0,50.0,49.0,48.0,52.0
87,254.0,239.0,257.0,251.0,231.0,161.0,144.0,217.0,168.0,139.0,160.0,201.0,191.0,938.0,747.0,843.0,883.0,740.0,744.0,710.0,439.0,530.0,684.0,658.0,617.0,715.0,222.0,194.0,225.0,241.0,228.0,226.0,249.0,440.0,249.0,260.0,237.0,206.0,219.0,168.46800000000002,291.216,318.54400000000004,316.096,259.22,-8.285360000000011,-132.76,-465.144,-467.764,-435.268,-343.864,-242.648,-288.328,74.0,62.0,78.0,79.0,61.0,61.0,70.0,103.0,108.0,96.0,80.0,83.0,68.0,101.0,91.0,102.0,104.0,97.0,103.0,126.0,152.0,136.0,121.0,119.0,98.0,105.0,30.712000000000003,124.512,202.064,214.752,124.06000000000002,-51.30312,-144.872,-252.232,-246.392,-246.436,-237.328,-129.528,-143.884,9.0,6.0,8.0,8.0,7.0,10.0,23.0,80.0,64.0,43.0,38.0,15.0,13.0,283.0,264.0,311.0,287.0,275.0,281.0,208.0,264.0,316.0,243.0,239.0,240.0,233.0,432.0,479.0,522.0,509.0,418.0,301.0,252.0,460.0,439.0,316.0,285.0,324.0,267.0,176.0,150.0,43.0,67.0,50.0,36.0,48.0,61.0,75.0,72.0,51.0,55.0,163.0,104.0,86.0,76.0,38.0,45.0,59.0,35.0,21.0,22.0,25.0,32.0,52.0,63.0,52.0,47.0,52.0,51.0,50.0,51.0,49.0,52.0,50.0,50.0,50.0,49.0,50.0
88,191.0,254.0,239.0,257.0,251.0,231.0,161.0,144.0,217.0,168.0,139.0,160.0,200.0,715.0,938.0,747.0,843.0,883.0,740.0,744.0,710.0,439.0,530.0,684.0,658.0,751.0,219.0,222.0,194.0,225.0,241.0,228.0,226.0,249.0,440.0,249.0,260.0,237.0,225.0,-288.328,168.46800000000002,291.216,318.54400000000004,316.096,259.22,-8.285360000000011,-132.76,-465.144,-467.764,-435.268,-343.864,-179.72000000000003,68.0,74.0,62.0,78.0,79.0,61.0,61.0,70.0,103.0,108.0,96.0,80.0,71.0,105.0,101.0,91.0,102.0,104.0,97.0,103.0,126.0,152.0,136.0,121.0,119.0,120.0,-143.884,30.712000000000003,124.512,202.064,214.752,124.06000000000002,-51.30312,-144.872,-252.232,-246.392,-246.436,-237.328,-178.048,13.0,9.0,6.0,8.0,8.0,7.0,10.0,23.0,80.0,64.0,43.0,38.0,12.0,233.0,283.0,264.0,311.0,287.0,275.0,281.0,208.0,264.0,316.0,243.0,239.0,241.0,267.0,432.0,479.0,522.0,509.0,418.0,301.0,252.0,460.0,439.0,316.0,285.0,202.0,163.0,176.0,150.0,43.0,67.0,50.0,36.0,48.0,61.0,75.0,72.0,51.0,165.0,63.0,104.0,86.0,76.0,38.0,45.0,59.0,35.0,21.0,22.0,25.0,32.0,72.0,50.0,52.0,47.0,52.0,51.0,50.0,51.0,49.0,52.0,50.0,50.0,50.0,53.0
89,200.0,191.0,254.0,239.0,257.0,251.0,231.0,161.0,144.0,217.0,168.0,139.0,161.0,751.0,715.0,938.0,747.0,843.0,883.0,740.0,744.0,710.0,439.0,530.0,684.0,721.0,225.0,219.0,222.0,194.0,225.0,241.0,228.0,226.0,249.0,440.0,249.0,260.0,244.0,-179.72000000000003,-288.328,168.46800000000002,291.216,318.54400000000004,316.096,259.22,-8.285360000000011,-132.76,-465.144,-467.764,-435.268,-298.752,71.0,68.0,74.0,62.0,78.0,79.0,61.0,61.0,70.0,103.0,108.0,96.0,73.0,120.0,105.0,101.0,91.0,102.0,104.0,97.0,103.0,126.0,152.0,136.0,121.0,135.0,-178.048,-143.884,30.712000000000003,124.512,202.064,214.752,124.06000000000002,-51.30312,-144.872,-252.232,-246.392,-246.436,-232.66,12.0,13.0,9.0,6.0,8.0,8.0,7.0,10.0,23.0,80.0,64.0,43.0,26.0,241.0,233.0,283.0,264.0,311.0,287.0,275.0,281.0,208.0,264.0,316.0,243.0,204.0,202.0,267.0,432.0,479.0,522.0,509.0,418.0,301.0,252.0,460.0,439.0,316.0,193.0,165.0,163.0,176.0,150.0,43.0,67.0,50.0,36.0,48.0,61.0,75.0,72.0,195.0,72.0,63.0,104.0,86.0,76.0,38.0,45.0,59.0,35.0,21.0,22.0,25.0,58.0,53.0,50.0,52.0,47.0,52.0,51.0,50.0,51.0,49.0,52.0,50.0,50.0,51.0
90,161.0,200.0,191.0,254.0,239.0,257.0,251.0,231.0,161.0,144.0,217.0,168.0,179.0,721.0,751.0,715.0,938.0,747.0,843.0,883.0,740.0,744.0,710.0,439.0,530.0,690.0,244.0,225.0,219.0,222.0,194.0,225.0,241.0,228.0,226.0,249.0,440.0,249.0,360.0,-298.752,-179.72000000000003,-288.328,168.46800000000002,291.216,318.54400000000004,316.096,259.22,-8.285360000000011,-132.76,-465.144,-467.764,-449.048,73.0,71.0,68.0,74.0,62.0,78.0,79.0,61.0,61.0,70.0,103.0,108.0,84.0,135.0,120.0,105.0,101.0,91.0,102.0,104.0,97.0,103.0,126.0,152.0,136.0,142.0,-232.66,-178.048,-143.884,30.712000000000003,124.512,202.064,214.752,124.06000000000002,-51.30312,-144.872,-252.232,-246.392,-208.552,26.0,12.0,13.0,9.0,6.0,8.0,8.0,7.0,10.0,23.0,80.0,64.0,41.0,204.0,241.0,233.0,283.0,264.0,311.0,287.0,275.0,281.0,208.0,264.0,316.0,297.0,193.0,202.0,267.0,432.0,479.0,522.0,509.0,418.0,301.0,252.0,460.0,439.0,236.0,195.0,165.0,163.0,176.0,150.0,43.0,67.0,50.0,36.0,48.0,61.0,75.0,223.0,58.0,72.0,63.0,104.0,86.0,76.0,38.0,45.0,59.0,35.0,21.0,22.0,31.0,51.0,53.0,50.0,52.0,47.0,52.0,51.0,50.0,51.0,49.0,52.0,50.0,53.0
91,179.0,161.0,200.0,191.0,254.0,239.0,257.0,251.0,231.0,161.0,144.0,217.0,245.0,690.0,721.0,751.0,715.0,938.0,747.0,843.0,883.0,740.0,744.0,710.0,439.0,534.0,360.0,244.0,225.0,219.0,222.0,194.0,225.0,241.0,228.0,226.0,249.0,440.0,378.0,-449.048,-298.752,-179.72000000000003,-288.328,168.46800000000002,291.216,318.54400000000004,316.096,259.22,-8.285360000000011,-132.76,-465.144,-263.576,84.0,73.0,71.0,68.0,74.0,62.0,78.0,79.0,61.0,61.0,70.0,103.0,78.0,142.0,135.0,120.0,105.0,101.0,91.0,102.0,104.0,97.0,103.0,126.0,152.0,142.0,-208.552,-232.66,-178.048,-143.884,30.712000000000003,124.512,202.064,214.752,124.06000000000002,-51.30312,-144.872,-252.232,-158.736,41.0,26.0,12.0,13.0,9.0,6.0,8.0,8.0,7.0,10.0,23.0,80.0,39.0,297.0,204.0,241.0,233.0,283.0,264.0,311.0,287.0,275.0,281.0,208.0,264.0,354.0,236.0,193.0,202.0,267.0,432.0,479.0,522.0,509.0,418.0,301.0,252.0,460.0,371.0,223.0,195.0,165.0,163.0,176.0,150.0,43.0,67.0,50.0,36.0,48.0,61.0,224.0,31.0,58.0,72.0,63.0,104.0,86.0,76.0,38.0,45.0,59.0,35.0,21.0,49.0,53.0,51.0,53.0,50.0,52.0,47.0,52.0,51.0,50.0,51.0,49.0,52.0,52.0
92,245.0,179.0,161.0,200.0,191.0,254.0,239.0,257.0,251.0,231.0,161.0,144.0,148.0,534.0,690.0,721.0,751.0,715.0,938.0,747.0,843.0,883.0,740.0,744.0,710.0,640.0,378.0,360.0,244.0,225.0,219.0,222.0,194.0,225.0,241.0,228.0,226.0,249.0,250.0,-263.576,-449.048,-298.752,-179.72000000000003,-288.328,168.46800000000002,291.216,318.54400000000004,316.096,259.22,-8.285360000000011,-132.76,-133.84,78.0,84.0,73.0,71.0,68.0,74.0,62.0,78.0,79.0,61.0,61.0,70.0,49.0,142.0,142.0,135.0,120.0,105.0,101.0,91.0,102.0,104.0,97.0,103.0,126.0,136.0,-158.736,-208.552,-232.66,-178.048,-143.884,30.712000000000003,124.512,202.064,214.752,124.06000000000002,-51.30312,-144.872,-142.44,39.0,41.0,26.0,12.0,13.0,9.0,6.0,8.0,8.0,7.0,10.0,23.0,25.0,354.0,297.0,204.0,241.0,233.0,283.0,264.0,311.0,287.0,275.0,281.0,208.0,209.0,371.0,236.0,193.0,202.0,267.0,432.0,479.0,522.0,509.0,418.0,301.0,252.0,256.0,224.0,223.0,195.0,165.0,163.0,176.0,150.0,43.0,67.0,50.0,36.0,48.0,232.0,49.0,31.0,58.0,72.0,63.0,104.0,86.0,76.0,38.0,45.0,59.0,35.0,68.0,52.0,53.0,51.0,53.0,50.0,52.0,47.0,52.0,51.0,50.0,51.0,49.0,52.0
93,148.0,245.0,179.0,161.0,200.0,191.0,254.0,239.0,257.0,251.0,231.0,161.0,171.54700000000005,640.0,534.0,690.0,721.0,751.0,715.0,938.0,747.0,843.0,883.0,740.0,744.0,741.645,250.0,378.0,360.0,244.0,225.0,219.0,222.0,194.0,225.0,241.0,228.0,226.0,239.693,-133.84,-263.576,-449.048,-298.752,-179.72000000000003,-288.328,168.46800000000002,291.216,318.54400000000004,316.096,259.22,-8.285360000000011,169.99516,49.0,78.0,84.0,73.0,71.0,68.0,74.0,62.0,78.0,79.0,61.0,61.0,56.341,136.0,142.0,142.0,135.0,120.0,105.0,101.0,91.0,102.0,104.0,97.0,103.0,105.222,-142.44,-158.736,-208.552,-232.66,-178.048,-143.884,30.712000000000003,124.512,202.064,214.752,124.06000000000002,-51.30312,-1.4148800000000108,25.0,39.0,41.0,26.0,12.0,13.0,9.0,6.0,8.0,8.0,7.0,10.0,11.242,209.0,354.0,297.0,204.0,241.0,233.0,283.0,264.0,311.0,287.0,275.0,281.0,250.956,256.0,371.0,236.0,193.0,202.0,267.0,432.0,479.0,522.0,509.0,418.0,301.0,290.38100000000003,232.0,224.0,223.0,195.0,165.0,163.0,176.0,150.0,43.0,67.0,50.0,36.0,139.704,68.0,49.0,31.0,58.0,72.0,63.0,104.0,86.0,76.0,38.0,45.0,59.0,67.63799999999999,52.0,52.0,53.0,51.0,53.0,50.0,52.0,47.0,52.0,51.0,50.0,51.0,54.80499999999999
94,171.54700000000005,148.0,245.0,179.0,161.0,200.0,191.0,254.0,239.0,257.0,251.0,231.0,201.601,741.645,640.0,534.0,690.0,721.0,751.0,715.0,938.0,747.0,843.0,883.0,740.0,786.125,239.693,250.0,378.0,360.0,244.0,225.0,219.0,222.0,194.0,225.0,241.0,228.0,231.822,169.99516,-133.84,-263.576,-449.048,-298.752,-179.72000000000003,-288.328,168.46800000000002,291.216,318.54400000000004,316.096,259.22,379.144,56.341,49.0,78.0,84.0,73.0,71.0,68.0,74.0,62.0,78.0,79.0,61.0,59.6,105.222,136.0,142.0,142.0,135.0,120.0,105.0,101.0,91.0,102.0,104.0,97.0,95.59,-1.4148800000000108,-142.44,-158.736,-208.552,-232.66,-178.048,-143.884,30.712000000000003,124.512,202.064,214.752,124.06000000000002,141.64299999999997,11.242,25.0,39.0,41.0,26.0,12.0,13.0,9.0,6.0,8.0,8.0,7.0,7.429,250.956,209.0,354.0,297.0,204.0,241.0,233.0,283.0,264.0,311.0,287.0,275.0,272.6,290.38100000000003,256.0,371.0,236.0,193.0,202.0,267.0,432.0,479.0,522.0,509.0,418.0,317.906,139.704,232.0,224.0,223.0,195.0,165.0,163.0,176.0,150.0,43.0,67.0,50.0,134.13299999999998,67.63799999999999,68.0,49.0,31.0,58.0,72.0,63.0,104.0,86.0,76.0,38.0,45.0,74.529,54.80499999999999,52.0,52.0,53.0,51.0,53.0,50.0,52.0,47.0,52.0,51.0,50.0,50.977
95,201.601,171.54700000000005,148.0,245.0,179.0,161.0,200.0,191.0,254.0,239.0,257.0,251.0,167.959,786.125,741.645,640.0,534.0,690.0,721.0,751.0,715.0,938.0,747.0,843.0,883.0,823.8960000000001,231.822,239.693,250.0,378.0,360.0,244.0,225.0,219.0,222.0,194.0,225.0,241.0,237.785,379.144,169.99516,-133.84,-263.576,-449.048,-298.752,-179.72000000000003,-288.328,168.46800000000002,291.216,318.54400000000004,316.096,322.798,59.6,56.341,49.0,78.0,84.0,73.0,71.0,68.0,74.0,62.0,78.0,79.0,148.704,95.59,105.222,136.0,142.0,142.0,135.0,120.0,105.0,101.0,91.0,102.0,104.0,108.333,141.64299999999997,-1.4148800000000108,-142.44,-158.736,-208.552,-232.66,-178.048,-143.884,30.712000000000003,124.512,202.064,214.752,143.426,7.429,11.242,25.0,39.0,41.0,26.0,12.0,13.0,9.0,6.0,8.0,8.0,7.452,272.6,250.956,209.0,354.0,297.0,204.0,241.0,233.0,283.0,264.0,311.0,287.0,311.56,317.906,290.38100000000003,256.0,371.0,236.0,193.0,202.0,267.0,432.0,479.0,522.0,509.0,451.954,134.13299999999998,139.704,232.0,224.0,223.0,195.0,165.0,163.0,176.0,150.0,43.0,67.0,136.1,74.529,67.63799999999999,68.0,49.0,31.0,58.0,72.0,63.0,104.0,86.0,76.0,38.0,76.513,50.977,54.80499999999999,52.0,52.0,53.0,51.0,53.0,50.0,52.0,47.0,52.0,51.0,52.484
